{"type":"FeatureCollection","features":[{"geometry":{"coordinates":[[[-122.296544,47.731975],[-122.29652,47.733784],[-122.289753,47.733732],[-122.28956,47.726448],[-122.296406,47.726509],[-122.296427,47.727906],[-122.296493,47.729846],[-122.296527,47.730149],[-122.29655,47.730756],[-122.296544,47.731975]]],"type":"Polygon"},"properties":{"tract_name":"Census Tract 1.01, King, WA","geoid":"14000US53033000101","ses_index":48,"access_index":1,"kids_per_pitch":372,"median_income":69577,"poverty_rate":8.28,"kids_5_17":186,"facility_count":0,"nearest_facility_km":1.003,"data_year":"ACS 2023 5-year"},"type":"Feature"},{"geometry":{"coordinates":[[[-122.296406,47.726509],[-122.28956,47.726448],[-122.289753,47.733732],[-122.274397,47.733732],[-122.273588,47.726928],[-122.271923,47.720434],[-122.271223,47.718857],[-122.278037,47.71892],[-122.279475,47.719045],[-122.280192,47.719165],[-122.283218,47.719188],[-122.283383,47.719229],[-122.285929,47.719188],[-122.296315,47.719283],[-122.296406,47.726509]]],"type":"Polygon"},"properties":{"tract_name":"Census Tract 1.02, King, WA","geoid":"14000US53033000102","ses_index":46,"access_index":1,"kids_per_pitch":538,"median_income":89840,"poverty_rate":19.69,"kids_5_17":269,"facility_count":0,"nearest_facility_km":1.52,"data_year":"ACS 2023 5-year"},"type":"Feature"},{"geometry":{"coordinates":[[[-122.323579,47.721301],[-122.323517,47.731183],[-122.323589,47.734052],[-122.310048,47.733919],[-122.309965,47.726594],[-122.307278,47.726586],[-122.307276,47.722981],[-122.307327,47.722422],[-122.307275,47.721842],[-122.307273,47.719363],[-122.31268,47.719436],[-122.317002,47.71944],[-122.317681,47.719582],[-122.318135,47.719448],[-122.323593,47.719484],[-122.323579,47.721301]]],"type":"Polygon"},"properties":{"tract_name":"Census Tract 2.01, King, WA","geoid":"14000US53033000201","ses_index":49,"access_index":2,"kids_per_pitch":1146,"median_income":88833,"poverty_rate":14.91,"kids_5_17":573,"facility_count":0,"nearest_facility_km":0.728,"data_year":"ACS 2023 5-year"},"type":"Feature"},{"geometry":{"coordinates":[[[-122.310048,47.733919],[-122.29652,47.733784],[-122.29655,47.730756],[-122.296427,47.727906],[-122.296315,47.719283],[-122.307273,47.719363],[-122.307275,47.721842],[-122.307327,47.722422],[-122.307276,47.722981],[-122.307278,47.726586],[-122.309965,47.726594],[-122.310048,47.733919]]],"type":"Polygon"},"properties":{"tract_name":"Census Tract 2.02, King, WA","geoid":"14000US53033000202","ses_index":68,"access_index":11,"kids_per_pitch":544,"median_income":138472,"poverty_rate":5.79,"kids_5_17":544,"facility_count":1,"nearest_facility_km":0.252,"data_year":"ACS 2023 5-year"},"type":"Feature"},{"geometry":{"coordinates":[[[-122.345211,47.734127],[-122.334277,47.734135],[-122.323589,47.734052],[-122.323517,47.731183],[-122.323566,47.723093],[-122.324191,47.723473],[-122.325017,47.724065],[-122.326507,47.724961],[-122.334217,47.72867],[-122.345038,47.728676],[-122.34509,47.733362],[-122.345207,47.733832],[-122.345211,47.734127]]],"type":"Polygon"},"properties":{"tract_name":"Census Tract 3, King, WA","geoid":"14000US53033000300","ses_index":66,"access_index":29,"kids_per_pitch":122,"median_income":135536,"poverty_rate":6.81,"kids_5_17":365,"facility_count":3,"nearest_facility_km":0.502,"data_year":"ACS 2023 5-year"},"type":"Feature"},{"geometry":{"coordinates":[[[-122.360955,47.721447],[-122.360948,47.725075],[-122.355552,47.725048],[-122.355548,47.723232],[-122.344978,47.723237],[-122.34472,47.706544],[-122.350109,47.706503],[-122.350208,47.712332],[-122.360868,47.712361],[-122.360955,47.721447]]],"type":"Polygon"},"properties":{"tract_name":"Census Tract 4.02, King, WA","geoid":"14000US53033000402","ses_index":67,"access_index":2,"kids_per_pitch":894,"median_income":128310,"poverty_rate":3.15,"kids_5_17":447,"facility_count":0,"nearest_facility_km":0.828,"data_year":"ACS 2023 5-year"},"type":"Feature"},{"geometry":{"coordinates":[[[-122.360944,47.72734],[-122.360931,47.734139],[-122.355572,47.734129],[-122.355559,47.728739],[-122.352868,47.728678],[-122.352354,47.728632],[-122.351929,47.728544],[-122.35153,47.728412],[-122.351166,47.72824],[-122.350574,47.727855],[-122.35032,47.727782],[-122.347726,47.727768],[-122.347677,47.726909],[-122.34771,47.726376],[-122.348143,47.723217],[-122.355548,47.723232],[-122.355552,47.725048],[-122.360948,47.725075],[-122.360944,47.72734]]],"type":"Polygon"},"properties":{"tract_name":"Census Tract 4.03, King, WA","geoid":"14000US53033000403","ses_index":41,"access_index":17,"kids_per_pitch":227,"median_income":65469,"poverty_rate":17.2,"kids_5_17":227,"facility_count":1,"nearest_facility_km":0.477,"data_year":"ACS 2023 5-year"},"type":"Feature"},{"geometry":{"coordinates":[[[-122.355572,47.734129],[-122.345211,47.734127],[-122.345207,47.733832],[-122.34509,47.733362],[-122.344978,47.723237],[-122.348143,47.723217],[-122.34771,47.726376],[-122.347677,47.726909],[-122.347726,47.727768],[-122.35032,47.727782],[-122.350574,47.727855],[-122.351166,47.72824],[-122.35153,47.728412],[-122.351929,47.728544],[-122.352354,47.728632],[-122.352868,47.728678],[-122.355559,47.728739],[-122.355572,47.734129]]],"type":"Polygon"},"properties":{"tract_name":"Census Tract 4.04, King, WA","geoid":"14000US53033000404","ses_index":34,"access_index":3,"kids_per_pitch":1184,"median_income":45940,"poverty_rate":20.63,"kids_5_17":592,"facility_count":0,"nearest_facility_km":0.523,"data_year":"ACS 2023 5-year"},"type":"Feature"},{"geometry":{"coordinates":[[[-122.380683,47.718188],[-122.38074,47.722194],[-122.380182,47.724178],[-122.381268,47.734302],[-122.375049,47.734164],[-122.360931,47.734139],[-122.360959,47.719634],[-122.360817,47.708741],[-122.363374,47.708755],[-122.363631,47.708847],[-122.363686,47.709081],[-122.36362,47.709206],[-122.362969,47.709563],[-122.362794,47.709764],[-122.363722,47.70972],[-122.364579,47.709331],[-122.364841,47.709395],[-122.365352,47.710176],[-122.365044,47.710753],[-122.364796,47.711069],[-122.365022,47.711136],[-122.365764,47.711003],[-122.366163,47.711019],[-122.366741,47.711214],[-122.367703,47.711675],[-122.367971,47.711708],[-122.368516,47.711393],[-122.368836,47.711297],[-122.369925,47.711084],[-122.3704,47.711103],[-122.372243,47.711309],[-122.373784,47.711635],[-122.377416,47.711977],[-122.378362,47.712161],[-122.378717,47.712335],[-122.378776,47.712557],[-122.378569,47.71288],[-122.383667,47.71441],[-122.380683,47.718188]]],"type":"Polygon"},"properties":{"tract_name":"Census Tract 5, King, WA","geoid":"14000US53033000500","ses_index":85,"access_index":1,"kids_per_pitch":1320,"median_income":216471,"poverty_rate":9.52,"kids_5_17":660,"facility_count":0,"nearest_facility_km":1.921,"data_year":"ACS 2023 5-year"},"type":"Feature"},{"geometry":{"coordinates":[[[-122.334134,47.717122],[-122.328857,47.717084],[-122.328969,47.719522],[-122.32888,47.726114],[-122.326225,47.724805],[-122.325017,47.724065],[-122.324191,47.723473],[-122.323566,47.723093],[-122.323593,47.719484],[-122.318135,47.719448],[-122.317681,47.719582],[-122.317002,47.71944],[-122.31268,47.719436],[-122.312514,47.71468],[-122.312518,47.714408],[-122.312598,47.714167],[-122.312496,47.713977],[-122.312435,47.712165],[-122.327434,47.712253],[-122.328181,47.712312],[-122.328964,47.712261],[-122.334058,47.712289],[-122.334134,47.717122]]],"type":"Polygon"},"properties":{"tract_name":"Census Tract 6.01, King, WA","geoid":"14000US53033000601","ses_index":55,"access_index":29,"kids_per_pitch":126,"median_income":100341,"poverty_rate":10.14,"kids_5_17":378,"facility_count":3,"nearest_facility_km":0.37,"data_year":"ACS 2023 5-year"},"type":"Feature"},{"geometry":{"coordinates":[[[-122.345038,47.728676],[-122.334217,47.72867],[-122.32888,47.726114],[-122.328969,47.719522],[-122.328857,47.717084],[-122.334134,47.717122],[-122.333963,47.706848],[-122.339414,47.706899],[-122.344725,47.706866],[-122.344938,47.71957],[-122.345038,47.728676]]],"type":"Polygon"},"properties":{"tract_name":"Census Tract 6.02, King, WA","geoid":"14000US53033000602","ses_index":66,"access_index":2,"kids_per_pitch":966,"median_income":116544,"poverty_rate":0.29,"kids_5_17":483,"facility_count":0,"nearest_facility_km":0.744,"data_year":"ACS 2023 5-year"},"type":"Feature"},{"geometry":{"coordinates":[[[-122.31268,47.719436],[-122.301866,47.719314],[-122.290785,47.719252],[-122.291328,47.717808],[-122.291568,47.714662],[-122.291551,47.714498],[-122.29147,47.714272],[-122.290721,47.713065],[-122.290674,47.712911],[-122.290652,47.711958],[-122.312435,47.712165],[-122.312496,47.713977],[-122.312598,47.714167],[-122.312518,47.714408],[-122.312514,47.71468],[-122.31268,47.719436]]],"type":"Polygon"},"properties":{"tract_name":"Census Tract 7, King, WA","geoid":"14000US53033000700","ses_index":55,"access_index":2,"kids_per_pitch":586,"median_income":95431,"poverty_rate":7.37,"kids_5_17":293,"facility_count":0,"nearest_facility_km":0.738,"data_year":"ACS 2023 5-year"},"type":"Feature"},{"geometry":{"coordinates":[[[-122.291568,47.714662],[-122.291328,47.717808],[-122.290838,47.719055],[-122.290785,47.719252],[-122.286291,47.719214],[-122.285929,47.719188],[-122.284994,47.719203],[-122.284698,47.718709],[-122.284658,47.71859],[-122.284527,47.718417],[-122.282491,47.714968],[-122.282476,47.713747],[-122.278524,47.705434],[-122.278314,47.705077],[-122.278551,47.705012],[-122.279305,47.704943],[-122.279838,47.704863],[-122.280713,47.704677],[-122.280939,47.704663],[-122.290876,47.704783],[-122.290647,47.711865],[-122.290674,47.712911],[-122.290826,47.713278],[-122.29147,47.714272],[-122.291551,47.714498],[-122.291568,47.714662]]],"type":"Polygon"},"properties":{"tract_name":"Census Tract 8, King, WA","geoid":"14000US53033000800","ses_index":73,"access_index":2,"kids_per_pitch":662,"median_income":151528,"poverty_rate":3.41,"kids_5_17":331,"facility_count":0,"nearest_facility_km":0.585,"data_year":"ACS 2023 5-year"},"type":"Feature"},{"geometry":{"coordinates":[[[-122.284727,47.719217],[-122.280192,47.719165],[-122.279475,47.719045],[-122.278037,47.71892],[-122.271223,47.718857],[-122.269138,47.714124],[-122.265263,47.708068],[-122.260725,47.702264],[-122.255062,47.696866],[-122.258708,47.697694],[-122.271418,47.697345],[-122.271168,47.695906],[-122.273223,47.695844],[-122.274705,47.695904],[-122.275693,47.695854],[-122.276485,47.695894],[-122.277563,47.697243],[-122.277713,47.697559],[-122.277756,47.69779],[-122.277652,47.703881],[-122.277688,47.704124],[-122.277779,47.704362],[-122.278524,47.705434],[-122.282476,47.713747],[-122.282491,47.714968],[-122.284994,47.719203],[-122.284727,47.719217]]],"type":"Polygon"},"properties":{"tract_name":"Census Tract 9, King, WA","geoid":"14000US53033000900","ses_index":66,"access_index":1,"kids_per_pitch":504,"median_income":132083,"poverty_rate":6.12,"kids_5_17":252,"facility_count":0,"nearest_facility_km":1.297,"data_year":"ACS 2023 5-year"},"type":"Feature"},{"geometry":{"coordinates":[[[-122.302183,47.701625],[-122.301913,47.702071],[-122.301721,47.702552],[-122.30163,47.702974],[-122.301606,47.703282],[-122.301633,47.706699],[-122.301539,47.707619],[-122.301356,47.708424],[-122.301169,47.70899],[-122.300773,47.709882],[-122.299513,47.712042],[-122.293792,47.711968],[-122.290652,47.711958],[-122.290876,47.704783],[-122.290704,47.70112],[-122.302553,47.70117],[-122.302183,47.701625]]],"type":"Polygon"},"properties":{"tract_name":"Census Tract 10, King, WA","geoid":"14000US53033001000","ses_index":69,"access_index":41,"kids_per_pitch":84,"median_income":153214,"poverty_rate":9.4,"kids_5_17":336,"facility_count":4,"nearest_facility_km":0.52,"data_year":"ACS 2023 5-year"},"type":"Feature"},{"geometry":{"coordinates":[[[-122.312435,47.712165],[-122.299513,47.712042],[-122.300773,47.709882],[-122.301169,47.70899],[-122.301356,47.708424],[-122.301539,47.707619],[-122.301633,47.706699],[-122.301606,47.703282],[-122.30163,47.702974],[-122.301721,47.702552],[-122.301913,47.702071],[-122.302183,47.701625],[-122.303319,47.70027],[-122.309552,47.700319],[-122.309587,47.701227],[-122.312255,47.701248],[-122.312431,47.704882],[-122.312435,47.712165]]],"type":"Polygon"},"properties":{"tract_name":"Census Tract 11, King, WA","geoid":"14000US53033001100","ses_index":74,"access_index":1,"kids_per_pitch":712,"median_income":155156,"poverty_rate":2.92,"kids_5_17":356,"facility_count":0,"nearest_facility_km":0.899,"data_year":"ACS 2023 5-year"},"type":"Feature"},{"geometry":{"coordinates":[[[-122.334058,47.712289],[-122.328964,47.712261],[-122.328181,47.712312],[-122.327434,47.712253],[-122.31791,47.712198],[-122.317891,47.710947],[-122.317953,47.710178],[-122.317873,47.709788],[-122.317853,47.708559],[-122.323277,47.708592],[-122.32315,47.703139],[-122.328527,47.703178],[-122.328481,47.701362],[-122.328682,47.701356],[-122.329289,47.701432],[-122.330538,47.701445],[-122.330551,47.70319],[-122.333904,47.703218],[-122.334058,47.712289]]],"type":"Polygon"},"properties":{"tract_name":"Census Tract 12.01, King, WA","geoid":"14000US53033001201","ses_index":32,"access_index":2,"kids_per_pitch":306,"median_income":49342,"poverty_rate":24.62,"kids_5_17":153,"facility_count":0,"nearest_facility_km":0.821,"data_year":"ACS 2023 5-year"},"type":"Feature"},{"geometry":{"coordinates":[[[-122.323277,47.708592],[-122.317853,47.708559],[-122.317873,47.709788],[-122.317953,47.710178],[-122.317891,47.710947],[-122.31791,47.712198],[-122.312435,47.712165],[-122.312431,47.704882],[-122.312255,47.701248],[-122.323129,47.701323],[-122.323171,47.704954],[-122.323277,47.708592]]],"type":"Polygon"},"properties":{"tract_name":"Census Tract 12.02, King, WA","geoid":"14000US53033001202","ses_index":55,"access_index":2,"kids_per_pitch":722,"median_income":96125,"poverty_rate":8.95,"kids_5_17":361,"facility_count":0,"nearest_facility_km":0.636,"data_year":"ACS 2023 5-year"},"type":"Feature"},{"geometry":{"coordinates":[[[-122.350109,47.706503],[-122.34472,47.706544],[-122.344725,47.706866],[-122.339414,47.706899],[-122.333963,47.706848],[-122.333904,47.703218],[-122.333854,47.70311],[-122.333897,47.702926],[-122.334077,47.702611],[-122.334296,47.702395],[-122.33477,47.702022],[-122.334958,47.701775],[-122.335042,47.701523],[-122.335061,47.701214],[-122.334982,47.697769],[-122.338275,47.697784],[-122.339704,47.69776],[-122.340536,47.697819],[-122.340808,47.697793],[-122.341913,47.697797],[-122.341905,47.697071],[-122.344576,47.697084],[-122.344609,47.697807],[-122.349999,47.697822],[-122.350109,47.706503]]],"type":"Polygon"},"properties":{"tract_name":"Census Tract 13, King, WA","geoid":"14000US53033001300","ses_index":54,"access_index":1,"kids_per_pitch":438,"median_income":115208,"poverty_rate":16.89,"kids_5_17":219,"facility_count":0,"nearest_facility_km":1.622,"data_year":"ACS 2023 5-year"},"type":"Feature"},{"geometry":{"coordinates":[[[-122.384415,47.711364],[-122.383667,47.71441],[-122.378569,47.71288],[-122.378776,47.712557],[-122.378717,47.712335],[-122.378362,47.712161],[-122.377416,47.711977],[-122.373784,47.711635],[-122.372243,47.711309],[-122.3704,47.711103],[-122.369925,47.711084],[-122.368836,47.711297],[-122.368516,47.711393],[-122.367971,47.711708],[-122.367703,47.711675],[-122.366163,47.711019],[-122.365764,47.711003],[-122.365022,47.711136],[-122.364796,47.711069],[-122.365352,47.710176],[-122.364841,47.709395],[-122.364579,47.709331],[-122.363722,47.70972],[-122.362794,47.709764],[-122.362969,47.709563],[-122.36362,47.709206],[-122.363686,47.709081],[-122.363631,47.708847],[-122.363374,47.708755],[-122.360817,47.708741],[-122.360868,47.712361],[-122.350208,47.712332],[-122.350075,47.705066],[-122.355454,47.705082],[-122.374105,47.695617],[-122.374094,47.707504],[-122.375011,47.707684],[-122.375151,47.707859],[-122.375134,47.708041],[-122.374965,47.708232],[-122.374503,47.708371],[-122.371681,47.70819],[-122.370998,47.708301],[-122.370833,47.708379],[-122.370798,47.708489],[-122.36955,47.708786],[-122.380006,47.708811],[-122.380465,47.708953],[-122.381656,47.708951],[-122.382178,47.709104],[-122.389301,47.709043],[-122.384415,47.711364]]],"type":"Polygon"},"properties":{"tract_name":"Census Tract 14, King, WA","geoid":"14000US53033001400","ses_index":64,"access_index":1,"kids_per_pitch":1302,"median_income":133875,"poverty_rate":9.21,"kids_5_17":651,"facility_count":0,"nearest_facility_km":1.527,"data_year":"ACS 2023 5-year"},"type":"Feature"},{"geometry":{"coordinates":[[[-122.407053,47.699831],[-122.405446,47.701427],[-122.398596,47.703899],[-122.392827,47.706293],[-122.391995,47.701608],[-122.390049,47.701545],[-122.387557,47.701545],[-122.387599,47.690574],[-122.399687,47.690542],[-122.400103,47.691703],[-122.400713,47.692413],[-122.400851,47.692655],[-122.401017,47.693322],[-122.401868,47.694311],[-122.402373,47.695321],[-122.402608,47.69596],[-122.402608,47.696092],[-122.402524,47.69622],[-122.401976,47.696471],[-122.401556,47.696973],[-122.401956,47.697595],[-122.40161,47.697816],[-122.40903,47.697869],[-122.407053,47.699831]]],"type":"Polygon"},"properties":{"tract_name":"Census Tract 15, King, WA","geoid":"14000US53033001500","ses_index":83,"access_index":1,"kids_per_pitch":526,"median_income":193750,"poverty_rate":3.53,"kids_5_17":263,"facility_count":0,"nearest_facility_km":1.494,"data_year":"ACS 2023 5-year"},"type":"Feature"},{"geometry":{"coordinates":[[[-122.392176,47.706564],[-122.389301,47.709043],[-122.382178,47.709104],[-122.381656,47.708951],[-122.380465,47.708953],[-122.380006,47.708811],[-122.376722,47.70885],[-122.376722,47.708801],[-122.36955,47.708786],[-122.370798,47.708489],[-122.370833,47.708379],[-122.370998,47.708301],[-122.371917,47.708168],[-122.372393,47.708192],[-122.373443,47.708352],[-122.374503,47.708371],[-122.374753,47.708331],[-122.374965,47.708232],[-122.37516,47.707948],[-122.375108,47.707775],[-122.374904,47.707634],[-122.374094,47.707504],[-122.374104,47.690619],[-122.387599,47.690574],[-122.387557,47.701545],[-122.390049,47.701545],[-122.391995,47.701608],[-122.392827,47.706293],[-122.392176,47.706564]]],"type":"Polygon"},"properties":{"tract_name":"Census Tract 16, King, WA","geoid":"14000US53033001600","ses_index":94,"access_index":8,"kids_per_pitch":464,"median_income":236500,"poverty_rate":4.06,"kids_5_17":928,"facility_count":2,"nearest_facility_km":0.982,"data_year":"ACS 2023 5-year"},"type":"Feature"},{"geometry":{"coordinates":[[[-122.363347,47.694248],[-122.355341,47.694215],[-122.355454,47.705082],[-122.350075,47.705066],[-122.349923,47.693474],[-122.349913,47.690577],[-122.363322,47.690639],[-122.363347,47.694248]]],"type":"Polygon"},"properties":{"tract_name":"Census Tract 17.01, King, WA","geoid":"14000US53033001701","ses_index":64,"access_index":1,"kids_per_pitch":320,"median_income":134375,"poverty_rate":8.98,"kids_5_17":160,"facility_count":0,"nearest_facility_km":1.587,"data_year":"ACS 2023 5-year"},"type":"Feature"},{"geometry":{"coordinates":[[[-122.374105,47.695617],[-122.362079,47.701707],[-122.355454,47.705082],[-122.355341,47.694215],[-122.363347,47.694248],[-122.363322,47.690639],[-122.374104,47.690619],[-122.374105,47.695617]]],"type":"Polygon"},"properties":{"tract_name":"Census Tract 17.02, King, WA","geoid":"14000US53033001702","ses_index":63,"access_index":1,"kids_per_pitch":1004,"median_income":122105,"poverty_rate":5.73,"kids_5_17":502,"facility_count":0,"nearest_facility_km":0.922,"data_year":"ACS 2023 5-year"},"type":"Feature"},{"geometry":{"coordinates":[[[-122.349999,47.697822],[-122.344609,47.697807],[-122.344576,47.697084],[-122.341905,47.697071],[-122.341913,47.697797],[-122.340808,47.697793],[-122.340536,47.697819],[-122.339704,47.69776],[-122.338275,47.697784],[-122.334982,47.697769],[-122.334975,47.69595],[-122.333805,47.695945],[-122.333755,47.691141],[-122.333715,47.69103],[-122.33361,47.6909],[-122.333325,47.690662],[-122.333221,47.690519],[-122.335324,47.6905],[-122.349913,47.690577],[-122.349923,47.693474],[-122.349999,47.697822]]],"type":"Polygon"},"properties":{"tract_name":"Census Tract 18, King, WA","geoid":"14000US53033001800","ses_index":66,"access_index":1,"kids_per_pitch":506,"median_income":130855,"poverty_rate":4.88,"kids_5_17":253,"facility_count":0,"nearest_facility_km":1.91,"data_year":"ACS 2023 5-year"},"type":"Feature"},{"geometry":{"coordinates":[[[-122.33505,47.701394],[-122.335012,47.701641],[-122.334885,47.701891],[-122.334633,47.702143],[-122.334181,47.702499],[-122.333975,47.702771],[-122.333854,47.70311],[-122.333904,47.703218],[-122.330551,47.70319],[-122.330538,47.701445],[-122.329289,47.701432],[-122.328481,47.701362],[-122.328527,47.703178],[-122.32315,47.703139],[-122.323129,47.701323],[-122.317692,47.701286],[-122.317583,47.697653],[-122.317617,47.690367],[-122.328187,47.690431],[-122.328625,47.690466],[-122.328956,47.690446],[-122.328889,47.690246],[-122.329179,47.690387],[-122.329706,47.690503],[-122.331397,47.690553],[-122.333221,47.690519],[-122.333325,47.690662],[-122.33361,47.6909],[-122.333755,47.691141],[-122.333805,47.695945],[-122.334975,47.69595],[-122.33505,47.701394]]],"type":"Polygon"},"properties":{"tract_name":"Census Tract 19, King, WA","geoid":"14000US53033001900","ses_index":67,"access_index":1,"kids_per_pitch":980,"median_income":141494,"poverty_rate":7.59,"kids_5_17":490,"facility_count":0,"nearest_facility_km":1.907,"data_year":"ACS 2023 5-year"},"type":"Feature"},{"geometry":{"coordinates":[[[-122.317692,47.701286],[-122.309587,47.701227],[-122.309552,47.700319],[-122.303319,47.70027],[-122.305209,47.698018],[-122.305468,47.697567],[-122.3056,47.697241],[-122.305692,47.69689],[-122.305748,47.696392],[-122.305466,47.693309],[-122.305529,47.692788],[-122.305713,47.69234],[-122.305858,47.692113],[-122.306056,47.691871],[-122.306471,47.691501],[-122.308171,47.690311],[-122.313484,47.69034],[-122.313445,47.688516],[-122.317586,47.688549],[-122.317617,47.690367],[-122.317583,47.697653],[-122.317692,47.701286]]],"type":"Polygon"},"properties":{"tract_name":"Census Tract 20, King, WA","geoid":"14000US53033002000","ses_index":71,"access_index":1,"kids_per_pitch":868,"median_income":150219,"poverty_rate":4.68,"kids_5_17":434,"facility_count":0,"nearest_facility_km":0.911,"data_year":"ACS 2023 5-year"},"type":"Feature"},{"geometry":{"coordinates":[[[-122.308171,47.690311],[-122.306251,47.69168],[-122.305858,47.692113],[-122.305713,47.69234],[-122.305529,47.692788],[-122.305466,47.693309],[-122.305748,47.696392],[-122.305692,47.69689],[-122.3056,47.697241],[-122.305468,47.697567],[-122.305209,47.698018],[-122.302553,47.70117],[-122.290704,47.70112],[-122.290574,47.698346],[-122.290569,47.69599],[-122.290715,47.690201],[-122.297374,47.69024],[-122.297382,47.689424],[-122.301479,47.689449],[-122.301454,47.689688],[-122.301671,47.690266],[-122.308171,47.690311]]],"type":"Polygon"},"properties":{"tract_name":"Census Tract 21, King, WA","geoid":"14000US53033002100","ses_index":71,"access_index":15,"kids_per_pitch":276,"median_income":150529,"poverty_rate":5.76,"kids_5_17":552,"facility_count":2,"nearest_facility_km":0.37,"data_year":"ACS 2023 5-year"},"type":"Feature"},{"geometry":{"coordinates":[[[-122.290876,47.704783],[-122.280939,47.704663],[-122.278314,47.705077],[-122.277779,47.704362],[-122.277652,47.703881],[-122.277713,47.697559],[-122.277563,47.697243],[-122.276485,47.695894],[-122.273223,47.695844],[-122.271168,47.695906],[-122.271418,47.697345],[-122.258708,47.697694],[-122.255062,47.696866],[-122.25105,47.693615],[-122.246956,47.691202],[-122.243423,47.689524],[-122.249222,47.69022],[-122.267487,47.690315],[-122.266311,47.688965],[-122.265867,47.688309],[-122.264473,47.684754],[-122.265704,47.68465],[-122.265632,47.684083],[-122.265739,47.683955],[-122.266263,47.683761],[-122.26635,47.682934],[-122.26672,47.682951],[-122.26727,47.683703],[-122.268061,47.683897],[-122.269079,47.683877],[-122.269018,47.683023],[-122.279753,47.683035],[-122.27996,47.690159],[-122.290715,47.690201],[-122.290574,47.698346],[-122.290876,47.704783]]],"type":"Polygon"},"properties":{"tract_name":"Census Tract 22, King, WA","geoid":"14000US53033002200","ses_index":84,"access_index":1,"kids_per_pitch":1962,"median_income":196167,"poverty_rate":2.76,"kids_5_17":981,"facility_count":0,"nearest_facility_km":1.515,"data_year":"ACS 2023 5-year"},"type":"Feature"},{"geometry":{"coordinates":[[[-122.296024,47.690233],[-122.27996,47.690159],[-122.279753,47.683035],[-122.295887,47.683046],[-122.296045,47.688454],[-122.296024,47.690233]]],"type":"Polygon"},"properties":{"tract_name":"Census Tract 24, King, WA","geoid":"14000US53033002400","ses_index":81,"access_index":2,"kids_per_pitch":954,"median_income":176838,"poverty_rate":1.23,"kids_5_17":477,"facility_count":0,"nearest_facility_km":0.694,"data_year":"ACS 2023 5-year"},"type":"Feature"},{"geometry":{"coordinates":[[[-122.306855,47.690302],[-122.301671,47.690266],[-122.301454,47.689688],[-122.301479,47.689449],[-122.297382,47.689424],[-122.297374,47.69024],[-122.296024,47.690233],[-122.296045,47.688454],[-122.295887,47.683046],[-122.300759,47.683046],[-122.30062,47.677591],[-122.300653,47.675772],[-122.30652,47.675777],[-122.306568,47.675877],[-122.306855,47.690302]]],"type":"Polygon"},"properties":{"tract_name":"Census Tract 25, King, WA","geoid":"14000US53033002500","ses_index":80,"access_index":2,"kids_per_pitch":996,"median_income":178173,"poverty_rate":3.2,"kids_5_17":498,"facility_count":0,"nearest_facility_km":0.672,"data_year":"ACS 2023 5-year"},"type":"Feature"},{"geometry":{"coordinates":[[[-122.317586,47.688549],[-122.313445,47.688516],[-122.313484,47.69034],[-122.306855,47.690302],[-122.306611,47.677632],[-122.306568,47.675877],[-122.30652,47.675777],[-122.30668,47.675815],[-122.311931,47.675782],[-122.317365,47.675828],[-122.317586,47.688549]]],"type":"Polygon"},"properties":{"tract_name":"Census Tract 26, King, WA","geoid":"14000US53033002600","ses_index":82,"access_index":1,"kids_per_pitch":1694,"median_income":190750,"poverty_rate":4.93,"kids_5_17":847,"facility_count":0,"nearest_facility_km":1.248,"data_year":"ACS 2023 5-year"},"type":"Feature"},{"geometry":{"coordinates":[[[-122.344462,47.689833],[-122.344461,47.690561],[-122.335324,47.6905],[-122.331397,47.690553],[-122.329706,47.690503],[-122.329179,47.690387],[-122.328889,47.690246],[-122.328956,47.690446],[-122.328625,47.690466],[-122.328187,47.690431],[-122.317617,47.690367],[-122.317489,47.683061],[-122.318588,47.68307],[-122.320617,47.683213],[-122.320947,47.683396],[-122.322929,47.685071],[-122.322904,47.683157],[-122.328223,47.68319],[-122.3283,47.683239],[-122.329346,47.683251],[-122.329586,47.68264],[-122.330394,47.682716],[-122.33136,47.682635],[-122.332216,47.68264],[-122.332823,47.682753],[-122.333204,47.682886],[-122.333811,47.683234],[-122.335699,47.685085],[-122.33606,47.685344],[-122.336767,47.685611],[-122.337285,47.685666],[-122.337796,47.685648],[-122.3385,47.685451],[-122.339148,47.685075],[-122.339362,47.684752],[-122.340225,47.683116],[-122.340828,47.682556],[-122.341376,47.682256],[-122.341736,47.682116],[-122.343571,47.681672],[-122.344446,47.681237],[-122.344393,47.681493],[-122.344384,47.682815],[-122.344462,47.689833]]],"type":"Polygon"},"properties":{"tract_name":"Census Tract 27, King, WA","geoid":"14000US53033002700","ses_index":87,"access_index":2,"kids_per_pitch":1256,"median_income":212544,"poverty_rate":5.8,"kids_5_17":628,"facility_count":0,"nearest_facility_km":0.728,"data_year":"ACS 2023 5-year"},"type":"Feature"},{"geometry":{"coordinates":[[[-122.355311,47.680312],[-122.355303,47.690593],[-122.344461,47.690561],[-122.344464,47.689111],[-122.344418,47.68694],[-122.344432,47.684766],[-122.344384,47.682815],[-122.344393,47.681493],[-122.344446,47.681237],[-122.344511,47.681107],[-122.344617,47.680945],[-122.3449,47.680623],[-122.345113,47.68028],[-122.345237,47.679955],[-122.345305,47.679562],[-122.345459,47.679588],[-122.35261,47.679608],[-122.352608,47.679653],[-122.355323,47.679658],[-122.355311,47.680312]]],"type":"Polygon"},"properties":{"tract_name":"Census Tract 28, King, WA","geoid":"14000US53033002800","ses_index":68,"access_index":1,"kids_per_pitch":1124,"median_income":139955,"poverty_rate":5.03,"kids_5_17":562,"facility_count":0,"nearest_facility_km":1.475,"data_year":"ACS 2023 5-year"},"type":"Feature"},{"geometry":{"coordinates":[[[-122.366041,47.681777],[-122.365977,47.681932],[-122.365968,47.682522],[-122.365964,47.684937],[-122.366032,47.685102],[-122.366028,47.685464],[-122.365962,47.685618],[-122.365966,47.686522],[-122.36603,47.686635],[-122.36603,47.687176],[-122.365956,47.687299],[-122.365955,47.690222],[-122.365994,47.690654],[-122.355303,47.690593],[-122.355299,47.683287],[-122.355324,47.679557],[-122.366038,47.679551],[-122.366036,47.680002],[-122.365979,47.680134],[-122.365976,47.681291],[-122.366048,47.681445],[-122.366041,47.681777]]],"type":"Polygon"},"properties":{"tract_name":"Census Tract 29, King, WA","geoid":"14000US53033002900","ses_index":79,"access_index":1,"kids_per_pitch":1128,"median_income":175321,"poverty_rate":3.04,"kids_5_17":564,"facility_count":0,"nearest_facility_km":1.374,"data_year":"ACS 2023 5-year"},"type":"Feature"},{"geometry":{"coordinates":[[[-122.382179,47.690591],[-122.365994,47.690654],[-122.365955,47.690222],[-122.365956,47.687299],[-122.36603,47.687176],[-122.36603,47.686635],[-122.365966,47.686522],[-122.365962,47.685618],[-122.366028,47.685464],[-122.366032,47.685102],[-122.365964,47.684937],[-122.365968,47.682522],[-122.365977,47.681932],[-122.366041,47.681777],[-122.366048,47.681445],[-122.365976,47.681291],[-122.365979,47.680134],[-122.366036,47.680002],[-122.366038,47.679551],[-122.38106,47.679518],[-122.381062,47.679956],[-122.382145,47.679954],[-122.382179,47.690591]]],"type":"Polygon"},"properties":{"tract_name":"Census Tract 30, King, WA","geoid":"14000US53033003000","ses_index":80,"access_index":1,"kids_per_pitch":2184,"median_income":182500,"poverty_rate":4.59,"kids_5_17":1092,"facility_count":0,"nearest_facility_km":1.043,"data_year":"ACS 2023 5-year"},"type":"Feature"},{"geometry":{"coordinates":[[[-122.41069,47.688443],[-122.409955,47.689849],[-122.410088,47.694688],[-122.409222,47.69768],[-122.40903,47.697869],[-122.40161,47.697816],[-122.401956,47.697595],[-122.401556,47.696973],[-122.401976,47.696471],[-122.402524,47.69622],[-122.402608,47.696092],[-122.402608,47.69596],[-122.402373,47.695321],[-122.401868,47.694311],[-122.401017,47.693322],[-122.400851,47.692655],[-122.400713,47.692413],[-122.400103,47.691703],[-122.399687,47.690542],[-122.382179,47.690591],[-122.382145,47.679954],[-122.383228,47.679951],[-122.383226,47.679513],[-122.392977,47.679456],[-122.392977,47.679502],[-122.398386,47.679463],[-122.398385,47.679414],[-122.405082,47.679438],[-122.403308,47.682393],[-122.403049,47.683016],[-122.402877,47.68377],[-122.402684,47.686727],[-122.4111,47.686719],[-122.41069,47.688443]]],"type":"Polygon"},"properties":{"tract_name":"Census Tract 31, King, WA","geoid":"14000US53033003100","ses_index":82,"access_index":4,"kids_per_pitch":1168,"median_income":191625,"poverty_rate":4.34,"kids_5_17":1168,"facility_count":1,"nearest_facility_km":1.426,"data_year":"ACS 2023 5-year"},"type":"Feature"},{"geometry":{"coordinates":[[[-122.417545,47.680876],[-122.411631,47.686719],[-122.402684,47.686727],[-122.402877,47.68377],[-122.403049,47.683016],[-122.403308,47.682393],[-122.405082,47.679438],[-122.401082,47.679426],[-122.401104,47.677008],[-122.401047,47.677008],[-122.40111,47.671299],[-122.398332,47.67129],[-122.398331,47.670927],[-122.387589,47.670915],[-122.387571,47.668399],[-122.38764,47.667966],[-122.387632,47.667141],[-122.38744,47.66652],[-122.38744,47.66322],[-122.39122,47.663839],[-122.393982,47.664207],[-122.39718,47.665012],[-122.399223,47.665434],[-122.401642,47.666421],[-122.403623,47.666714],[-122.40435,47.667172],[-122.405335,47.668026],[-122.406027,47.669032],[-122.406716,47.670366],[-122.406673,47.670744],[-122.40804,47.671919],[-122.419548,47.678899],[-122.417545,47.680876]]],"type":"Polygon"},"properties":{"tract_name":"Census Tract 32.01, King, WA","geoid":"14000US53033003201","ses_index":66,"access_index":2,"kids_per_pitch":766,"median_income":131544,"poverty_rate":6.11,"kids_5_17":383,"facility_count":0,"nearest_facility_km":0.747,"data_year":"ACS 2023 5-year"},"type":"Feature"},{"geometry":{"coordinates":[[[-122.401106,47.671705],[-122.401047,47.677008],[-122.401104,47.677008],[-122.401082,47.679426],[-122.398385,47.679414],[-122.398386,47.679463],[-122.392977,47.679502],[-122.392977,47.679456],[-122.387544,47.679504],[-122.387537,47.676002],[-122.387586,47.675287],[-122.387589,47.670915],[-122.398331,47.670927],[-122.398332,47.67129],[-122.40111,47.671299],[-122.401106,47.671705]]],"type":"Polygon"},"properties":{"tract_name":"Census Tract 32.02, King, WA","geoid":"14000US53033003202","ses_index":80,"access_index":7,"kids_per_pitch":681,"median_income":175303,"poverty_rate":1.24,"kids_5_17":681,"facility_count":1,"nearest_facility_km":0.483,"data_year":"ACS 2023 5-year"},"type":"Feature"},{"geometry":{"coordinates":[[[-122.387588,47.673101],[-122.387586,47.675287],[-122.387537,47.676002],[-122.387544,47.679504],[-122.383226,47.679513],[-122.383228,47.679951],[-122.382145,47.679954],[-122.381062,47.679956],[-122.38106,47.679518],[-122.376771,47.679527],[-122.376767,47.676553],[-122.376749,47.676443],[-122.376815,47.676327],[-122.376843,47.676214],[-122.376839,47.675997],[-122.376117,47.675992],[-122.37612,47.675683],[-122.376221,47.675489],[-122.376213,47.672358],[-122.387588,47.672372],[-122.387588,47.673101]]],"type":"Polygon"},"properties":{"tract_name":"Census Tract 33.01, King, WA","geoid":"14000US53033003301","ses_index":65,"access_index":16,"kids_per_pitch":345,"median_income":131353,"poverty_rate":6.52,"kids_5_17":345,"facility_count":1,"nearest_facility_km":0.179,"data_year":"ACS 2023 5-year"},"type":"Feature"},{"geometry":{"coordinates":[[[-122.376843,47.676214],[-122.376815,47.676327],[-122.376749,47.676443],[-122.376767,47.676553],[-122.376771,47.679527],[-122.366038,47.679551],[-122.365979,47.679399],[-122.365957,47.676293],[-122.36602,47.676169],[-122.366169,47.672347],[-122.376213,47.672358],[-122.376221,47.675489],[-122.37612,47.675683],[-122.376117,47.675992],[-122.376839,47.675997],[-122.376843,47.676214]]],"type":"Polygon"},"properties":{"tract_name":"Census Tract 33.02, King, WA","geoid":"14000US53033003302","ses_index":67,"access_index":2,"kids_per_pitch":592,"median_income":153523,"poverty_rate":12.15,"kids_5_17":296,"facility_count":0,"nearest_facility_km":0.584,"data_year":"ACS 2023 5-year"},"type":"Feature"},{"geometry":{"coordinates":[[[-122.36618,47.669429],[-122.366169,47.672347],[-122.36602,47.676169],[-122.365957,47.676293],[-122.365979,47.679399],[-122.366038,47.679551],[-122.357426,47.679561],[-122.357467,47.672349],[-122.357721,47.672349],[-122.357718,47.670645],[-122.356538,47.670293],[-122.357133,47.669897],[-122.357086,47.669805],[-122.357087,47.668673],[-122.361851,47.668698],[-122.366179,47.668652],[-122.36618,47.669429]]],"type":"Polygon"},"properties":{"tract_name":"Census Tract 34, King, WA","geoid":"14000US53033003400","ses_index":82,"access_index":1,"kids_per_pitch":1064,"median_income":186058,"poverty_rate":2.07,"kids_5_17":532,"facility_count":0,"nearest_facility_km":1.536,"data_year":"ACS 2023 5-year"},"type":"Feature"},{"geometry":{"coordinates":[[[-122.357721,47.672349],[-122.357467,47.672349],[-122.357426,47.679561],[-122.355324,47.679557],[-122.355323,47.679658],[-122.352608,47.679653],[-122.35261,47.679608],[-122.345459,47.679588],[-122.345305,47.679562],[-122.345523,47.678051],[-122.345648,47.677608],[-122.345842,47.677287],[-122.346243,47.67684],[-122.346616,47.676254],[-122.346957,47.675438],[-122.347129,47.674651],[-122.347172,47.674028],[-122.347234,47.664991],[-122.349856,47.664996],[-122.350004,47.665039],[-122.353961,47.665039],[-122.354227,47.66516],[-122.35445,47.665022],[-122.354554,47.664995],[-122.355412,47.665004],[-122.355412,47.665037],[-122.357137,47.66503],[-122.357125,47.666184],[-122.357385,47.666356],[-122.357361,47.668674],[-122.357087,47.668673],[-122.357086,47.669805],[-122.357133,47.669897],[-122.356538,47.670293],[-122.357718,47.670645],[-122.357721,47.672349]]],"type":"Polygon"},"properties":{"tract_name":"Census Tract 35, King, WA","geoid":"14000US53033003500","ses_index":73,"access_index":2,"kids_per_pitch":1072,"median_income":151654,"poverty_rate":2.22,"kids_5_17":536,"facility_count":0,"nearest_facility_km":0.864,"data_year":"ACS 2023 5-year"},"type":"Feature"},{"geometry":{"coordinates":[[[-122.333554,47.672921],[-122.333534,47.675263],[-122.333067,47.675616],[-122.332686,47.675982],[-122.332568,47.676177],[-122.332171,47.677406],[-122.331978,47.677755],[-122.331649,47.678081],[-122.331161,47.678295],[-122.330814,47.678361],[-122.330496,47.678386],[-122.328279,47.678309],[-122.327513,47.678368],[-122.327179,47.678433],[-122.326838,47.678555],[-122.326594,47.678671],[-122.326266,47.678903],[-122.326103,47.678968],[-122.325696,47.679024],[-122.325593,47.679006],[-122.32499,47.678756],[-122.322332,47.67587],[-122.317365,47.675828],[-122.317365,47.672013],[-122.318783,47.672336],[-122.318872,47.672261],[-122.318995,47.672211],[-122.321326,47.672224],[-122.322107,47.67227],[-122.322288,47.672308],[-122.322372,47.672241],[-122.333559,47.672317],[-122.333554,47.672921]]],"type":"Polygon"},"properties":{"tract_name":"Census Tract 36.01, King, WA","geoid":"14000US53033003601","ses_index":55,"access_index":4,"kids_per_pitch":580,"median_income":111908,"poverty_rate":15.18,"kids_5_17":290,"facility_count":0,"nearest_facility_km":0.338,"data_year":"ACS 2023 5-year"},"type":"Feature"},{"geometry":{"coordinates":[[[-122.329437,47.683017],[-122.329346,47.683251],[-122.3283,47.683239],[-122.328223,47.68319],[-122.327091,47.68318],[-122.326857,47.683199],[-122.322904,47.683157],[-122.322929,47.685071],[-122.321574,47.683961],[-122.320947,47.683396],[-122.320764,47.683274],[-122.320617,47.683213],[-122.320201,47.683162],[-122.318588,47.68307],[-122.317489,47.683061],[-122.317365,47.675828],[-122.322332,47.67587],[-122.323913,47.677563],[-122.32499,47.678756],[-122.32538,47.678932],[-122.325696,47.679024],[-122.326103,47.678968],[-122.326266,47.678903],[-122.325945,47.679224],[-122.325713,47.679718],[-122.325748,47.680101],[-122.325827,47.680291],[-122.32594,47.680475],[-122.326132,47.680709],[-122.326441,47.681003],[-122.328259,47.682148],[-122.328774,47.68241],[-122.329059,47.682512],[-122.329586,47.68264],[-122.329437,47.683017]]],"type":"Polygon"},"properties":{"tract_name":"Census Tract 36.02, King, WA","geoid":"14000US53033003602","ses_index":58,"access_index":5,"kids_per_pitch":244,"median_income":110991,"poverty_rate":9.99,"kids_5_17":122,"facility_count":0,"nearest_facility_km":0.273,"data_year":"ACS 2023 5-year"},"type":"Feature"},{"geometry":{"coordinates":[[[-122.300759,47.683046],[-122.29048,47.683046],[-122.290275,47.675782],[-122.300653,47.675772],[-122.30062,47.677591],[-122.300759,47.683046]]],"type":"Polygon"},"properties":{"tract_name":"Census Tract 38, King, WA","geoid":"14000US53033003800","ses_index":79,"access_index":13,"kids_per_pitch":395,"median_income":183068,"poverty_rate":5.3,"kids_5_17":395,"facility_count":1,"nearest_facility_km":0.262,"data_year":"ACS 2023 5-year"},"type":"Feature"},{"geometry":{"coordinates":[[[-122.29048,47.683046],[-122.274385,47.68303],[-122.274215,47.675911],[-122.274253,47.675815],[-122.274333,47.675771],[-122.290275,47.675782],[-122.29048,47.683046]]],"type":"Polygon"},"properties":{"tract_name":"Census Tract 39, King, WA","geoid":"14000US53033003900","ses_index":92,"access_index":11,"kids_per_pitch":741,"median_income":226159,"poverty_rate":2.42,"kids_5_17":741,"facility_count":1,"nearest_facility_km":0.191,"data_year":"ACS 2023 5-year"},"type":"Feature"},{"geometry":{"coordinates":[[[-122.275832,47.675774],[-122.274333,47.675771],[-122.274215,47.675911],[-122.274385,47.68303],[-122.269018,47.683023],[-122.269079,47.683877],[-122.268061,47.683897],[-122.26727,47.683703],[-122.26672,47.682951],[-122.26635,47.682934],[-122.266263,47.683761],[-122.265739,47.683955],[-122.265632,47.684083],[-122.265704,47.68465],[-122.264473,47.684754],[-122.265578,47.687726],[-122.265867,47.688309],[-122.266311,47.688965],[-122.267487,47.690315],[-122.249222,47.69022],[-122.243423,47.689524],[-122.236308,47.686224],[-122.233657,47.684762],[-122.232807,47.684085],[-122.232066,47.683353],[-122.231443,47.682572],[-122.230944,47.681752],[-122.230575,47.680901],[-122.23034,47.680029],[-122.229983,47.677172],[-122.229681,47.668681],[-122.229725,47.667777],[-122.229908,47.666881],[-122.230229,47.666003],[-122.230684,47.665152],[-122.231924,47.663757],[-122.249941,47.673054],[-122.252256,47.674153],[-122.253405,47.674493],[-122.253986,47.674473],[-122.254847,47.673528],[-122.258151,47.673472],[-122.258185,47.675799],[-122.264483,47.675724],[-122.272256,47.67576],[-122.274133,47.675397],[-122.274359,47.675243],[-122.274485,47.674967],[-122.274819,47.674862],[-122.275261,47.674877],[-122.275476,47.674971],[-122.275589,47.675455],[-122.275832,47.675774]]],"type":"Polygon"},"properties":{"tract_name":"Census Tract 40, King, WA","geoid":"14000US53033004000","ses_index":55,"access_index":36,"kids_per_pitch":111,"median_income":120850,"poverty_rate":17.38,"kids_5_17":663,"facility_count":6,"nearest_facility_km":0.146,"data_year":"ACS 2023 5-year"},"type":"Feature"},{"geometry":{"coordinates":[[[-122.292849,47.661222],[-122.288981,47.661118],[-122.287609,47.661275],[-122.286673,47.661563],[-122.286135,47.661834],[-122.285607,47.662227],[-122.284775,47.663025],[-122.284756,47.661264],[-122.274666,47.661279],[-122.27472,47.664891],[-122.266028,47.664899],[-122.264038,47.663602],[-122.239443,47.658764],[-122.245926,47.656132],[-122.249553,47.654244],[-122.25103,47.653346],[-122.253351,47.651413],[-122.255292,47.649384],[-122.256908,47.647229],[-122.259841,47.647176],[-122.286736,47.64752],[-122.286636,47.65452],[-122.286456,47.656887],[-122.286686,47.657568],[-122.28671,47.658468],[-122.290265,47.658473],[-122.29053,47.658531],[-122.291346,47.659397],[-122.292849,47.661222]]],"type":"Polygon"},"properties":{"tract_name":"Census Tract 41.01, King, WA","geoid":"14000US53033004101","ses_index":97,"access_index":6,"kids_per_pitch":708,"median_income":250001,"poverty_rate":5.33,"kids_5_17":708,"facility_count":1,"nearest_facility_km":0.755,"data_year":"ACS 2023 5-year"},"type":"Feature"},{"geometry":{"coordinates":[[[-122.284775,47.663025],[-122.2845,47.663207],[-122.279647,47.667798],[-122.278811,47.66816],[-122.277961,47.668313],[-122.276963,47.668346],[-122.274595,47.66821],[-122.273783,47.668347],[-122.273042,47.66861],[-122.271798,47.6694],[-122.263957,47.674976],[-122.263801,47.67513],[-122.263547,47.675767],[-122.263207,47.67578],[-122.258185,47.675799],[-122.258151,47.673472],[-122.254847,47.673528],[-122.253986,47.674473],[-122.253405,47.674493],[-122.252256,47.674153],[-122.249941,47.673054],[-122.231924,47.663757],[-122.233939,47.661951],[-122.235832,47.660633],[-122.237918,47.659456],[-122.239443,47.658764],[-122.264038,47.663602],[-122.266028,47.664899],[-122.27472,47.664891],[-122.274666,47.661279],[-122.284756,47.661264],[-122.284775,47.663025]]],"type":"Polygon"},"properties":{"tract_name":"Census Tract 41.02, King, WA","geoid":"14000US53033004102","ses_index":96,"access_index":2,"kids_per_pitch":1478,"median_income":240648,"poverty_rate":2.29,"kids_5_17":739,"facility_count":0,"nearest_facility_km":0.793,"data_year":"ACS 2023 5-year"},"type":"Feature"},{"geometry":{"coordinates":[[[-122.286166,47.665162],[-122.285979,47.666062],[-122.285885,47.6663],[-122.285648,47.666698],[-122.285722,47.666848],[-122.285831,47.675783],[-122.275832,47.675774],[-122.275589,47.675455],[-122.275559,47.675095],[-122.275476,47.674971],[-122.275261,47.674877],[-122.274819,47.674862],[-122.274619,47.674892],[-122.274485,47.674967],[-122.274416,47.675055],[-122.274359,47.675243],[-122.274258,47.675343],[-122.274133,47.675397],[-122.272256,47.67576],[-122.264483,47.675724],[-122.263547,47.675767],[-122.263801,47.67513],[-122.263957,47.674976],[-122.267014,47.672836],[-122.271798,47.6694],[-122.272727,47.668773],[-122.273042,47.66861],[-122.273783,47.668347],[-122.274595,47.66821],[-122.27525,47.668205],[-122.276963,47.668346],[-122.277961,47.668313],[-122.278811,47.66816],[-122.279229,47.668015],[-122.279647,47.667798],[-122.279916,47.667611],[-122.2845,47.663207],[-122.284775,47.663025],[-122.28479,47.664893],[-122.286249,47.664914],[-122.286166,47.665162]]],"type":"Polygon"},"properties":{"tract_name":"Census Tract 42.01, King, WA","geoid":"14000US53033004201","ses_index":83,"access_index":2,"kids_per_pitch":1348,"median_income":195208,"poverty_rate":4.4,"kids_5_17":674,"facility_count":0,"nearest_facility_km":0.758,"data_year":"ACS 2023 5-year"},"type":"Feature"},{"geometry":{"coordinates":[[[-122.296433,47.675776],[-122.285831,47.675783],[-122.285722,47.666848],[-122.285648,47.666698],[-122.285885,47.6663],[-122.285979,47.666062],[-122.286166,47.665162],[-122.286249,47.664914],[-122.28479,47.664893],[-122.284775,47.663025],[-122.285824,47.662042],[-122.28639,47.6617],[-122.287182,47.661372],[-122.287964,47.66121],[-122.288486,47.661139],[-122.289223,47.661121],[-122.292849,47.661222],[-122.293575,47.662117],[-122.295256,47.663453],[-122.295546,47.663743],[-122.295608,47.663933],[-122.295621,47.664881],[-122.295718,47.66515],[-122.29581,47.665261],[-122.295672,47.665339],[-122.295638,47.665419],[-122.295641,47.668517],[-122.296203,47.668518],[-122.296229,47.67215],[-122.296419,47.67215],[-122.296433,47.675776]]],"type":"Polygon"},"properties":{"tract_name":"Census Tract 42.02, King, WA","geoid":"14000US53033004202","ses_index":84,"access_index":1,"kids_per_pitch":1194,"median_income":190450,"poverty_rate":1.64,"kids_5_17":597,"facility_count":0,"nearest_facility_km":1.261,"data_year":"ACS 2023 5-year"},"type":"Feature"},{"geometry":{"coordinates":[[[-122.30652,47.675777],[-122.296433,47.675776],[-122.296419,47.67215],[-122.296229,47.67215],[-122.296203,47.668518],[-122.295641,47.668517],[-122.295638,47.665419],[-122.295672,47.665339],[-122.29581,47.665261],[-122.295718,47.66515],[-122.295621,47.664881],[-122.295589,47.663841],[-122.295468,47.663651],[-122.295256,47.663453],[-122.293575,47.662117],[-122.292849,47.661222],[-122.296667,47.661207],[-122.296829,47.661249],[-122.297436,47.661273],[-122.300912,47.661247],[-122.300889,47.663264],[-122.300913,47.664405],[-122.300874,47.664735],[-122.300627,47.665676],[-122.300603,47.665922],[-122.30062,47.668524],[-122.3015,47.668484],[-122.303391,47.668024],[-122.303767,47.66797],[-122.306489,47.668004],[-122.30652,47.675777]]],"type":"Polygon"},"properties":{"tract_name":"Census Tract 43.01, King, WA","geoid":"14000US53033004301","ses_index":56,"access_index":1,"kids_per_pitch":748,"median_income":119464,"poverty_rate":16.23,"kids_5_17":374,"facility_count":0,"nearest_facility_km":1.205,"data_year":"ACS 2023 5-year"},"type":"Feature"},{"geometry":{"coordinates":[[[-122.306529,47.661323],[-122.306489,47.668004],[-122.303767,47.66797],[-122.303391,47.668024],[-122.301729,47.66844],[-122.3015,47.668484],[-122.301155,47.668522],[-122.30062,47.668524],[-122.300603,47.665922],[-122.300627,47.665676],[-122.300874,47.664735],[-122.300913,47.664405],[-122.300889,47.663264],[-122.300908,47.663075],[-122.300912,47.661247],[-122.302508,47.661251],[-122.304627,47.661195],[-122.305475,47.661254],[-122.30653,47.661255],[-122.306529,47.661323]]],"type":"Polygon"},"properties":{"tract_name":"Census Tract 43.02, King, WA","geoid":"14000US53033004302","ses_index":19,"access_index":1,"kids_per_pitch":130,"median_income":38984,"poverty_rate":39.88,"kids_5_17":65,"facility_count":0,"nearest_facility_km":1.07,"data_year":"ACS 2023 5-year"},"type":"Feature"},{"geometry":{"coordinates":[[[-122.317365,47.672267],[-122.317365,47.675828],[-122.311931,47.675782],[-122.30668,47.675815],[-122.30652,47.675777],[-122.306485,47.668531],[-122.306508,47.664852],[-122.311939,47.664891],[-122.311883,47.668517],[-122.311898,47.670741],[-122.312031,47.67075],[-122.317365,47.672013],[-122.317365,47.672267]]],"type":"Polygon"},"properties":{"tract_name":"Census Tract 44.01, King, WA","geoid":"14000US53033004401","ses_index":54,"access_index":1,"kids_per_pitch":518,"median_income":120521,"poverty_rate":19.82,"kids_5_17":259,"facility_count":0,"nearest_facility_km":1.447,"data_year":"ACS 2023 5-year"},"type":"Feature"},{"geometry":{"coordinates":[[[-122.317389,47.666435],[-122.317365,47.668575],[-122.317365,47.672013],[-122.312031,47.67075],[-122.311898,47.670741],[-122.311883,47.668517],[-122.311939,47.664891],[-122.317405,47.664936],[-122.317389,47.666435]]],"type":"Polygon"},"properties":{"tract_name":"Census Tract 44.02, King, WA","geoid":"14000US53033004402","ses_index":27,"access_index":1,"kids_per_pitch":288,"median_income":53852,"poverty_rate":33.72,"kids_5_17":144,"facility_count":0,"nearest_facility_km":1.533,"data_year":"ACS 2023 5-year"},"type":"Feature"},{"geometry":{"coordinates":[[[-122.329541,47.667902],[-122.328267,47.667903],[-122.328214,47.67228],[-122.322372,47.672241],[-122.322288,47.672308],[-122.322107,47.67227],[-122.321326,47.672224],[-122.318995,47.672211],[-122.318872,47.672261],[-122.318783,47.672336],[-122.317365,47.672013],[-122.317365,47.668575],[-122.317405,47.664936],[-122.328269,47.665001],[-122.328296,47.666006],[-122.329541,47.667902]]],"type":"Polygon"},"properties":{"tract_name":"Census Tract 45, King, WA","geoid":"14000US53033004500","ses_index":76,"access_index":1,"kids_per_pitch":568,"median_income":191336,"poverty_rate":13.55,"kids_5_17":284,"facility_count":0,"nearest_facility_km":1.063,"data_year":"ACS 2023 5-year"},"type":"Feature"},{"geometry":{"coordinates":[[[-122.347233,47.665104],[-122.347172,47.674028],[-122.347129,47.674651],[-122.346957,47.675438],[-122.346616,47.676254],[-122.346243,47.67684],[-122.345842,47.677287],[-122.345648,47.677608],[-122.345523,47.678051],[-122.345185,47.680114],[-122.3449,47.680623],[-122.344617,47.680945],[-122.344446,47.681237],[-122.344298,47.681344],[-122.343571,47.681672],[-122.341736,47.682116],[-122.341084,47.6824],[-122.340599,47.682729],[-122.340225,47.683116],[-122.340056,47.683373],[-122.339362,47.684752],[-122.33909,47.68513],[-122.3385,47.685451],[-122.337796,47.685648],[-122.337019,47.685649],[-122.33648,47.685529],[-122.33606,47.685344],[-122.335699,47.685085],[-122.334015,47.683407],[-122.333548,47.683058],[-122.333204,47.682886],[-122.332823,47.682753],[-122.332216,47.68264],[-122.33136,47.682635],[-122.330394,47.682716],[-122.329586,47.68264],[-122.329059,47.682512],[-122.328259,47.682148],[-122.326441,47.681003],[-122.32594,47.680475],[-122.325748,47.680101],[-122.325713,47.679718],[-122.325945,47.679224],[-122.32644,47.678767],[-122.326838,47.678555],[-122.327179,47.678433],[-122.327849,47.678329],[-122.330814,47.678361],[-122.331161,47.678295],[-122.331649,47.678081],[-122.332095,47.677569],[-122.332568,47.676177],[-122.332686,47.675982],[-122.333534,47.675263],[-122.333559,47.672317],[-122.328214,47.67228],[-122.328267,47.667903],[-122.329541,47.667902],[-122.328296,47.666006],[-122.328269,47.665001],[-122.346065,47.665043],[-122.346154,47.664993],[-122.347234,47.664991],[-122.347233,47.665104]]],"type":"Polygon"},"properties":{"tract_name":"Census Tract 46, King, WA","geoid":"14000US53033004600","ses_index":74,"access_index":56,"kids_per_pitch":59,"median_income":164550,"poverty_rate":6.3,"kids_5_17":475,"facility_count":8,"nearest_facility_km":0.605,"data_year":"ACS 2023 5-year"},"type":"Feature"},{"geometry":{"coordinates":[[[-122.38764,47.667966],[-122.387571,47.668399],[-122.387588,47.672372],[-122.382124,47.672366],[-122.382131,47.668674],[-122.378886,47.668669],[-122.378887,47.662412],[-122.376224,47.661592],[-122.376224,47.659353],[-122.380401,47.660075],[-122.38744,47.66322],[-122.38744,47.66652],[-122.387632,47.667141],[-122.38764,47.667966]]],"type":"Polygon"},"properties":{"tract_name":"Census Tract 47.01, King, WA","geoid":"14000US53033004701","ses_index":55,"access_index":1,"kids_per_pitch":122,"median_income":102708,"poverty_rate":10.85,"kids_5_17":61,"facility_count":0,"nearest_facility_km":0.935,"data_year":"ACS 2023 5-year"},"type":"Feature"},{"geometry":{"coordinates":[[[-122.382125,47.669449],[-122.382124,47.672366],[-122.373486,47.672357],[-122.373499,47.670168],[-122.373489,47.66865],[-122.382131,47.668674],[-122.382125,47.669449]]],"type":"Polygon"},"properties":{"tract_name":"Census Tract 47.02, King, WA","geoid":"14000US53033004702","ses_index":58,"access_index":1,"kids_per_pitch":106,"median_income":118622,"poverty_rate":12.55,"kids_5_17":53,"facility_count":0,"nearest_facility_km":0.907,"data_year":"ACS 2023 5-year"},"type":"Feature"},{"geometry":{"coordinates":[[[-122.378892,47.664396],[-122.378886,47.668669],[-122.373489,47.66865],[-122.373486,47.672357],[-122.366169,47.672347],[-122.366197,47.662191],[-122.366158,47.660794],[-122.366205,47.660686],[-122.366317,47.660592],[-122.362769,47.656934],[-122.365623,47.656911],[-122.365981,47.656856],[-122.366082,47.656743],[-122.366107,47.655788],[-122.367339,47.65642],[-122.370557,47.657796],[-122.371714,47.658141],[-122.376224,47.659353],[-122.376224,47.661592],[-122.378887,47.662412],[-122.378892,47.664396]]],"type":"Polygon"},"properties":{"tract_name":"Census Tract 47.03, King, WA","geoid":"14000US53033004703","ses_index":78,"access_index":1,"kids_per_pitch":828,"median_income":166921,"poverty_rate":1.85,"kids_5_17":414,"facility_count":0,"nearest_facility_km":1.712,"data_year":"ACS 2023 5-year"},"type":"Feature"},{"geometry":{"coordinates":[[[-122.366205,47.660686],[-122.366158,47.660794],[-122.366197,47.662191],[-122.366179,47.668652],[-122.361851,47.668698],[-122.357361,47.668674],[-122.357385,47.666356],[-122.357125,47.666184],[-122.357137,47.66503],[-122.355412,47.665037],[-122.35546,47.657764],[-122.35555,47.652486],[-122.354477,47.652244],[-122.354485,47.650467],[-122.354517,47.65019],[-122.354463,47.649932],[-122.360539,47.65292],[-122.366107,47.655788],[-122.366082,47.656743],[-122.365981,47.656856],[-122.365623,47.656911],[-122.362769,47.656934],[-122.366317,47.660592],[-122.366205,47.660686]]],"type":"Polygon"},"properties":{"tract_name":"Census Tract 48, King, WA","geoid":"14000US53033004800","ses_index":76,"access_index":1,"kids_per_pitch":806,"median_income":167266,"poverty_rate":4.38,"kids_5_17":403,"facility_count":0,"nearest_facility_km":1.526,"data_year":"ACS 2023 5-year"},"type":"Feature"},{"geometry":{"coordinates":[[[-122.355457,47.658962],[-122.355412,47.665004],[-122.354554,47.664995],[-122.35445,47.665022],[-122.354227,47.66516],[-122.35407,47.665074],[-122.353961,47.665039],[-122.350004,47.665039],[-122.349856,47.664996],[-122.347234,47.664991],[-122.34727,47.66218],[-122.347269,47.658666],[-122.347249,47.657739],[-122.349984,47.657754],[-122.349982,47.657716],[-122.352575,47.657723],[-122.352817,47.657757],[-122.35546,47.657764],[-122.355457,47.658962]]],"type":"Polygon"},"properties":{"tract_name":"Census Tract 49.01, King, WA","geoid":"14000US53033004901","ses_index":64,"access_index":1,"kids_per_pitch":324,"median_income":123156,"poverty_rate":5.1,"kids_5_17":162,"facility_count":0,"nearest_facility_km":1,"data_year":"ACS 2023 5-year"},"type":"Feature"},{"geometry":{"coordinates":[[[-122.35555,47.652559],[-122.35546,47.657764],[-122.352817,47.657757],[-122.352575,47.657723],[-122.349982,47.657716],[-122.349984,47.657754],[-122.347249,47.657739],[-122.347248,47.650942],[-122.347404,47.649055],[-122.347474,47.646893],[-122.349748,47.647814],[-122.354463,47.649932],[-122.354517,47.65019],[-122.354485,47.650467],[-122.354477,47.652244],[-122.35555,47.652486],[-122.35555,47.652559]]],"type":"Polygon"},"properties":{"tract_name":"Census Tract 49.02, King, WA","geoid":"14000US53033004902","ses_index":60,"access_index":1,"kids_per_pitch":370,"median_income":121726,"poverty_rate":10.59,"kids_5_17":185,"facility_count":0,"nearest_facility_km":1.005,"data_year":"ACS 2023 5-year"},"type":"Feature"},{"geometry":{"coordinates":[[[-122.347272,47.660921],[-122.347234,47.664991],[-122.346154,47.664993],[-122.346065,47.665043],[-122.344559,47.665023],[-122.336411,47.665033],[-122.336443,47.661384],[-122.336185,47.661384],[-122.336243,47.656815],[-122.342369,47.656846],[-122.342379,47.656642],[-122.347249,47.656655],[-122.347272,47.660921]]],"type":"Polygon"},"properties":{"tract_name":"Census Tract 50, King, WA","geoid":"14000US53033005000","ses_index":61,"access_index":2,"kids_per_pitch":1250,"median_income":116467,"poverty_rate":7.24,"kids_5_17":625,"facility_count":0,"nearest_facility_km":0.652,"data_year":"ACS 2023 5-year"},"type":"Feature"},{"geometry":{"coordinates":[[[-122.336428,47.662125],[-122.336411,47.665033],[-122.328269,47.665001],[-122.328254,47.662413],[-122.328317,47.657782],[-122.328162,47.657706],[-122.327848,47.657705],[-122.327904,47.65365],[-122.329085,47.652452],[-122.32973,47.651936],[-122.336309,47.651977],[-122.336185,47.661384],[-122.336443,47.661384],[-122.336428,47.662125]]],"type":"Polygon"},"properties":{"tract_name":"Census Tract 51, King, WA","geoid":"14000US53033005100","ses_index":73,"access_index":1,"kids_per_pitch":1056,"median_income":161506,"poverty_rate":5.85,"kids_5_17":528,"facility_count":0,"nearest_facility_km":1.166,"data_year":"ACS 2023 5-year"},"type":"Feature"},{"geometry":{"coordinates":[[[-122.328298,47.659038],[-122.328253,47.662607],[-122.328269,47.665001],[-122.317405,47.664936],[-122.317468,47.66168],[-122.317532,47.661445],[-122.31764,47.661297],[-122.322161,47.66133],[-122.32244,47.657888],[-122.322376,47.652929],[-122.326537,47.65032],[-122.32697,47.649902],[-122.326856,47.652979],[-122.326835,47.65444],[-122.327495,47.654019],[-122.327904,47.65365],[-122.327848,47.657705],[-122.328162,47.657706],[-122.328317,47.657782],[-122.328298,47.659038]]],"type":"Polygon"},"properties":{"tract_name":"Census Tract 52.01, King, WA","geoid":"14000US53033005201","ses_index":53,"access_index":1,"kids_per_pitch":534,"median_income":100188,"poverty_rate":12.16,"kids_5_17":267,"facility_count":0,"nearest_facility_km":1.61,"data_year":"ACS 2023 5-year"},"type":"Feature"},{"geometry":{"coordinates":[[[-122.32244,47.657888],[-122.322381,47.658789],[-122.322161,47.66133],[-122.31764,47.661297],[-122.317709,47.661164],[-122.317836,47.6563],[-122.317893,47.656034],[-122.318221,47.655524],[-122.320292,47.652851],[-122.322227,47.653024],[-122.322376,47.652929],[-122.322373,47.653702],[-122.3224,47.654509],[-122.322388,47.655399],[-122.322412,47.655911],[-122.322405,47.6564],[-122.322445,47.657218],[-122.32244,47.657888]]],"type":"Polygon"},"properties":{"tract_name":"Census Tract 52.02, King, WA","geoid":"14000US53033005202","ses_index":29,"access_index":1,"kids_per_pitch":0,"median_income":49598,"poverty_rate":29.79,"kids_5_17":0,"facility_count":0,"nearest_facility_km":1.543,"data_year":"ACS 2023 5-year"},"type":"Feature"},{"geometry":{"coordinates":[[[-122.320292,47.652851],[-122.318339,47.655373],[-122.314994,47.655394],[-122.312087,47.655336],[-122.31195,47.660557],[-122.311983,47.661262],[-122.305475,47.661254],[-122.304627,47.661195],[-122.297436,47.661273],[-122.296667,47.661207],[-122.292849,47.661222],[-122.291346,47.659397],[-122.29053,47.658531],[-122.290265,47.658473],[-122.28671,47.658468],[-122.286686,47.657568],[-122.286616,47.657246],[-122.286456,47.656887],[-122.286636,47.65452],[-122.286736,47.64752],[-122.300813,47.647363],[-122.304566,47.647379],[-122.305172,47.647558],[-122.310437,47.64712],[-122.313037,47.64722],[-122.319939,47.652826],[-122.320292,47.652851]]],"type":"Polygon"},"properties":{"tract_name":"Census Tract 53.03, King, WA","geoid":"14000US53033005303","ses_index":17,"access_index":39,"kids_per_pitch":18,"median_income":37500,"poverty_rate":43.05,"kids_5_17":36,"facility_count":2,"nearest_facility_km":0.131,"data_year":"ACS 2023 5-year"},"type":"Feature"},{"geometry":{"coordinates":[[[-122.318339,47.655373],[-122.318221,47.655524],[-122.317893,47.656034],[-122.317836,47.6563],[-122.31782,47.656887],[-122.312055,47.656817],[-122.312087,47.655336],[-122.314443,47.655366],[-122.314575,47.65539],[-122.314994,47.655394],[-122.315119,47.655361],[-122.315616,47.655372],[-122.317837,47.655385],[-122.318339,47.655373]]],"type":"Polygon"},"properties":{"tract_name":"Census Tract 53.04, King, WA","geoid":"14000US53033005304","ses_index":9,"access_index":1,"kids_per_pitch":302,"median_income":17500,"poverty_rate":47.24,"kids_5_17":151,"facility_count":0,"nearest_facility_km":1.166,"data_year":"ACS 2023 5-year"},"type":"Feature"},{"geometry":{"coordinates":[[[-122.317804,47.657512],[-122.317709,47.661164],[-122.31764,47.661297],[-122.311983,47.661262],[-122.31195,47.660557],[-122.311985,47.659779],[-122.312055,47.656817],[-122.31782,47.656887],[-122.317804,47.657512]]],"type":"Polygon"},"properties":{"tract_name":"Census Tract 53.05, King, WA","geoid":"14000US53033005305","ses_index":2,"access_index":1,"kids_per_pitch":86,"median_income":24444,"poverty_rate":60.69,"kids_5_17":43,"facility_count":0,"nearest_facility_km":1.201,"data_year":"ACS 2023 5-year"},"type":"Feature"},{"geometry":{"coordinates":[[[-122.317532,47.661445],[-122.317491,47.66156],[-122.317468,47.66168],[-122.317425,47.663116],[-122.317405,47.664936],[-122.310803,47.664882],[-122.310859,47.661259],[-122.31764,47.661297],[-122.317532,47.661445]]],"type":"Polygon"},"properties":{"tract_name":"Census Tract 53.06, King, WA","geoid":"14000US53033005306","ses_index":17,"access_index":1,"kids_per_pitch":166,"median_income":43837,"poverty_rate":45.64,"kids_5_17":83,"facility_count":0,"nearest_facility_km":1.435,"data_year":"ACS 2023 5-year"},"type":"Feature"},{"geometry":{"coordinates":[[[-122.310831,47.663074],[-122.310803,47.664882],[-122.306508,47.664852],[-122.30653,47.661255],[-122.310859,47.661259],[-122.310831,47.663074]]],"type":"Polygon"},"properties":{"tract_name":"Census Tract 53.07, King, WA","geoid":"14000US53033005307","ses_index":12,"access_index":1,"kids_per_pitch":10,"median_income":42692,"poverty_rate":51.83,"kids_5_17":5,"facility_count":0,"nearest_facility_km":1.136,"data_year":"ACS 2023 5-year"},"type":"Feature"},{"geometry":{"coordinates":[[[-122.347461,47.647586],[-122.347404,47.649055],[-122.347248,47.650942],[-122.347254,47.652618],[-122.346459,47.652618],[-122.345965,47.652743],[-122.341349,47.652696],[-122.341375,47.650521],[-122.336325,47.6505],[-122.336309,47.651977],[-122.32973,47.651936],[-122.329085,47.652452],[-122.327495,47.654019],[-122.326835,47.65444],[-122.32697,47.649902],[-122.337538,47.63972],[-122.338338,47.63952],[-122.34704,47.646709],[-122.347474,47.646893],[-122.347461,47.647586]]],"type":"Polygon"},"properties":{"tract_name":"Census Tract 54.01, King, WA","geoid":"14000US53033005401","ses_index":68,"access_index":1,"kids_per_pitch":230,"median_income":146417,"poverty_rate":8,"kids_5_17":115,"facility_count":0,"nearest_facility_km":1.558,"data_year":"ACS 2023 5-year"},"type":"Feature"},{"geometry":{"coordinates":[[[-122.347249,47.656605],[-122.347249,47.656655],[-122.342379,47.656642],[-122.342369,47.656846],[-122.336243,47.656815],[-122.336325,47.6505],[-122.341375,47.650521],[-122.341349,47.652696],[-122.344001,47.652706],[-122.345965,47.652743],[-122.346289,47.65264],[-122.346459,47.652618],[-122.347254,47.652618],[-122.347249,47.656605]]],"type":"Polygon"},"properties":{"tract_name":"Census Tract 54.02, King, WA","geoid":"14000US53033005402","ses_index":60,"access_index":1,"kids_per_pitch":178,"median_income":115815,"poverty_rate":9.14,"kids_5_17":89,"facility_count":0,"nearest_facility_km":1.454,"data_year":"ACS 2023 5-year"},"type":"Feature"},{"geometry":{"coordinates":[[[-122.424389,47.649903],[-122.419673,47.65146],[-122.419684,47.654148],[-122.41785,47.654078],[-122.403577,47.65407],[-122.403619,47.646815],[-122.400928,47.646835],[-122.401001,47.639554],[-122.392999,47.639563],[-122.393007,47.639114],[-122.390374,47.63912],[-122.390395,47.635923],[-122.389664,47.635911],[-122.389725,47.635301],[-122.390244,47.634409],[-122.390287,47.63411],[-122.390205,47.633649],[-122.390247,47.632963],[-122.390322,47.632767],[-122.390845,47.632327],[-122.39125,47.632321],[-122.391238,47.631583],[-122.390059,47.631612],[-122.389964,47.631413],[-122.389662,47.631387],[-122.389488,47.627582],[-122.389747,47.626866],[-122.389747,47.625656],[-122.40602,47.629946],[-122.417644,47.636515],[-122.420519,47.639968],[-122.42176,47.641937],[-122.423018,47.64839],[-122.424389,47.649903]]],"type":"Polygon"},"properties":{"tract_name":"Census Tract 56, King, WA","geoid":"14000US53033005600","ses_index":97,"access_index":4,"kids_per_pitch":2402,"median_income":240137,"poverty_rate":1.36,"kids_5_17":1201,"facility_count":0,"nearest_facility_km":0.33,"data_year":"ACS 2023 5-year"},"type":"Feature"},{"geometry":{"coordinates":[[[-122.440106,47.664202],[-122.436979,47.665971],[-122.431234,47.667356],[-122.419548,47.678899],[-122.40804,47.671919],[-122.406673,47.670744],[-122.406716,47.670366],[-122.406027,47.669032],[-122.405335,47.668026],[-122.40435,47.667172],[-122.403623,47.666714],[-122.401642,47.666421],[-122.399223,47.665434],[-122.393982,47.664207],[-122.391047,47.66381],[-122.391031,47.661318],[-122.392007,47.661241],[-122.392775,47.660627],[-122.393621,47.66105],[-122.394344,47.661272],[-122.3961,47.661323],[-122.396135,47.659365],[-122.396436,47.658555],[-122.396584,47.658397],[-122.395845,47.656979],[-122.395661,47.656287],[-122.395561,47.653163],[-122.39288,47.65317],[-122.392902,47.648644],[-122.391563,47.648648],[-122.391715,47.64358],[-122.391617,47.64346],[-122.391651,47.641158],[-122.392981,47.641157],[-122.392999,47.639563],[-122.401001,47.639554],[-122.400928,47.646835],[-122.403619,47.646815],[-122.403577,47.65407],[-122.419684,47.654148],[-122.419673,47.65146],[-122.424389,47.649903],[-122.425431,47.651053],[-122.431917,47.655384],[-122.43873,47.657886],[-122.441231,47.660834],[-122.440106,47.664202]]],"type":"Polygon"},"properties":{"tract_name":"Census Tract 57, King, WA","geoid":"14000US53033005700","ses_index":80,"access_index":7,"kids_per_pitch":566,"median_income":185945,"poverty_rate":5.28,"kids_5_17":1131,"facility_count":2,"nearest_facility_km":1.493,"data_year":"ACS 2023 5-year"},"type":"Feature"},{"geometry":{"coordinates":[[[-122.396436,47.658555],[-122.396135,47.659365],[-122.3961,47.661323],[-122.394344,47.661272],[-122.393621,47.66105],[-122.392775,47.660627],[-122.392306,47.661055],[-122.392007,47.661241],[-122.391765,47.661311],[-122.391031,47.661318],[-122.391047,47.66381],[-122.38744,47.66322],[-122.380401,47.660075],[-122.376224,47.659353],[-122.37622,47.654875],[-122.376072,47.654276],[-122.37593,47.654134],[-122.375748,47.654174],[-122.375637,47.654306],[-122.375626,47.654575],[-122.375513,47.654794],[-122.375317,47.654959],[-122.374918,47.655163],[-122.374888,47.64847],[-122.385971,47.648448],[-122.38976,47.648488],[-122.390107,47.648669],[-122.39038,47.648711],[-122.391031,47.648647],[-122.392902,47.648644],[-122.39288,47.65317],[-122.395561,47.653163],[-122.395573,47.654068],[-122.395649,47.654068],[-122.395678,47.654887],[-122.395661,47.656287],[-122.395845,47.656979],[-122.39617,47.657688],[-122.396584,47.658397],[-122.396436,47.658555]]],"type":"Polygon"},"properties":{"tract_name":"Census Tract 58.01, King, WA","geoid":"14000US53033005801","ses_index":69,"access_index":1,"kids_per_pitch":1060,"median_income":143952,"poverty_rate":5.94,"kids_5_17":530,"facility_count":0,"nearest_facility_km":1.139,"data_year":"ACS 2023 5-year"},"type":"Feature"},{"geometry":{"coordinates":[[[-122.393,47.639508],[-122.392981,47.641157],[-122.391651,47.641158],[-122.391617,47.64346],[-122.391715,47.64358],[-122.391673,47.645761],[-122.391586,47.64581],[-122.391563,47.648648],[-122.391031,47.648647],[-122.390712,47.648703],[-122.390256,47.6487],[-122.389977,47.648622],[-122.38976,47.648488],[-122.387428,47.648491],[-122.385971,47.648448],[-122.382014,47.648459],[-122.382032,47.646435],[-122.382445,47.64578],[-122.383251,47.644758],[-122.383322,47.644758],[-122.383503,47.644409],[-122.385154,47.642153],[-122.383289,47.642154],[-122.383283,47.64201],[-122.383635,47.641926],[-122.384024,47.641883],[-122.384342,47.641776],[-122.384511,47.64164],[-122.384855,47.641106],[-122.38486,47.641035],[-122.384793,47.640904],[-122.384724,47.640842],[-122.38448,47.640752],[-122.384403,47.640645],[-122.384437,47.640534],[-122.384538,47.64043],[-122.384704,47.640395],[-122.384784,47.640324],[-122.384822,47.640128],[-122.384904,47.640016],[-122.38518,47.639786],[-122.38533,47.639586],[-122.385382,47.639418],[-122.385447,47.639163],[-122.385408,47.638862],[-122.385459,47.638681],[-122.385464,47.638492],[-122.385428,47.63841],[-122.385379,47.637127],[-122.385453,47.636758],[-122.385496,47.636687],[-122.386396,47.635948],[-122.386789,47.635953],[-122.388627,47.634236],[-122.388674,47.633258],[-122.388923,47.63314],[-122.389833,47.632541],[-122.390347,47.632382],[-122.390845,47.632327],[-122.390373,47.632695],[-122.390247,47.632963],[-122.390205,47.633649],[-122.390287,47.63411],[-122.390274,47.634265],[-122.39018,47.634538],[-122.389882,47.634991],[-122.389725,47.635301],[-122.389664,47.635911],[-122.390395,47.635923],[-122.390356,47.635982],[-122.390374,47.63912],[-122.393007,47.639114],[-122.393,47.639508]]],"type":"Polygon"},"properties":{"tract_name":"Census Tract 58.03, King, WA","geoid":"14000US53033005803","ses_index":71,"access_index":15,"kids_per_pitch":265,"median_income":172649,"poverty_rate":13.91,"kids_5_17":265,"facility_count":1,"nearest_facility_km":0.41,"data_year":"ACS 2023 5-year"},"type":"Feature"},{"geometry":{"coordinates":[[[-122.39125,47.632321],[-122.390624,47.632339],[-122.390006,47.632471],[-122.388674,47.633258],[-122.388627,47.634236],[-122.386789,47.635953],[-122.386396,47.635948],[-122.385453,47.636758],[-122.385379,47.637127],[-122.385464,47.638492],[-122.385382,47.639418],[-122.38518,47.639786],[-122.384822,47.640128],[-122.384784,47.640324],[-122.384538,47.64043],[-122.384403,47.640645],[-122.384793,47.640904],[-122.384855,47.641106],[-122.384511,47.64164],[-122.384342,47.641776],[-122.383283,47.64201],[-122.383289,47.642154],[-122.385154,47.642153],[-122.383503,47.644409],[-122.383322,47.644758],[-122.383251,47.644758],[-122.382445,47.64578],[-122.382032,47.646435],[-122.382014,47.648459],[-122.374888,47.64847],[-122.374879,47.646598],[-122.374795,47.646502],[-122.374778,47.641224],[-122.375017,47.641159],[-122.371621,47.636649],[-122.371657,47.635984],[-122.372673,47.635973],[-122.372778,47.635894],[-122.372734,47.634738],[-122.371669,47.634741],[-122.37171,47.632311],[-122.370409,47.632311],[-122.370412,47.63146],[-122.369031,47.630017],[-122.369041,47.628901],[-122.368954,47.628798],[-122.364529,47.627079],[-122.364544,47.625214],[-122.367403,47.62639],[-122.368058,47.626613],[-122.368402,47.626633],[-122.371091,47.628656],[-122.371976,47.628125],[-122.36389,47.622114],[-122.359324,47.618585],[-122.369576,47.618593],[-122.379856,47.62397],[-122.389747,47.625656],[-122.389747,47.626866],[-122.389488,47.627582],[-122.389662,47.631387],[-122.389964,47.631413],[-122.390059,47.631612],[-122.391238,47.631583],[-122.39125,47.632321]]],"type":"Polygon"},"properties":{"tract_name":"Census Tract 58.04, King, WA","geoid":"14000US53033005804","ses_index":57,"access_index":66,"kids_per_pitch":36,"median_income":104147,"poverty_rate":8.04,"kids_5_17":142,"facility_count":4,"nearest_facility_km":0.653,"data_year":"ACS 2023 5-year"},"type":"Feature"},{"geometry":{"coordinates":[[[-122.376225,47.655329],[-122.376224,47.659353],[-122.371714,47.658141],[-122.370557,47.657796],[-122.367339,47.65642],[-122.360539,47.65292],[-122.360539,47.65242],[-122.360874,47.651931],[-122.360846,47.65172],[-122.360874,47.651565],[-122.360897,47.646651],[-122.363467,47.646655],[-122.363484,47.646861],[-122.368102,47.646847],[-122.368107,47.648244],[-122.367534,47.648374],[-122.367313,47.648458],[-122.367148,47.648577],[-122.367057,47.648755],[-122.367087,47.648933],[-122.36719,47.649059],[-122.367529,47.649302],[-122.3676,47.649422],[-122.367616,47.649549],[-122.367477,47.650139],[-122.367464,47.650454],[-122.371528,47.650481],[-122.371528,47.650389],[-122.372282,47.650384],[-122.372312,47.650354],[-122.374895,47.650342],[-122.374918,47.655163],[-122.375443,47.654871],[-122.375607,47.654643],[-122.375637,47.654306],[-122.375798,47.654144],[-122.37593,47.654134],[-122.376072,47.654276],[-122.37622,47.654875],[-122.376225,47.655329]]],"type":"Polygon"},"properties":{"tract_name":"Census Tract 59.01, King, WA","geoid":"14000US53033005901","ses_index":69,"access_index":2,"kids_per_pitch":466,"median_income":150139,"poverty_rate":7.88,"kids_5_17":233,"facility_count":0,"nearest_facility_km":0.869,"data_year":"ACS 2023 5-year"},"type":"Feature"},{"geometry":{"coordinates":[[[-122.374909,47.64123],[-122.374778,47.641224],[-122.374795,47.646502],[-122.374879,47.646598],[-122.374895,47.650342],[-122.372312,47.650354],[-122.372282,47.650384],[-122.371528,47.650389],[-122.371528,47.650481],[-122.367464,47.650454],[-122.367477,47.650139],[-122.367616,47.649549],[-122.3676,47.649422],[-122.367529,47.649302],[-122.36719,47.649059],[-122.367087,47.648933],[-122.367057,47.648755],[-122.367148,47.648577],[-122.367313,47.648458],[-122.367534,47.648374],[-122.368107,47.648244],[-122.368102,47.646847],[-122.363484,47.646861],[-122.363467,47.646655],[-122.360897,47.646651],[-122.360932,47.639596],[-122.371572,47.639594],[-122.371579,47.640689],[-122.374615,47.640679],[-122.375017,47.641159],[-122.374909,47.64123]]],"type":"Polygon"},"properties":{"tract_name":"Census Tract 59.02, King, WA","geoid":"14000US53033005902","ses_index":77,"access_index":2,"kids_per_pitch":1028,"median_income":182389,"poverty_rate":8.08,"kids_5_17":514,"facility_count":0,"nearest_facility_km":0.672,"data_year":"ACS 2023 5-year"},"type":"Feature"},{"geometry":{"coordinates":[[[-122.36092,47.641429],[-122.360874,47.651565],[-122.360846,47.65172],[-122.360874,47.651931],[-122.360539,47.65242],[-122.360539,47.65292],[-122.354463,47.649932],[-122.349748,47.647814],[-122.34704,47.646709],[-122.338338,47.63952],[-122.338438,47.63802],[-122.340461,47.638062],[-122.340796,47.638012],[-122.341929,47.637996],[-122.343788,47.637489],[-122.344311,47.637425],[-122.345438,47.639079],[-122.345945,47.640006],[-122.350209,47.639942],[-122.355572,47.63995],[-122.355575,47.639593],[-122.360932,47.639596],[-122.36092,47.641429]]],"type":"Polygon"},"properties":{"tract_name":"Census Tract 60, King, WA","geoid":"14000US53033006000","ses_index":73,"access_index":7,"kids_per_pitch":595,"median_income":160049,"poverty_rate":5.32,"kids_5_17":595,"facility_count":1,"nearest_facility_km":0.684,"data_year":"ACS 2023 5-year"},"type":"Feature"},{"geometry":{"coordinates":[[[-122.332621,47.644458],[-122.326537,47.65032],[-122.322227,47.653024],[-122.319939,47.652826],[-122.313037,47.64722],[-122.310437,47.64712],[-122.310826,47.643929],[-122.310852,47.64316],[-122.310709,47.641021],[-122.310773,47.63956],[-122.313287,47.639569],[-122.313669,47.639678],[-122.313851,47.63982],[-122.314166,47.640317],[-122.314362,47.640523],[-122.315131,47.640797],[-122.315376,47.640932],[-122.315635,47.641555],[-122.315775,47.641695],[-122.316038,47.641811],[-122.31712,47.642064],[-122.317951,47.64257],[-122.317952,47.640849],[-122.316238,47.640859],[-122.316085,47.64082],[-122.316044,47.640738],[-122.316037,47.639557],[-122.322875,47.639539],[-122.322871,47.639717],[-122.323306,47.639726],[-122.329691,47.639759],[-122.337538,47.63972],[-122.332621,47.644458]]],"type":"Polygon"},"properties":{"tract_name":"Census Tract 61, King, WA","geoid":"14000US53033006100","ses_index":61,"access_index":3,"kids_per_pitch":1276,"median_income":133307,"poverty_rate":13.11,"kids_5_17":638,"facility_count":0,"nearest_facility_km":0.439,"data_year":"ACS 2023 5-year"},"type":"Feature"},{"geometry":{"coordinates":[[[-122.317951,47.641353],[-122.317951,47.64257],[-122.31712,47.642064],[-122.315775,47.641695],[-122.315635,47.641555],[-122.315376,47.640932],[-122.314362,47.640523],[-122.313851,47.63982],[-122.313669,47.639678],[-122.313287,47.639569],[-122.310773,47.63956],[-122.310709,47.641021],[-122.310852,47.64316],[-122.310826,47.643929],[-122.310437,47.64712],[-122.305172,47.647558],[-122.304566,47.647379],[-122.300813,47.647363],[-122.285036,47.64752],[-122.285076,47.644513],[-122.289704,47.644815],[-122.291661,47.644866],[-122.292101,47.644808],[-122.292548,47.644623],[-122.294373,47.643352],[-122.296047,47.6427],[-122.29656,47.642416],[-122.297179,47.64191],[-122.297667,47.641214],[-122.297737,47.64104],[-122.296772,47.640334],[-122.296558,47.640468],[-122.296135,47.640942],[-122.295477,47.641197],[-122.294932,47.64117],[-122.294538,47.640987],[-122.294313,47.640733],[-122.294684,47.64006],[-122.294782,47.639065],[-122.294636,47.638794],[-122.294005,47.638195],[-122.294582,47.63727],[-122.29438,47.636295],[-122.294877,47.635361],[-122.295103,47.634449],[-122.294557,47.633643],[-122.293983,47.633064],[-122.293208,47.632646],[-122.292967,47.632218],[-122.292988,47.632021],[-122.293322,47.631705],[-122.294127,47.631477],[-122.294523,47.631199],[-122.294608,47.631068],[-122.294617,47.630594],[-122.294274,47.630166],[-122.293995,47.629441],[-122.294087,47.628408],[-122.294003,47.628109],[-122.293383,47.627824],[-122.293187,47.627639],[-122.293019,47.62736],[-122.29289,47.626713],[-122.292477,47.626253],[-122.2925,47.625977],[-122.295119,47.624205],[-122.295531,47.624497],[-122.295529,47.625139],[-122.295276,47.625157],[-122.295091,47.62531],[-122.295096,47.626628],[-122.296349,47.627413],[-122.29694,47.62861],[-122.297125,47.628814],[-122.298813,47.629433],[-122.298954,47.62955],[-122.299039,47.629819],[-122.29899,47.631965],[-122.299077,47.632144],[-122.299428,47.632264],[-122.312498,47.632332],[-122.312483,47.633764],[-122.312552,47.634026],[-122.313213,47.634766],[-122.313582,47.635606],[-122.313612,47.637474],[-122.314687,47.638188],[-122.315214,47.638262],[-122.315252,47.639315],[-122.315624,47.639545],[-122.316037,47.639557],[-122.316085,47.64082],[-122.317952,47.640849],[-122.317951,47.641353]]],"type":"Polygon"},"properties":{"tract_name":"Census Tract 62, King, WA","geoid":"14000US53033006200","ses_index":97,"access_index":9,"kids_per_pitch":523,"median_income":250001,"poverty_rate":5.38,"kids_5_17":523,"facility_count":1,"nearest_facility_km":0.553,"data_year":"ACS 2023 5-year"},"type":"Feature"},{"geometry":{"coordinates":[[[-122.297667,47.641214],[-122.297179,47.64191],[-122.29656,47.642416],[-122.296047,47.6427],[-122.294373,47.643352],[-122.292548,47.644623],[-122.292101,47.644808],[-122.291661,47.644866],[-122.289704,47.644815],[-122.285076,47.644513],[-122.285036,47.64752],[-122.259841,47.647176],[-122.256908,47.647229],[-122.258182,47.644971],[-122.2591,47.642636],[-122.25937,47.641524],[-122.259622,47.640374],[-122.261091,47.628694],[-122.262238,47.624776],[-122.273794,47.625547],[-122.281009,47.626328],[-122.282548,47.625485],[-122.282632,47.625234],[-122.283101,47.624853],[-122.282856,47.625436],[-122.282851,47.626158],[-122.282259,47.626457],[-122.28291,47.627238],[-122.284042,47.626817],[-122.284438,47.626172],[-122.285634,47.62484],[-122.28567,47.624263],[-122.285556,47.623573],[-122.284678,47.622769],[-122.284622,47.622654],[-122.284698,47.622509],[-122.285516,47.622513],[-122.287939,47.623891],[-122.289658,47.624261],[-122.290511,47.624289],[-122.290693,47.624446],[-122.29074,47.62475],[-122.290903,47.62492],[-122.291797,47.625089],[-122.292273,47.625411],[-122.292458,47.625774],[-122.292477,47.626253],[-122.29289,47.626713],[-122.293019,47.62736],[-122.293187,47.627639],[-122.293383,47.627824],[-122.294003,47.628109],[-122.294087,47.628408],[-122.293995,47.629441],[-122.294274,47.630166],[-122.294617,47.630594],[-122.294608,47.631068],[-122.294523,47.631199],[-122.294127,47.631477],[-122.293322,47.631705],[-122.292956,47.63212],[-122.293208,47.632646],[-122.293983,47.633064],[-122.294664,47.633775],[-122.295103,47.634449],[-122.294877,47.635361],[-122.29438,47.636295],[-122.294582,47.63727],[-122.294005,47.638195],[-122.294636,47.638794],[-122.294782,47.639065],[-122.294684,47.64006],[-122.294313,47.640733],[-122.294538,47.640987],[-122.294932,47.64117],[-122.295477,47.641197],[-122.296135,47.640942],[-122.296772,47.640334],[-122.297737,47.64104],[-122.297667,47.641214]]],"type":"Polygon"},"properties":{"tract_name":"Census Tract 63, King, WA","geoid":"14000US53033006300","ses_index":92,"access_index":1,"kids_per_pitch":2226,"median_income":225464,"poverty_rate":2.17,"kids_5_17":1113,"facility_count":0,"nearest_facility_km":1.548,"data_year":"ACS 2023 5-year"},"type":"Feature"},{"geometry":{"coordinates":[[[-122.312581,47.626069],[-122.312498,47.632332],[-122.302295,47.632284],[-122.299275,47.632245],[-122.299077,47.632144],[-122.299007,47.632049],[-122.29899,47.631965],[-122.299039,47.629819],[-122.29901,47.629644],[-122.298954,47.62955],[-122.298813,47.629433],[-122.29732,47.628921],[-122.297125,47.628814],[-122.29694,47.62861],[-122.296744,47.628133],[-122.296349,47.627413],[-122.295117,47.626668],[-122.295052,47.626499],[-122.295091,47.62531],[-122.295181,47.625195],[-122.295276,47.625157],[-122.295529,47.625139],[-122.312592,47.625259],[-122.312581,47.626069]]],"type":"Polygon"},"properties":{"tract_name":"Census Tract 64, King, WA","geoid":"14000US53033006400","ses_index":93,"access_index":1,"kids_per_pitch":926,"median_income":232426,"poverty_rate":3.39,"kids_5_17":463,"facility_count":0,"nearest_facility_km":0.943,"data_year":"ACS 2023 5-year"},"type":"Feature"},{"geometry":{"coordinates":[[[-122.3266,47.626961],[-122.323533,47.627869],[-122.323518,47.628667],[-122.322369,47.628666],[-122.322339,47.6304],[-122.322276,47.630487],[-122.320211,47.630488],[-122.320194,47.632423],[-122.31996,47.632907],[-122.319935,47.633044],[-122.319936,47.633549],[-122.320105,47.634062],[-122.320098,47.635025],[-122.321152,47.635025],[-122.321118,47.635791],[-122.321153,47.635905],[-122.321337,47.636155],[-122.321396,47.636421],[-122.321358,47.637254],[-122.321354,47.639541],[-122.315696,47.639558],[-122.315463,47.639491],[-122.315333,47.639407],[-122.315206,47.639208],[-122.315214,47.638262],[-122.314908,47.638259],[-122.314687,47.638188],[-122.313612,47.637474],[-122.313588,47.637411],[-122.31361,47.635944],[-122.313582,47.635606],[-122.313507,47.635321],[-122.313213,47.634766],[-122.312552,47.634026],[-122.312483,47.633764],[-122.312609,47.624247],[-122.320944,47.624267],[-122.320934,47.624983],[-122.320895,47.625047],[-122.321028,47.625111],[-122.326605,47.625117],[-122.3266,47.626961]]],"type":"Polygon"},"properties":{"tract_name":"Census Tract 65, King, WA","geoid":"14000US53033006500","ses_index":78,"access_index":18,"kids_per_pitch":191,"median_income":173350,"poverty_rate":3.19,"kids_5_17":191,"facility_count":1,"nearest_facility_km":0.63,"data_year":"ACS 2023 5-year"},"type":"Feature"},{"geometry":{"coordinates":[[[-122.338487,47.625882],[-122.338339,47.626225],[-122.338137,47.62642],[-122.338038,47.62792],[-122.338438,47.63802],[-122.338338,47.63952],[-122.337538,47.63972],[-122.329691,47.639759],[-122.329411,47.639727],[-122.322871,47.639717],[-122.322875,47.639539],[-122.321354,47.639541],[-122.321358,47.637254],[-122.321396,47.636421],[-122.321337,47.636155],[-122.321153,47.635905],[-122.321118,47.635791],[-122.321152,47.635025],[-122.320098,47.635025],[-122.320105,47.634062],[-122.319936,47.633549],[-122.319935,47.633044],[-122.31996,47.632907],[-122.320194,47.632423],[-122.320211,47.630488],[-122.322276,47.630487],[-122.322339,47.6304],[-122.322369,47.628666],[-122.323518,47.628667],[-122.323533,47.627869],[-122.3266,47.626961],[-122.326605,47.625117],[-122.328675,47.625115],[-122.328675,47.625003],[-122.329153,47.625203],[-122.329788,47.62538],[-122.33019,47.625447],[-122.330656,47.625435],[-122.331903,47.625229],[-122.334063,47.624663],[-122.334336,47.624539],[-122.334352,47.625652],[-122.334539,47.625861],[-122.334788,47.625775],[-122.335142,47.625731],[-122.33859,47.625731],[-122.338487,47.625882]]],"type":"Polygon"},"properties":{"tract_name":"Census Tract 66, King, WA","geoid":"14000US53033006600","ses_index":62,"access_index":1,"kids_per_pitch":184,"median_income":120507,"poverty_rate":7.33,"kids_5_17":92,"facility_count":0,"nearest_facility_km":1.054,"data_year":"ACS 2023 5-year"},"type":"Feature"},{"geometry":{"coordinates":[[[-122.344016,47.637461],[-122.343788,47.637489],[-122.341929,47.637996],[-122.340796,47.638012],[-122.340461,47.638062],[-122.339438,47.63802],[-122.338438,47.63802],[-122.338038,47.62792],[-122.338137,47.62642],[-122.338339,47.626225],[-122.338487,47.625882],[-122.33859,47.625731],[-122.339624,47.627169],[-122.339884,47.627127],[-122.343485,47.627142],[-122.343423,47.631418],[-122.34339,47.635655],[-122.343461,47.636016],[-122.343631,47.636397],[-122.344311,47.637425],[-122.344016,47.637461]]],"type":"Polygon"},"properties":{"tract_name":"Census Tract 67.01, King, WA","geoid":"14000US53033006701","ses_index":65,"access_index":2,"kids_per_pitch":76,"median_income":129438,"poverty_rate":5.55,"kids_5_17":38,"facility_count":0,"nearest_facility_km":0.746,"data_year":"ACS 2023 5-year"},"type":"Feature"},{"geometry":{"coordinates":[[[-122.35017,47.626289],[-122.350142,47.629749],[-122.347531,47.629739],[-122.347295,47.629721],[-122.346447,47.62973],[-122.346225,47.629756],[-122.343601,47.629733],[-122.343443,47.629723],[-122.343485,47.627142],[-122.339884,47.627127],[-122.339624,47.627169],[-122.33859,47.625731],[-122.33888,47.625668],[-122.339737,47.625391],[-122.339875,47.625424],[-122.340939,47.625422],[-122.341145,47.625395],[-122.350176,47.625431],[-122.35017,47.626289]]],"type":"Polygon"},"properties":{"tract_name":"Census Tract 67.02, King, WA","geoid":"14000US53033006702","ses_index":64,"access_index":2,"kids_per_pitch":48,"median_income":131918,"poverty_rate":8.06,"kids_5_17":24,"facility_count":0,"nearest_facility_km":0.672,"data_year":"ACS 2023 5-year"},"type":"Feature"},{"geometry":{"coordinates":[[[-122.351327,47.631417],[-122.351319,47.632308],[-122.350791,47.632307],[-122.350699,47.639943],[-122.348284,47.639979],[-122.347179,47.639973],[-122.346359,47.640021],[-122.345945,47.640006],[-122.345743,47.639608],[-122.345438,47.639079],[-122.343772,47.636627],[-122.343631,47.636397],[-122.343461,47.636016],[-122.34339,47.635655],[-122.34338,47.635446],[-122.343443,47.629723],[-122.346225,47.629756],[-122.346447,47.62973],[-122.347295,47.629721],[-122.347531,47.629739],[-122.351336,47.629752],[-122.351327,47.631417]]],"type":"Polygon"},"properties":{"tract_name":"Census Tract 67.03, King, WA","geoid":"14000US53033006703","ses_index":66,"access_index":21,"kids_per_pitch":200,"median_income":129741,"poverty_rate":4.35,"kids_5_17":200,"facility_count":1,"nearest_facility_km":0.3,"data_year":"ACS 2023 5-year"},"type":"Feature"},{"geometry":{"coordinates":[[[-122.362352,47.633527],[-122.362274,47.639595],[-122.355575,47.639593],[-122.355572,47.63995],[-122.350699,47.639943],[-122.350791,47.632307],[-122.362367,47.632323],[-122.362352,47.633527]]],"type":"Polygon"},"properties":{"tract_name":"Census Tract 68, King, WA","geoid":"14000US53033006800","ses_index":72,"access_index":25,"kids_per_pitch":178,"median_income":153401,"poverty_rate":4.68,"kids_5_17":356,"facility_count":2,"nearest_facility_km":0.146,"data_year":"ACS 2023 5-year"},"type":"Feature"},{"geometry":{"coordinates":[[[-122.374366,47.640685],[-122.371579,47.640689],[-122.371572,47.639594],[-122.362274,47.639595],[-122.362367,47.632323],[-122.361801,47.632322],[-122.361815,47.62959],[-122.363121,47.629594],[-122.363158,47.628806],[-122.363217,47.628666],[-122.363219,47.626739],[-122.363807,47.626801],[-122.368833,47.628738],[-122.369013,47.628845],[-122.369041,47.628901],[-122.369031,47.630017],[-122.370412,47.63146],[-122.370409,47.632311],[-122.37171,47.632311],[-122.371669,47.634741],[-122.372734,47.634738],[-122.372773,47.634817],[-122.372778,47.635894],[-122.372673,47.635973],[-122.371657,47.635984],[-122.371621,47.636649],[-122.374615,47.640679],[-122.374366,47.640685]]],"type":"Polygon"},"properties":{"tract_name":"Census Tract 69, King, WA","geoid":"14000US53033006900","ses_index":80,"access_index":2,"kids_per_pitch":1730,"median_income":183421,"poverty_rate":4.71,"kids_5_17":865,"facility_count":0,"nearest_facility_km":0.661,"data_year":"ACS 2023 5-year"},"type":"Feature"},{"geometry":{"coordinates":[[[-122.364535,47.625792],[-122.364529,47.627079],[-122.363807,47.626801],[-122.363219,47.626739],[-122.363204,47.627837],[-122.363217,47.628666],[-122.363158,47.628806],[-122.363121,47.629594],[-122.361815,47.62959],[-122.361801,47.632322],[-122.357888,47.632316],[-122.357931,47.628717],[-122.357994,47.627722],[-122.357997,47.627194],[-122.356691,47.627191],[-122.356711,47.624581],[-122.363653,47.624613],[-122.363807,47.624648],[-122.363946,47.624719],[-122.364544,47.625214],[-122.364535,47.625792]]],"type":"Polygon"},"properties":{"tract_name":"Census Tract 70.01, King, WA","geoid":"14000US53033007001","ses_index":52,"access_index":2,"kids_per_pitch":96,"median_income":73946,"poverty_rate":3.8,"kids_5_17":48,"facility_count":0,"nearest_facility_km":0.862,"data_year":"ACS 2023 5-year"},"type":"Feature"},{"geometry":{"coordinates":[[[-122.357994,47.627722],[-122.357931,47.628717],[-122.357888,47.632316],[-122.351319,47.632308],[-122.351336,47.629752],[-122.350142,47.629749],[-122.350176,47.625431],[-122.351482,47.625436],[-122.351489,47.624568],[-122.356711,47.624581],[-122.356691,47.627191],[-122.357997,47.627194],[-122.357994,47.627722]]],"type":"Polygon"},"properties":{"tract_name":"Census Tract 70.02, King, WA","geoid":"14000US53033007002","ses_index":56,"access_index":2,"kids_per_pitch":142,"median_income":110327,"poverty_rate":12.93,"kids_5_17":71,"facility_count":0,"nearest_facility_km":0.665,"data_year":"ACS 2023 5-year"},"type":"Feature"},{"geometry":{"coordinates":[[[-122.358054,47.619778],[-122.358017,47.624586],[-122.347561,47.624549],[-122.347648,47.624442],[-122.347646,47.622165],[-122.347588,47.622063],[-122.347605,47.620714],[-122.350357,47.61858],[-122.357363,47.618608],[-122.358061,47.619021],[-122.358054,47.619778]]],"type":"Polygon"},"properties":{"tract_name":"Census Tract 71.01, King, WA","geoid":"14000US53033007101","ses_index":62,"access_index":21,"kids_per_pitch":63,"median_income":122365,"poverty_rate":8.31,"kids_5_17":63,"facility_count":1,"nearest_facility_km":0.26,"data_year":"ACS 2023 5-year"},"type":"Feature"},{"geometry":{"coordinates":[[[-122.371792,47.628231],[-122.371091,47.628656],[-122.369657,47.627536],[-122.368402,47.626633],[-122.368058,47.626613],[-122.367403,47.62639],[-122.366669,47.626068],[-122.364741,47.625328],[-122.364442,47.625141],[-122.363946,47.624719],[-122.363807,47.624648],[-122.363653,47.624613],[-122.363242,47.624606],[-122.358017,47.624586],[-122.358061,47.619021],[-122.357363,47.618608],[-122.358479,47.618615],[-122.359324,47.618585],[-122.360543,47.619568],[-122.362762,47.621221],[-122.36389,47.622114],[-122.369247,47.626073],[-122.371976,47.628125],[-122.371792,47.628231]]],"type":"Polygon"},"properties":{"tract_name":"Census Tract 71.02, King, WA","geoid":"14000US53033007102","ses_index":63,"access_index":1,"kids_per_pitch":0,"median_income":129181,"poverty_rate":9.2,"kids_5_17":0,"facility_count":0,"nearest_facility_km":1.139,"data_year":"ACS 2023 5-year"},"type":"Feature"},{"geometry":{"coordinates":[[[-122.351362,47.618585],[-122.34358,47.618553],[-122.343585,47.617867],[-122.343633,47.617535],[-122.342216,47.616696],[-122.344795,47.614703],[-122.351362,47.618585]]],"type":"Polygon"},"properties":{"tract_name":"Census Tract 72.01, King, WA","geoid":"14000US53033007201","ses_index":53,"access_index":2,"kids_per_pitch":0,"median_income":101737,"poverty_rate":13.14,"kids_5_17":0,"facility_count":0,"nearest_facility_km":0.666,"data_year":"ACS 2023 5-year"},"type":"Feature"},{"geometry":{"coordinates":[[[-122.344055,47.615276],[-122.342216,47.616696],[-122.343633,47.617535],[-122.343585,47.617867],[-122.34358,47.618553],[-122.338486,47.618532],[-122.338386,47.61795],[-122.337565,47.613945],[-122.337387,47.612965],[-122.337362,47.612679],[-122.339278,47.611871],[-122.339594,47.611627],[-122.344795,47.614703],[-122.344055,47.615276]]],"type":"Polygon"},"properties":{"tract_name":"Census Tract 72.02, King, WA","geoid":"14000US53033007202","ses_index":75,"access_index":1,"kids_per_pitch":222,"median_income":174706,"poverty_rate":8.66,"kids_5_17":111,"facility_count":0,"nearest_facility_km":1.061,"data_year":"ACS 2023 5-year"},"type":"Feature"},{"geometry":{"coordinates":[[[-122.351482,47.625436],[-122.341145,47.625395],[-122.340939,47.625422],[-122.339875,47.625424],[-122.339737,47.625391],[-122.33888,47.625668],[-122.33859,47.625731],[-122.338472,47.625514],[-122.338423,47.625227],[-122.338486,47.618532],[-122.350357,47.61858],[-122.347605,47.620714],[-122.347588,47.622063],[-122.347646,47.622165],[-122.347648,47.624442],[-122.347561,47.624549],[-122.351489,47.624568],[-122.351482,47.625436]]],"type":"Polygon"},"properties":{"tract_name":"Census Tract 72.03, King, WA","geoid":"14000US53033007203","ses_index":65,"access_index":3,"kids_per_pitch":102,"median_income":137007,"poverty_rate":8.88,"kids_5_17":51,"facility_count":0,"nearest_facility_km":0.437,"data_year":"ACS 2023 5-year"},"type":"Feature"},{"geometry":{"coordinates":[[[-122.334336,47.624391],[-122.334336,47.624539],[-122.334063,47.624663],[-122.33349,47.624791],[-122.333129,47.624907],[-122.331903,47.625229],[-122.331132,47.625368],[-122.330656,47.625435],[-122.330453,47.62545],[-122.33019,47.625447],[-122.329788,47.62538],[-122.329153,47.625203],[-122.328735,47.625042],[-122.328675,47.625003],[-122.328634,47.619434],[-122.328637,47.619064],[-122.328707,47.618467],[-122.329872,47.618432],[-122.330308,47.618452],[-122.330725,47.61849],[-122.331397,47.618506],[-122.332975,47.618511],[-122.333008,47.624267],[-122.333713,47.624265],[-122.334336,47.624391]]],"type":"Polygon"},"properties":{"tract_name":"Census Tract 73.01, King, WA","geoid":"14000US53033007301","ses_index":62,"access_index":1,"kids_per_pitch":0,"median_income":145125,"poverty_rate":17.52,"kids_5_17":0,"facility_count":0,"nearest_facility_km":1.395,"data_year":"ACS 2023 5-year"},"type":"Feature"},{"geometry":{"coordinates":[[[-122.338486,47.618532],[-122.335322,47.61852],[-122.333622,47.618532],[-122.333389,47.618513],[-122.330725,47.61849],[-122.329872,47.618432],[-122.328707,47.618467],[-122.328799,47.617811],[-122.328898,47.617311],[-122.329243,47.616092],[-122.330732,47.615448],[-122.337362,47.612679],[-122.337387,47.612965],[-122.337565,47.613945],[-122.338386,47.61795],[-122.338486,47.618532]]],"type":"Polygon"},"properties":{"tract_name":"Census Tract 73.02, King, WA","geoid":"14000US53033007302","ses_index":85,"access_index":1,"kids_per_pitch":42,"median_income":205021,"poverty_rate":5.31,"kids_5_17":21,"facility_count":0,"nearest_facility_km":1.384,"data_year":"ACS 2023 5-year"},"type":"Feature"},{"geometry":{"coordinates":[[[-122.33859,47.625731],[-122.338298,47.625752],[-122.335142,47.625731],[-122.334788,47.625775],[-122.334539,47.625861],[-122.334388,47.625722],[-122.334352,47.625652],[-122.334336,47.625544],[-122.334336,47.624391],[-122.333713,47.624265],[-122.333008,47.624267],[-122.332975,47.618511],[-122.333389,47.618513],[-122.333622,47.618532],[-122.335322,47.61852],[-122.338486,47.618532],[-122.338423,47.625227],[-122.338472,47.625514],[-122.33852,47.625624],[-122.33859,47.625731]]],"type":"Polygon"},"properties":{"tract_name":"Census Tract 73.03, King, WA","geoid":"14000US53033007303","ses_index":75,"access_index":1,"kids_per_pitch":80,"median_income":164819,"poverty_rate":4.4,"kids_5_17":40,"facility_count":0,"nearest_facility_km":1.071,"data_year":"ACS 2023 5-year"},"type":"Feature"},{"geometry":{"coordinates":[[[-122.325308,47.621984],[-122.324026,47.621988],[-122.324043,47.625116],[-122.321028,47.625111],[-122.320895,47.625047],[-122.320934,47.624983],[-122.320944,47.624267],[-122.320893,47.621074],[-122.323273,47.621056],[-122.323371,47.621038],[-122.323454,47.620998],[-122.323563,47.620905],[-122.323682,47.620854],[-122.323792,47.620837],[-122.325301,47.620832],[-122.325308,47.621984]]],"type":"Polygon"},"properties":{"tract_name":"Census Tract 74.03, King, WA","geoid":"14000US53033007403","ses_index":55,"access_index":1,"kids_per_pitch":0,"median_income":106846,"poverty_rate":12.19,"kids_5_17":0,"facility_count":0,"nearest_facility_km":1.31,"data_year":"ACS 2023 5-year"},"type":"Feature"},{"geometry":{"coordinates":[[[-122.328675,47.625003],[-122.328675,47.625115],[-122.324043,47.625116],[-122.324026,47.621988],[-122.325308,47.621984],[-122.325301,47.620832],[-122.327862,47.620825],[-122.328605,47.620812],[-122.328646,47.620303],[-122.328675,47.625003]]],"type":"Polygon"},"properties":{"tract_name":"Census Tract 74.04, King, WA","geoid":"14000US53033007404","ses_index":54,"access_index":1,"kids_per_pitch":16,"median_income":94458,"poverty_rate":8.54,"kids_5_17":8,"facility_count":0,"nearest_facility_km":1.602,"data_year":"ACS 2023 5-year"},"type":"Feature"},{"geometry":{"coordinates":[[[-122.326795,47.617087],[-122.32529,47.618894],[-122.325073,47.619095],[-122.324848,47.619261],[-122.324534,47.619446],[-122.324259,47.619573],[-122.324013,47.619664],[-122.323736,47.619747],[-122.323473,47.619807],[-122.323074,47.619867],[-122.322765,47.61989],[-122.320875,47.619906],[-122.320838,47.617569],[-122.32217,47.617561],[-122.32215,47.616392],[-122.32344,47.616392],[-122.323439,47.616342],[-122.326789,47.61634],[-122.326795,47.617087]]],"type":"Polygon"},"properties":{"tract_name":"Census Tract 74.05, King, WA","geoid":"14000US53033007405","ses_index":54,"access_index":1,"kids_per_pitch":0,"median_income":98750,"poverty_rate":10.25,"kids_5_17":0,"facility_count":0,"nearest_facility_km":1.333,"data_year":"ACS 2023 5-year"},"type":"Feature"},{"geometry":{"coordinates":[[[-122.329094,47.616619],[-122.328898,47.617311],[-122.328799,47.617811],[-122.328657,47.618823],[-122.328637,47.619064],[-122.328634,47.619434],[-122.328646,47.620303],[-122.328605,47.620812],[-122.323792,47.620837],[-122.323682,47.620854],[-122.323563,47.620905],[-122.323454,47.620998],[-122.323371,47.621038],[-122.323273,47.621056],[-122.320893,47.621074],[-122.320875,47.619906],[-122.322765,47.61989],[-122.323074,47.619867],[-122.323473,47.619807],[-122.323736,47.619747],[-122.324259,47.619573],[-122.324534,47.619446],[-122.324848,47.619261],[-122.325073,47.619095],[-122.32529,47.618894],[-122.326795,47.617087],[-122.327882,47.616632],[-122.328543,47.616389],[-122.329243,47.616092],[-122.329094,47.616619]]],"type":"Polygon"},"properties":{"tract_name":"Census Tract 74.06, King, WA","geoid":"14000US53033007406","ses_index":47,"access_index":1,"kids_per_pitch":0,"median_income":73788,"poverty_rate":11.5,"kids_5_17":0,"facility_count":0,"nearest_facility_km":1.463,"data_year":"ACS 2023 5-year"},"type":"Feature"},{"geometry":{"coordinates":[[[-122.320944,47.624267],[-122.312609,47.624247],[-122.312646,47.621945],[-122.312673,47.621133],[-122.312714,47.620501],[-122.312721,47.619965],[-122.320875,47.619906],[-122.320944,47.624267]]],"type":"Polygon"},"properties":{"tract_name":"Census Tract 75.01, King, WA","geoid":"14000US53033007501","ses_index":51,"access_index":2,"kids_per_pitch":406,"median_income":84977,"poverty_rate":9.79,"kids_5_17":203,"facility_count":0,"nearest_facility_km":0.759,"data_year":"ACS 2023 5-year"},"type":"Feature"},{"geometry":{"coordinates":[[[-122.320875,47.619906],[-122.312721,47.619965],[-122.312768,47.615285],[-122.3208,47.615234],[-122.320875,47.619906]]],"type":"Polygon"},"properties":{"tract_name":"Census Tract 75.02, King, WA","geoid":"14000US53033007502","ses_index":59,"access_index":1,"kids_per_pitch":190,"median_income":109471,"poverty_rate":6.89,"kids_5_17":95,"facility_count":0,"nearest_facility_km":0.945,"data_year":"ACS 2023 5-year"},"type":"Feature"},{"geometry":{"coordinates":[[[-122.3208,47.615234],[-122.312768,47.615285],[-122.312782,47.61291],[-122.316304,47.612909],[-122.316786,47.612891],[-122.317721,47.612435],[-122.320762,47.611167],[-122.320765,47.612964],[-122.3208,47.615234]]],"type":"Polygon"},"properties":{"tract_name":"Census Tract 75.03, King, WA","geoid":"14000US53033007503","ses_index":47,"access_index":2,"kids_per_pitch":0,"median_income":93182,"poverty_rate":18.74,"kids_5_17":0,"facility_count":0,"nearest_facility_km":0.69,"data_year":"ACS 2023 5-year"},"type":"Feature"},{"geometry":{"coordinates":[[[-122.312724,47.619662],[-122.312714,47.620501],[-122.312646,47.621945],[-122.312592,47.625259],[-122.302421,47.625198],[-122.302501,47.620205],[-122.302523,47.619325],[-122.302549,47.619169],[-122.304161,47.618085],[-122.304771,47.618496],[-122.312744,47.618519],[-122.312724,47.619662]]],"type":"Polygon"},"properties":{"tract_name":"Census Tract 76, King, WA","geoid":"14000US53033007600","ses_index":64,"access_index":17,"kids_per_pitch":328,"median_income":128182,"poverty_rate":7.6,"kids_5_17":328,"facility_count":1,"nearest_facility_km":0.171,"data_year":"ACS 2023 5-year"},"type":"Feature"},{"geometry":{"coordinates":[[[-122.30268,47.614153],[-122.302501,47.620205],[-122.302421,47.625198],[-122.295529,47.625139],[-122.295531,47.624497],[-122.295119,47.624205],[-122.2925,47.625977],[-122.292458,47.625774],[-122.292273,47.625411],[-122.292026,47.625194],[-122.291613,47.62503],[-122.291053,47.62495],[-122.291104,47.624884],[-122.291159,47.623639],[-122.291964,47.623653],[-122.291997,47.621322],[-122.292296,47.621324],[-122.292375,47.617601],[-122.29241,47.614098],[-122.292545,47.614099],[-122.29258,47.612929],[-122.295417,47.612954],[-122.302712,47.61294],[-122.30268,47.614153]]],"type":"Polygon"},"properties":{"tract_name":"Census Tract 77, King, WA","geoid":"14000US53033007700","ses_index":79,"access_index":2,"kids_per_pitch":1078,"median_income":182206,"poverty_rate":5.09,"kids_5_17":539,"facility_count":0,"nearest_facility_km":0.823,"data_year":"ACS 2023 5-year"},"type":"Feature"},{"geometry":{"coordinates":[[[-122.292674,47.603266],[-122.292582,47.607974],[-122.292641,47.610432],[-122.292545,47.614099],[-122.29241,47.614098],[-122.292296,47.621324],[-122.291997,47.621322],[-122.291964,47.623653],[-122.291159,47.623639],[-122.291053,47.62495],[-122.290779,47.624829],[-122.290693,47.624446],[-122.290511,47.624289],[-122.289658,47.624261],[-122.287939,47.623891],[-122.285516,47.622513],[-122.284698,47.622509],[-122.284622,47.622654],[-122.285002,47.62313],[-122.28546,47.623418],[-122.285556,47.623573],[-122.28567,47.624263],[-122.285574,47.624949],[-122.284438,47.626172],[-122.284042,47.626817],[-122.28291,47.627238],[-122.282259,47.626457],[-122.282851,47.626158],[-122.282856,47.625436],[-122.283101,47.624853],[-122.282632,47.625234],[-122.282548,47.625485],[-122.281009,47.626328],[-122.273794,47.625547],[-122.262238,47.624776],[-122.265147,47.601321],[-122.275916,47.60152],[-122.281211,47.60152],[-122.285316,47.60174],[-122.2877,47.601645],[-122.288123,47.601445],[-122.288235,47.601255],[-122.288103,47.601106],[-122.287687,47.601007],[-122.287637,47.600814],[-122.287757,47.600671],[-122.28819,47.600589],[-122.288424,47.600457],[-122.288419,47.599369],[-122.288621,47.599152],[-122.288934,47.599118],[-122.289601,47.599452],[-122.289695,47.599578],[-122.289466,47.600338],[-122.289572,47.600541],[-122.29031,47.60085],[-122.29133,47.600856],[-122.291302,47.601644],[-122.292519,47.601646],[-122.292503,47.60319],[-122.292675,47.60319],[-122.292674,47.603266]]],"type":"Polygon"},"properties":{"tract_name":"Census Tract 78, King, WA","geoid":"14000US53033007800","ses_index":85,"access_index":5,"kids_per_pitch":876,"median_income":205056,"poverty_rate":5.6,"kids_5_17":876,"facility_count":1,"nearest_facility_km":1.188,"data_year":"ACS 2023 5-year"},"type":"Feature"},{"geometry":{"coordinates":[[[-122.312809,47.611546],[-122.312782,47.61291],[-122.312744,47.618519],[-122.308833,47.618508],[-122.308863,47.61107],[-122.308872,47.610397],[-122.308892,47.610361],[-122.312833,47.610377],[-122.312809,47.611546]]],"type":"Polygon"},"properties":{"tract_name":"Census Tract 79.01, King, WA","geoid":"14000US53033007901","ses_index":47,"access_index":2,"kids_per_pitch":6,"median_income":75042,"poverty_rate":12.16,"kids_5_17":3,"facility_count":0,"nearest_facility_km":0.72,"data_year":"ACS 2023 5-year"},"type":"Feature"},{"geometry":{"coordinates":[[[-122.308872,47.610397],[-122.308833,47.618508],[-122.304771,47.618496],[-122.304161,47.618085],[-122.302549,47.619169],[-122.302746,47.611588],[-122.302763,47.610021],[-122.306307,47.610029],[-122.306302,47.61035],[-122.308892,47.610361],[-122.308872,47.610397]]],"type":"Polygon"},"properties":{"tract_name":"Census Tract 79.02, King, WA","geoid":"14000US53033007902","ses_index":59,"access_index":2,"kids_per_pitch":480,"median_income":115745,"poverty_rate":9.65,"kids_5_17":240,"facility_count":0,"nearest_facility_km":0.805,"data_year":"ACS 2023 5-year"},"type":"Feature"},{"geometry":{"coordinates":[[[-122.351056,47.612911],[-122.348748,47.614694],[-122.345215,47.612605],[-122.343496,47.613934],[-122.339594,47.611627],[-122.342174,47.609632],[-122.343474,47.610402],[-122.343664,47.61035],[-122.343941,47.61068],[-122.344774,47.611171],[-122.346302,47.609992],[-122.350479,47.612457],[-122.351168,47.612803],[-122.351056,47.612911]]],"type":"Polygon"},"properties":{"tract_name":"Census Tract 80.02, King, WA","geoid":"14000US53033008002","ses_index":59,"access_index":1,"kids_per_pitch":186,"median_income":124464,"poverty_rate":13.59,"kids_5_17":93,"facility_count":0,"nearest_facility_km":1.25,"data_year":"ACS 2023 5-year"},"type":"Feature"},{"geometry":{"coordinates":[[[-122.357363,47.618608],[-122.351362,47.618585],[-122.343496,47.613934],[-122.345215,47.612605],[-122.353833,47.617698],[-122.354691,47.617032],[-122.357363,47.618608]]],"type":"Polygon"},"properties":{"tract_name":"Census Tract 80.03, King, WA","geoid":"14000US53033008003","ses_index":63,"access_index":2,"kids_per_pitch":56,"median_income":127254,"poverty_rate":8.12,"kids_5_17":28,"facility_count":0,"nearest_facility_km":0.693,"data_year":"ACS 2023 5-year"},"type":"Feature"},{"geometry":{"coordinates":[[[-122.362292,47.618579],[-122.357363,47.618608],[-122.354691,47.617032],[-122.353833,47.617698],[-122.348748,47.614694],[-122.351168,47.612803],[-122.350479,47.612457],[-122.344834,47.609133],[-122.351255,47.60901],[-122.369576,47.618593],[-122.362292,47.618579]]],"type":"Polygon"},"properties":{"tract_name":"Census Tract 80.04, King, WA","geoid":"14000US53033008004","ses_index":76,"access_index":1,"kids_per_pitch":160,"median_income":178185,"poverty_rate":8.29,"kids_5_17":80,"facility_count":0,"nearest_facility_km":0.933,"data_year":"ACS 2023 5-year"},"type":"Feature"},{"geometry":{"coordinates":[[[-122.351255,47.60901],[-122.344834,47.609133],[-122.346302,47.609992],[-122.344774,47.611171],[-122.343941,47.61068],[-122.343664,47.61035],[-122.343474,47.610402],[-122.342174,47.609632],[-122.340454,47.610962],[-122.335784,47.605871],[-122.339093,47.604486],[-122.33925,47.604496],[-122.339377,47.60462],[-122.34027,47.60462],[-122.340281,47.604599],[-122.340717,47.604558],[-122.341319,47.60453],[-122.342041,47.604383],[-122.34292,47.604131],[-122.345442,47.603174],[-122.351255,47.60901]]],"type":"Polygon"},"properties":{"tract_name":"Census Tract 81.01, King, WA","geoid":"14000US53033008101","ses_index":54,"access_index":1,"kids_per_pitch":0,"median_income":111346,"poverty_rate":15.91,"kids_5_17":0,"facility_count":0,"nearest_facility_km":1.574,"data_year":"ACS 2023 5-year"},"type":"Feature"},{"geometry":{"coordinates":[[[-122.345442,47.603174],[-122.34292,47.604131],[-122.342041,47.604383],[-122.341319,47.60453],[-122.340717,47.604558],[-122.34027,47.60462],[-122.339377,47.60462],[-122.33925,47.604496],[-122.339093,47.604486],[-122.335784,47.605871],[-122.340454,47.610962],[-122.339278,47.611871],[-122.337362,47.612679],[-122.337302,47.612565],[-122.337049,47.612286],[-122.327885,47.602271],[-122.327702,47.601963],[-122.327658,47.601715],[-122.336584,47.601716],[-122.337458,47.601822],[-122.338057,47.602142],[-122.340119,47.602126],[-122.344737,47.60232],[-122.345442,47.603174]]],"type":"Polygon"},"properties":{"tract_name":"Census Tract 81.02, King, WA","geoid":"14000US53033008102","ses_index":63,"access_index":1,"kids_per_pitch":224,"median_income":157898,"poverty_rate":20.59,"kids_5_17":112,"facility_count":0,"nearest_facility_km":1.228,"data_year":"ACS 2023 5-year"},"type":"Feature"},{"geometry":{"coordinates":[[[-122.337362,47.612679],[-122.332952,47.614519],[-122.331135,47.612534],[-122.329915,47.613058],[-122.329936,47.612931],[-122.329791,47.612742],[-122.32821,47.611012],[-122.329215,47.610591],[-122.329255,47.610494],[-122.329239,47.610461],[-122.32671,47.607694],[-122.329717,47.606433],[-122.329868,47.606409],[-122.329936,47.606342],[-122.331148,47.605837],[-122.337049,47.612286],[-122.337302,47.612565],[-122.337362,47.612679]]],"type":"Polygon"},"properties":{"tract_name":"Census Tract 82, King, WA","geoid":"14000US53033008200","ses_index":64,"access_index":1,"kids_per_pitch":72,"median_income":132924,"poverty_rate":9.34,"kids_5_17":36,"facility_count":0,"nearest_facility_km":1.114,"data_year":"ACS 2023 5-year"},"type":"Feature"},{"geometry":{"coordinates":[[[-122.332724,47.614616],[-122.330732,47.615448],[-122.329243,47.616092],[-122.329404,47.615671],[-122.327043,47.613084],[-122.326886,47.612957],[-122.325988,47.611941],[-122.323378,47.609087],[-122.32671,47.607694],[-122.329239,47.610461],[-122.329255,47.610494],[-122.329215,47.610591],[-122.32821,47.611012],[-122.329791,47.612742],[-122.329936,47.612931],[-122.329915,47.613058],[-122.331135,47.612534],[-122.332952,47.614519],[-122.332724,47.614616]]],"type":"Polygon"},"properties":{"tract_name":"Census Tract 83, King, WA","geoid":"14000US53033008300","ses_index":54,"access_index":1,"kids_per_pitch":80,"median_income":94365,"poverty_rate":9.83,"kids_5_17":40,"facility_count":0,"nearest_facility_km":1.062,"data_year":"ACS 2023 5-year"},"type":"Feature"},{"geometry":{"coordinates":[[[-122.32619,47.612965],[-122.323384,47.612982],[-122.32344,47.616392],[-122.32215,47.616392],[-122.32217,47.617561],[-122.320838,47.617569],[-122.320765,47.612964],[-122.32076,47.608098],[-122.320901,47.608123],[-122.320989,47.608107],[-122.322074,47.607659],[-122.325988,47.611941],[-122.326886,47.612957],[-122.32619,47.612965]]],"type":"Polygon"},"properties":{"tract_name":"Census Tract 84.01, King, WA","geoid":"14000US53033008401","ses_index":51,"access_index":2,"kids_per_pitch":394,"median_income":96492,"poverty_rate":13.99,"kids_5_17":197,"facility_count":0,"nearest_facility_km":0.729,"data_year":"ACS 2023 5-year"},"type":"Feature"},{"geometry":{"coordinates":[[[-122.329404,47.615671],[-122.329243,47.616092],[-122.328543,47.616389],[-122.327882,47.616632],[-122.326795,47.617087],[-122.326789,47.61634],[-122.323439,47.616342],[-122.323384,47.612982],[-122.326886,47.612957],[-122.327043,47.613084],[-122.329404,47.615671]]],"type":"Polygon"},"properties":{"tract_name":"Census Tract 84.02, King, WA","geoid":"14000US53033008402","ses_index":52,"access_index":1,"kids_per_pitch":20,"median_income":85587,"poverty_rate":9.17,"kids_5_17":10,"facility_count":0,"nearest_facility_km":1.161,"data_year":"ACS 2023 5-year"},"type":"Feature"},{"geometry":{"coordinates":[[[-122.331148,47.605837],[-122.329936,47.606342],[-122.329868,47.606409],[-122.329717,47.606433],[-122.323378,47.609087],[-122.322074,47.607659],[-122.320989,47.608107],[-122.320901,47.608123],[-122.32076,47.608098],[-122.320739,47.601699],[-122.327658,47.601715],[-122.327702,47.601963],[-122.327885,47.602271],[-122.331148,47.605837]]],"type":"Polygon"},"properties":{"tract_name":"Census Tract 85, King, WA","geoid":"14000US53033008500","ses_index":24,"access_index":2,"kids_per_pitch":894,"median_income":61199,"poverty_rate":41.32,"kids_5_17":447,"facility_count":0,"nearest_facility_km":0.645,"data_year":"ACS 2023 5-year"},"type":"Feature"},{"geometry":{"coordinates":[[[-122.320762,47.611167],[-122.317721,47.612435],[-122.316786,47.612891],[-122.316304,47.612909],[-122.312782,47.61291],[-122.312833,47.610377],[-122.312879,47.601685],[-122.320739,47.601699],[-122.320762,47.611167]]],"type":"Polygon"},"properties":{"tract_name":"Census Tract 86, King, WA","geoid":"14000US53033008600","ses_index":42,"access_index":31,"kids_per_pitch":125,"median_income":75313,"poverty_rate":20.26,"kids_5_17":249,"facility_count":2,"nearest_facility_km":0.276,"data_year":"ACS 2023 5-year"},"type":"Feature"},{"geometry":{"coordinates":[[[-122.312875,47.602677],[-122.312833,47.610377],[-122.306302,47.61035],[-122.306307,47.610029],[-122.302763,47.610021],[-122.302781,47.605824],[-122.302745,47.605502],[-122.302676,47.605222],[-122.302484,47.604664],[-122.302447,47.604496],[-122.302429,47.604325],[-122.30243,47.602035],[-122.302335,47.601665],[-122.312879,47.601685],[-122.312875,47.602677]]],"type":"Polygon"},"properties":{"tract_name":"Census Tract 87, King, WA","geoid":"14000US53033008700","ses_index":69,"access_index":3,"kids_per_pitch":570,"median_income":166585,"poverty_rate":14.8,"kids_5_17":285,"facility_count":0,"nearest_facility_km":0.391,"data_year":"ACS 2023 5-year"},"type":"Feature"},{"geometry":{"coordinates":[[[-122.302779,47.606174],[-122.302763,47.610021],[-122.302712,47.61294],[-122.298808,47.612929],[-122.295417,47.612954],[-122.29258,47.612929],[-122.292641,47.610432],[-122.292582,47.607974],[-122.292675,47.60319],[-122.292503,47.60319],[-122.292519,47.601646],[-122.302335,47.601665],[-122.30243,47.602035],[-122.302429,47.604325],[-122.302484,47.604664],[-122.302676,47.605222],[-122.302745,47.605502],[-122.302781,47.605824],[-122.302779,47.606174]]],"type":"Polygon"},"properties":{"tract_name":"Census Tract 88, King, WA","geoid":"14000US53033008800","ses_index":63,"access_index":18,"kids_per_pitch":289,"median_income":145119,"poverty_rate":15.5,"kids_5_17":578,"facility_count":2,"nearest_facility_km":0.158,"data_year":"ACS 2023 5-year"},"type":"Feature"},{"geometry":{"coordinates":[[[-122.302623,47.592467],[-122.302439,47.59306],[-122.302243,47.593278],[-122.302214,47.593403],[-122.302239,47.601145],[-122.302335,47.601665],[-122.291302,47.601644],[-122.29133,47.600856],[-122.29031,47.60085],[-122.289572,47.600541],[-122.289466,47.600338],[-122.289651,47.599889],[-122.289695,47.599578],[-122.289601,47.599452],[-122.288997,47.599201],[-122.288934,47.599118],[-122.288621,47.599152],[-122.288419,47.599369],[-122.288424,47.600457],[-122.28819,47.600589],[-122.287757,47.600671],[-122.287637,47.600814],[-122.287631,47.600951],[-122.287687,47.601007],[-122.288103,47.601106],[-122.288235,47.601255],[-122.288123,47.601445],[-122.2877,47.601645],[-122.285316,47.60174],[-122.281211,47.60152],[-122.275916,47.60152],[-122.265147,47.601321],[-122.266327,47.591805],[-122.273032,47.590848],[-122.285935,47.59092],[-122.286603,47.591105],[-122.290426,47.591151],[-122.290386,47.592298],[-122.290718,47.592272],[-122.291147,47.592129],[-122.296065,47.592178],[-122.296061,47.592003],[-122.301294,47.592089],[-122.301293,47.591893],[-122.302502,47.591891],[-122.302623,47.592467]]],"type":"Polygon"},"properties":{"tract_name":"Census Tract 89, King, WA","geoid":"14000US53033008900","ses_index":51,"access_index":2,"kids_per_pitch":1788,"median_income":102818,"poverty_rate":17.1,"kids_5_17":894,"facility_count":0,"nearest_facility_km":0.651,"data_year":"ACS 2023 5-year"},"type":"Feature"},{"geometry":{"coordinates":[[[-122.317243,47.596627],[-122.317194,47.600264],[-122.316967,47.600851],[-122.316783,47.601692],[-122.302335,47.601665],[-122.302267,47.60141],[-122.302239,47.601145],[-122.302214,47.593403],[-122.302243,47.593278],[-122.302439,47.59306],[-122.302585,47.592714],[-122.302623,47.592467],[-122.302597,47.592187],[-122.302502,47.591891],[-122.305405,47.591892],[-122.305743,47.591977],[-122.305967,47.592092],[-122.306125,47.592244],[-122.306219,47.592409],[-122.306245,47.592568],[-122.306184,47.59589],[-122.306861,47.595866],[-122.311359,47.595869],[-122.31171,47.595821],[-122.312205,47.595811],[-122.317257,47.595819],[-122.317243,47.596627]]],"type":"Polygon"},"properties":{"tract_name":"Census Tract 90, King, WA","geoid":"14000US53033009000","ses_index":44,"access_index":31,"kids_per_pitch":118,"median_income":78995,"poverty_rate":17.89,"kids_5_17":235,"facility_count":2,"nearest_facility_km":0.327,"data_year":"ACS 2023 5-year"},"type":"Feature"},{"geometry":{"coordinates":[[[-122.327698,47.596092],[-122.327669,47.599193],[-122.321162,47.599186],[-122.321752,47.599745],[-122.324244,47.601705],[-122.316783,47.601692],[-122.316967,47.600851],[-122.317194,47.600264],[-122.317225,47.599187],[-122.317257,47.595819],[-122.327362,47.595835],[-122.327718,47.59581],[-122.327698,47.596092]]],"type":"Polygon"},"properties":{"tract_name":"Census Tract 91, King, WA","geoid":"14000US53033009100","ses_index":26,"access_index":21,"kids_per_pitch":173,"median_income":39788,"poverty_rate":29.45,"kids_5_17":173,"facility_count":1,"nearest_facility_km":0.293,"data_year":"ACS 2023 5-year"},"type":"Feature"},{"geometry":{"coordinates":[[[-122.344737,47.60232],[-122.340119,47.602126],[-122.338057,47.602142],[-122.337458,47.601822],[-122.336584,47.601716],[-122.32899,47.601732],[-122.324244,47.601705],[-122.321752,47.599745],[-122.321162,47.599186],[-122.344837,47.59922],[-122.344737,47.60232]]],"type":"Polygon"},"properties":{"tract_name":"Census Tract 92, King, WA","geoid":"14000US53033009200","ses_index":17,"access_index":2,"kids_per_pitch":84,"median_income":35014,"poverty_rate":42.17,"kids_5_17":42,"facility_count":0,"nearest_facility_km":0.721,"data_year":"ACS 2023 5-year"},"type":"Feature"},{"geometry":{"coordinates":[[[-122.346819,47.566956],[-122.343984,47.574649],[-122.34434,47.590978],[-122.344837,47.59922],[-122.327669,47.599193],[-122.327718,47.59581],[-122.317257,47.595819],[-122.317228,47.594863],[-122.317025,47.594578],[-122.316579,47.59428],[-122.317181,47.594031],[-122.317282,47.593832],[-122.317265,47.584982],[-122.317176,47.584551],[-122.315991,47.584551],[-122.315992,47.581276],[-122.316076,47.58094],[-122.316101,47.579482],[-122.315985,47.579482],[-122.316023,47.575123],[-122.314745,47.57512],[-122.314858,47.575002],[-122.314766,47.570742],[-122.316046,47.570736],[-122.31597,47.56723],[-122.317229,47.567225],[-122.317381,47.561691],[-122.316866,47.561693],[-122.318765,47.555812],[-122.31861,47.555629],[-122.317174,47.555628],[-122.317191,47.553455],[-122.319085,47.553465],[-122.319481,47.553385],[-122.319645,47.553259],[-122.319716,47.553042],[-122.319394,47.552517],[-122.31981,47.552132],[-122.321186,47.553434],[-122.321679,47.553354],[-122.323623,47.553365],[-122.326516,47.555339],[-122.327114,47.555626],[-122.338131,47.555743],[-122.34166,47.555884],[-122.341709,47.556052],[-122.342737,47.55622],[-122.343288,47.55603],[-122.345057,47.559182],[-122.346634,47.564486],[-122.346819,47.566956]]],"type":"Polygon"},"properties":{"tract_name":"Census Tract 93, King, WA","geoid":"14000US53033009300","ses_index":60,"access_index":16,"kids_per_pitch":217,"median_income":124318,"poverty_rate":11.01,"kids_5_17":217,"facility_count":1,"nearest_facility_km":1.071,"data_year":"ACS 2023 5-year"},"type":"Feature"},{"geometry":{"coordinates":[[[-122.317287,47.585543],[-122.317282,47.593832],[-122.31726,47.593933],[-122.317181,47.594031],[-122.316579,47.59428],[-122.317025,47.594578],[-122.317228,47.594863],[-122.317278,47.595125],[-122.317257,47.595819],[-122.312205,47.595811],[-122.311359,47.595869],[-122.306184,47.59589],[-122.306245,47.592568],[-122.306219,47.592409],[-122.306125,47.592244],[-122.305967,47.592092],[-122.305743,47.591977],[-122.305405,47.591892],[-122.302502,47.591891],[-122.302296,47.591336],[-122.302181,47.590896],[-122.302143,47.590294],[-122.302274,47.589558],[-122.302585,47.588623],[-122.302644,47.587057],[-122.302926,47.586324],[-122.302912,47.584499],[-122.302201,47.583655],[-122.300194,47.581026],[-122.306565,47.580987],[-122.314714,47.58102],[-122.314708,47.581879],[-122.31546,47.581885],[-122.31577,47.581944],[-122.316014,47.582047],[-122.315991,47.584551],[-122.317176,47.584551],[-122.317265,47.584982],[-122.317287,47.585543]]],"type":"Polygon"},"properties":{"tract_name":"Census Tract 94, King, WA","geoid":"14000US53033009400","ses_index":54,"access_index":15,"kids_per_pitch":302,"median_income":95038,"poverty_rate":9.24,"kids_5_17":604,"facility_count":2,"nearest_facility_km":0.322,"data_year":"ACS 2023 5-year"},"type":"Feature"},{"geometry":{"coordinates":[[[-122.302926,47.586324],[-122.302644,47.587057],[-122.302585,47.588623],[-122.302274,47.589558],[-122.302149,47.590209],[-122.302181,47.590896],[-122.302502,47.591891],[-122.301293,47.591893],[-122.301294,47.592089],[-122.296061,47.592003],[-122.296065,47.592178],[-122.291147,47.592129],[-122.290386,47.592298],[-122.290426,47.591151],[-122.286603,47.591105],[-122.285935,47.59092],[-122.273032,47.590848],[-122.266327,47.591805],[-122.266719,47.588843],[-122.266832,47.587369],[-122.266821,47.586371],[-122.266493,47.583781],[-122.266241,47.582742],[-122.265413,47.580486],[-122.264851,47.579372],[-122.264156,47.578503],[-122.26328,47.577637],[-122.262276,47.576838],[-122.261153,47.576115],[-122.266726,47.574139],[-122.276871,47.570706],[-122.277208,47.570558],[-122.277326,47.570398],[-122.277612,47.570296],[-122.277683,47.570024],[-122.279179,47.570025],[-122.2795,47.570121],[-122.279789,47.57033],[-122.280239,47.571002],[-122.280682,47.571916],[-122.280789,47.572617],[-122.280805,47.573433],[-122.281092,47.574233],[-122.28113,47.573598],[-122.281285,47.573368],[-122.282313,47.573297],[-122.282631,47.57344],[-122.282467,47.572414],[-122.291335,47.572476],[-122.292112,47.573577],[-122.296735,47.571987],[-122.296632,47.576357],[-122.302912,47.584499],[-122.302926,47.586324]]],"type":"Polygon"},"properties":{"tract_name":"Census Tract 95, King, WA","geoid":"14000US53033009500","ses_index":65,"access_index":8,"kids_per_pitch":505,"median_income":143676,"poverty_rate":11,"kids_5_17":1010,"facility_count":2,"nearest_facility_km":1.012,"data_year":"ACS 2023 5-year"},"type":"Feature"},{"geometry":{"coordinates":[[[-122.404608,47.587174],[-122.396777,47.593228],[-122.393779,47.596765],[-122.38994,47.599389],[-122.387784,47.600639],[-122.383912,47.599376],[-122.37979,47.597523],[-122.377916,47.594659],[-122.375673,47.591369],[-122.372415,47.588688],[-122.37591,47.585972],[-122.376129,47.585815],[-122.376937,47.585426],[-122.376348,47.585022],[-122.377543,47.584724],[-122.377447,47.583964],[-122.377584,47.58346],[-122.377638,47.580956],[-122.378293,47.581083],[-122.382251,47.581161],[-122.391474,47.581235],[-122.391907,47.581138],[-122.391905,47.581212],[-122.397237,47.581255],[-122.397223,47.583059],[-122.397644,47.583056],[-122.397696,47.583868],[-122.398364,47.583386],[-122.398405,47.583627],[-122.398821,47.583944],[-122.399481,47.583701],[-122.399926,47.583182],[-122.400111,47.583094],[-122.400382,47.583066],[-122.400974,47.583587],[-122.401839,47.58392],[-122.404608,47.587174]]],"type":"Polygon"},"properties":{"tract_name":"Census Tract 96, King, WA","geoid":"14000US53033009600","ses_index":71,"access_index":1,"kids_per_pitch":916,"median_income":148125,"poverty_rate":4.17,"kids_5_17":458,"facility_count":0,"nearest_facility_km":0.983,"data_year":"ACS 2023 5-year"},"type":"Feature"},{"geometry":{"coordinates":[[[-122.424937,47.578291],[-122.422566,47.580397],[-122.410833,47.584103],[-122.404608,47.587174],[-122.401839,47.58392],[-122.400974,47.583587],[-122.401742,47.58293],[-122.402603,47.582431],[-122.402647,47.58038],[-122.403568,47.579452],[-122.404016,47.579443],[-122.404003,47.57888],[-122.403899,47.57876],[-122.403686,47.578728],[-122.402828,47.579087],[-122.40019,47.579084],[-122.40341,47.577255],[-122.403408,47.575921],[-122.402838,47.57592],[-122.402807,47.572214],[-122.403425,47.572203],[-122.403701,47.572265],[-122.403827,47.572216],[-122.403874,47.570811],[-122.40315,47.570376],[-122.401488,47.57037],[-122.401508,47.568564],[-122.401773,47.568567],[-122.401798,47.566804],[-122.401796,47.566741],[-122.401538,47.566738],[-122.401529,47.564904],[-122.398859,47.564823],[-122.39889,47.563014],[-122.398226,47.563008],[-122.398299,47.559419],[-122.397612,47.559384],[-122.397647,47.557495],[-122.398877,47.557552],[-122.399141,47.558278],[-122.399539,47.558695],[-122.399894,47.559269],[-122.40042,47.559692],[-122.400704,47.560266],[-122.401137,47.560503],[-122.402519,47.561049],[-122.40392,47.560963],[-122.404739,47.56082],[-122.409757,47.560272],[-122.413454,47.564396],[-122.413704,47.567091],[-122.415951,47.56886],[-122.424189,47.572649],[-122.425436,47.575764],[-122.424937,47.578291]]],"type":"Polygon"},"properties":{"tract_name":"Census Tract 97.01, King, WA","geoid":"14000US53033009701","ses_index":64,"access_index":1,"kids_per_pitch":1386,"median_income":119384,"poverty_rate":4.34,"kids_5_17":693,"facility_count":0,"nearest_facility_km":1.677,"data_year":"ACS 2023 5-year"},"type":"Feature"},{"geometry":{"coordinates":[[[-122.404027,47.578996],[-122.404016,47.579443],[-122.403568,47.579452],[-122.402647,47.58038],[-122.402603,47.582431],[-122.401742,47.58293],[-122.400974,47.583587],[-122.400382,47.583066],[-122.400111,47.583094],[-122.399834,47.583254],[-122.399481,47.583701],[-122.398821,47.583944],[-122.398405,47.583627],[-122.398364,47.583386],[-122.397696,47.583868],[-122.397644,47.583056],[-122.397223,47.583059],[-122.397237,47.581255],[-122.391905,47.581212],[-122.391907,47.581138],[-122.391474,47.581235],[-122.38924,47.581215],[-122.389411,47.575651],[-122.389447,47.566604],[-122.389515,47.566529],[-122.389552,47.564835],[-122.389481,47.564756],[-122.389483,47.562947],[-122.392145,47.562958],[-122.392161,47.561148],[-122.394869,47.561171],[-122.394948,47.557564],[-122.395549,47.557471],[-122.397647,47.557495],[-122.397612,47.559384],[-122.398299,47.559419],[-122.398226,47.563008],[-122.39889,47.563014],[-122.398859,47.564823],[-122.401529,47.564904],[-122.401538,47.566738],[-122.401796,47.566741],[-122.401798,47.566804],[-122.401773,47.568567],[-122.401508,47.568564],[-122.401488,47.57037],[-122.40315,47.570376],[-122.403874,47.570811],[-122.403827,47.572216],[-122.403701,47.572265],[-122.403425,47.572203],[-122.402807,47.572214],[-122.402838,47.57592],[-122.403408,47.575921],[-122.40341,47.577255],[-122.40019,47.579084],[-122.402828,47.579087],[-122.403686,47.578728],[-122.403899,47.57876],[-122.404027,47.578996]]],"type":"Polygon"},"properties":{"tract_name":"Census Tract 97.02, King, WA","geoid":"14000US53033009702","ses_index":75,"access_index":1,"kids_per_pitch":1702,"median_income":162174,"poverty_rate":4.03,"kids_5_17":851,"facility_count":0,"nearest_facility_km":1.124,"data_year":"ACS 2023 5-year"},"type":"Feature"},{"geometry":{"coordinates":[[[-122.38942,47.573846],[-122.389381,47.577271],[-122.38924,47.581215],[-122.382251,47.581161],[-122.381081,47.581108],[-122.378293,47.581083],[-122.377884,47.581028],[-122.377405,47.580866],[-122.377188,47.580744],[-122.376989,47.580581],[-122.376683,47.580273],[-122.376991,47.580274],[-122.377104,47.571182],[-122.386768,47.571258],[-122.386768,47.572039],[-122.386925,47.572021],[-122.389441,47.57204],[-122.38942,47.573846]]],"type":"Polygon"},"properties":{"tract_name":"Census Tract 98.01, King, WA","geoid":"14000US53033009801","ses_index":58,"access_index":12,"kids_per_pitch":541,"median_income":100162,"poverty_rate":4.92,"kids_5_17":541,"facility_count":1,"nearest_facility_km":0.217,"data_year":"ACS 2023 5-year"},"type":"Feature"},{"geometry":{"coordinates":[[[-122.389515,47.566529],[-122.389447,47.566604],[-122.389441,47.57204],[-122.386925,47.572021],[-122.386768,47.572039],[-122.386768,47.571258],[-122.376086,47.571173],[-122.376188,47.566485],[-122.376191,47.564075],[-122.377706,47.564076],[-122.379287,47.562871],[-122.386645,47.562872],[-122.386891,47.562943],[-122.389483,47.562947],[-122.389481,47.564756],[-122.389552,47.564835],[-122.389515,47.566529]]],"type":"Polygon"},"properties":{"tract_name":"Census Tract 98.02, King, WA","geoid":"14000US53033009802","ses_index":66,"access_index":1,"kids_per_pitch":812,"median_income":125774,"poverty_rate":2.48,"kids_5_17":406,"facility_count":0,"nearest_facility_km":1.262,"data_year":"ACS 2023 5-year"},"type":"Feature"},{"geometry":{"coordinates":[[[-122.377637,47.581045],[-122.377584,47.58346],[-122.377447,47.583964],[-122.377543,47.584724],[-122.376348,47.585022],[-122.376937,47.585426],[-122.37591,47.585972],[-122.372415,47.588688],[-122.349837,47.593914],[-122.346513,47.59567],[-122.344837,47.59922],[-122.34434,47.590978],[-122.343984,47.574649],[-122.346819,47.566956],[-122.346634,47.564486],[-122.346271,47.563267],[-122.347237,47.56302],[-122.349216,47.559117],[-122.350151,47.559125],[-122.35072,47.559322],[-122.351748,47.559412],[-122.353272,47.559337],[-122.354125,47.559003],[-122.354623,47.559344],[-122.354747,47.559537],[-122.354768,47.559133],[-122.356954,47.559728],[-122.360186,47.559018],[-122.360195,47.559441],[-122.361474,47.560979],[-122.361556,47.56081],[-122.361578,47.559273],[-122.365514,47.559317],[-122.365536,47.55748],[-122.366192,47.557497],[-122.366215,47.555308],[-122.366336,47.553769],[-122.372487,47.553704],[-122.374821,47.553826],[-122.374973,47.553753],[-122.376278,47.553779],[-122.376086,47.571173],[-122.377104,47.571182],[-122.376991,47.580274],[-122.376683,47.580273],[-122.377188,47.580744],[-122.377638,47.580956],[-122.377637,47.581045]]],"type":"Polygon"},"properties":{"tract_name":"Census Tract 99, King, WA","geoid":"14000US53033009900","ses_index":64,"access_index":9,"kids_per_pitch":448,"median_income":127557,"poverty_rate":6.46,"kids_5_17":448,"facility_count":1,"nearest_facility_km":0.804,"data_year":"ACS 2023 5-year"},"type":"Feature"},{"geometry":{"coordinates":[[[-122.317358,47.56243],[-122.317229,47.567225],[-122.31597,47.56723],[-122.316046,47.570736],[-122.314766,47.570742],[-122.314797,47.572143],[-122.314532,47.571622],[-122.31252,47.571647],[-122.311406,47.571927],[-122.303415,47.571921],[-122.303331,47.575066],[-122.303322,47.580686],[-122.303226,47.581003],[-122.300194,47.581026],[-122.296632,47.576357],[-122.296833,47.567076],[-122.296765,47.566528],[-122.296531,47.565953],[-122.296093,47.565227],[-122.293203,47.560809],[-122.294721,47.560849],[-122.295541,47.56108],[-122.2967,47.561543],[-122.297254,47.561679],[-122.297524,47.561674],[-122.298539,47.561445],[-122.299682,47.560985],[-122.302512,47.55998],[-122.303676,47.559734],[-122.304738,47.559618],[-122.30889,47.560945],[-122.309869,47.561331],[-122.310501,47.561651],[-122.317381,47.561691],[-122.317358,47.56243]]],"type":"Polygon"},"properties":{"tract_name":"Census Tract 100.01, King, WA","geoid":"14000US53033010001","ses_index":46,"access_index":9,"kids_per_pitch":527,"median_income":89444,"poverty_rate":18.92,"kids_5_17":527,"facility_count":1,"nearest_facility_km":0.517,"data_year":"ACS 2023 5-year"},"type":"Feature"},{"geometry":{"coordinates":[[[-122.316076,47.58094],[-122.315992,47.581276],[-122.316014,47.582047],[-122.31577,47.581944],[-122.31546,47.581885],[-122.314708,47.581879],[-122.314714,47.58102],[-122.306565,47.580987],[-122.303226,47.581003],[-122.303322,47.580686],[-122.303331,47.575066],[-122.303415,47.571921],[-122.309619,47.571902],[-122.311406,47.571927],[-122.31252,47.571647],[-122.314532,47.571622],[-122.314569,47.571741],[-122.314797,47.572143],[-122.314858,47.575002],[-122.314745,47.57512],[-122.316023,47.575123],[-122.315985,47.579482],[-122.316101,47.579482],[-122.316076,47.58094]]],"type":"Polygon"},"properties":{"tract_name":"Census Tract 100.02, King, WA","geoid":"14000US53033010002","ses_index":61,"access_index":1,"kids_per_pitch":862,"median_income":114796,"poverty_rate":6.17,"kids_5_17":431,"facility_count":0,"nearest_facility_km":0.971,"data_year":"ACS 2023 5-year"},"type":"Feature"},{"geometry":{"coordinates":[[[-122.296827,47.567239],[-122.296772,47.568691],[-122.296735,47.571987],[-122.292112,47.573577],[-122.291335,47.572476],[-122.290986,47.57247],[-122.291025,47.569936],[-122.290701,47.569769],[-122.290349,47.569462],[-122.289246,47.567946],[-122.288188,47.564093],[-122.280843,47.564149],[-122.280731,47.564105],[-122.280725,47.56172],[-122.281398,47.561478],[-122.28161,47.561367],[-122.281683,47.56123],[-122.281689,47.560846],[-122.281759,47.560764],[-122.281819,47.560743],[-122.283841,47.560746],[-122.284504,47.560712],[-122.289925,47.560717],[-122.293203,47.560809],[-122.294153,47.562293],[-122.29521,47.56385],[-122.296531,47.565953],[-122.296765,47.566528],[-122.296807,47.566763],[-122.296827,47.567239]]],"type":"Polygon"},"properties":{"tract_name":"Census Tract 101.01, King, WA","geoid":"14000US53033010101","ses_index":30,"access_index":6,"kids_per_pitch":885,"median_income":50227,"poverty_rate":27.74,"kids_5_17":885,"facility_count":1,"nearest_facility_km":0.473,"data_year":"ACS 2023 5-year"},"type":"Feature"},{"geometry":{"coordinates":[[[-122.291,47.57158],[-122.290972,47.572482],[-122.282467,47.572414],[-122.282631,47.57344],[-122.282313,47.573297],[-122.281285,47.573368],[-122.28113,47.573598],[-122.281092,47.574233],[-122.280805,47.573433],[-122.280789,47.572617],[-122.280682,47.571916],[-122.280239,47.571002],[-122.279789,47.57033],[-122.2795,47.570121],[-122.279179,47.570025],[-122.277683,47.570024],[-122.277612,47.570296],[-122.277326,47.570398],[-122.277208,47.570558],[-122.276871,47.570706],[-122.266726,47.574139],[-122.261153,47.576115],[-122.259925,47.575475],[-122.258604,47.574925],[-122.257206,47.574472],[-122.253772,47.573614],[-122.25116,47.572682],[-122.249739,47.571901],[-122.247649,47.570537],[-122.24578,47.569033],[-122.25267,47.563715],[-122.262534,47.560521],[-122.263834,47.560521],[-122.264374,47.560627],[-122.268159,47.560598],[-122.268289,47.560645],[-122.280731,47.560542],[-122.280731,47.564105],[-122.288188,47.564093],[-122.289246,47.567946],[-122.290349,47.569462],[-122.290701,47.569769],[-122.291025,47.569936],[-122.291,47.57158]]],"type":"Polygon"},"properties":{"tract_name":"Census Tract 101.02, King, WA","geoid":"14000US53033010102","ses_index":65,"access_index":13,"kids_per_pitch":295,"median_income":120313,"poverty_rate":3.09,"kids_5_17":589,"facility_count":2,"nearest_facility_km":0.788,"data_year":"ACS 2023 5-year"},"type":"Feature"},{"geometry":{"coordinates":[[[-122.277136,47.549702],[-122.275389,47.549705],[-122.275362,47.557049],[-122.275698,47.557047],[-122.275727,47.560565],[-122.268289,47.560645],[-122.268159,47.560598],[-122.264374,47.560627],[-122.263834,47.560521],[-122.262534,47.560521],[-122.25267,47.563715],[-122.24578,47.569033],[-122.244154,47.567405],[-122.242788,47.565671],[-122.241698,47.563849],[-122.240895,47.561961],[-122.240388,47.560026],[-122.240183,47.558065],[-122.240282,47.556101],[-122.240575,47.554038],[-122.241197,47.551954],[-122.242137,47.549925],[-122.243386,47.547974],[-122.254951,47.545663],[-122.257421,47.544918],[-122.261798,47.544936],[-122.261789,47.546541],[-122.262811,47.545686],[-122.263823,47.544632],[-122.264085,47.544538],[-122.263729,47.546053],[-122.275991,47.546025],[-122.276317,47.546331],[-122.276658,47.546958],[-122.277136,47.549702]]],"type":"Polygon"},"properties":{"tract_name":"Census Tract 102, King, WA","geoid":"14000US53033010200","ses_index":85,"access_index":5,"kids_per_pitch":870,"median_income":197313,"poverty_rate":2.46,"kids_5_17":870,"facility_count":1,"nearest_facility_km":1.003,"data_year":"ACS 2023 5-year"},"type":"Feature"},{"geometry":{"coordinates":[[[-122.289029,47.553446],[-122.280755,47.553408],[-122.280718,47.557835],[-122.280731,47.560542],[-122.275727,47.560565],[-122.275698,47.557047],[-122.275362,47.557049],[-122.275389,47.549705],[-122.277136,47.549702],[-122.276658,47.546958],[-122.276533,47.546644],[-122.276317,47.546331],[-122.275991,47.546025],[-122.28085,47.545986],[-122.285432,47.546048],[-122.286434,47.548049],[-122.289029,47.553446]]],"type":"Polygon"},"properties":{"tract_name":"Census Tract 103.01, King, WA","geoid":"14000US53033010301","ses_index":65,"access_index":1,"kids_per_pitch":1226,"median_income":150625,"poverty_rate":14.59,"kids_5_17":613,"facility_count":0,"nearest_facility_km":1.085,"data_year":"ACS 2023 5-year"},"type":"Feature"},{"geometry":{"coordinates":[[[-122.293203,47.560809],[-122.289925,47.560717],[-122.284504,47.560712],[-122.283841,47.560746],[-122.281819,47.560743],[-122.281759,47.560764],[-122.281689,47.560846],[-122.281683,47.56123],[-122.281663,47.561306],[-122.28161,47.561367],[-122.281398,47.561478],[-122.280725,47.56172],[-122.280718,47.557835],[-122.280755,47.553408],[-122.285539,47.553449],[-122.289029,47.553446],[-122.290153,47.555814],[-122.292309,47.559385],[-122.293203,47.560809]]],"type":"Polygon"},"properties":{"tract_name":"Census Tract 103.02, King, WA","geoid":"14000US53033010302","ses_index":62,"access_index":2,"kids_per_pitch":460,"median_income":125898,"poverty_rate":8.73,"kids_5_17":230,"facility_count":0,"nearest_facility_km":0.625,"data_year":"ACS 2023 5-year"},"type":"Feature"},{"geometry":{"coordinates":[[[-122.304388,47.559636],[-122.303114,47.559833],[-122.302512,47.55998],[-122.299682,47.560985],[-122.298539,47.561445],[-122.297848,47.561629],[-122.297524,47.561674],[-122.297254,47.561679],[-122.2967,47.561543],[-122.295541,47.56108],[-122.294721,47.560849],[-122.293203,47.560809],[-122.290153,47.555814],[-122.288691,47.552708],[-122.287941,47.551232],[-122.286434,47.548049],[-122.285432,47.546048],[-122.291553,47.546134],[-122.300334,47.54637],[-122.302916,47.554928],[-122.304388,47.559636]]],"type":"Polygon"},"properties":{"tract_name":"Census Tract 104.01, King, WA","geoid":"14000US53033010401","ses_index":62,"access_index":9,"kids_per_pitch":483,"median_income":131625,"poverty_rate":11.06,"kids_5_17":483,"facility_count":1,"nearest_facility_km":0.616,"data_year":"ACS 2023 5-year"},"type":"Feature"},{"geometry":{"coordinates":[[[-122.31981,47.552132],[-122.319566,47.552286],[-122.319394,47.552517],[-122.319407,47.5526],[-122.319667,47.552886],[-122.319716,47.553042],[-122.319645,47.553259],[-122.319481,47.553385],[-122.319362,47.553436],[-122.319085,47.553465],[-122.317191,47.553455],[-122.317174,47.555628],[-122.31861,47.555629],[-122.318717,47.555673],[-122.318765,47.555812],[-122.316866,47.561693],[-122.313482,47.561699],[-122.310501,47.561651],[-122.309869,47.561331],[-122.30889,47.560945],[-122.305191,47.559729],[-122.304738,47.559618],[-122.304388,47.559636],[-122.302916,47.554928],[-122.300334,47.54637],[-122.306179,47.546537],[-122.306436,47.546623],[-122.307081,47.547072],[-122.30726,47.547124],[-122.307504,47.547123],[-122.307939,47.546979],[-122.309924,47.548065],[-122.311133,47.548884],[-122.314014,47.547434],[-122.31466,47.548053],[-122.31485,47.548172],[-122.316072,47.548624],[-122.316531,47.548879],[-122.31981,47.552132]]],"type":"Polygon"},"properties":{"tract_name":"Census Tract 104.02, King, WA","geoid":"14000US53033010402","ses_index":56,"access_index":18,"kids_per_pitch":297,"median_income":112400,"poverty_rate":12.94,"kids_5_17":593,"facility_count":2,"nearest_facility_km":0.155,"data_year":"ACS 2023 5-year"},"type":"Feature"},{"geometry":{"coordinates":[[[-122.384228,47.553854],[-122.384176,47.555664],[-122.384095,47.557374],[-122.384157,47.557557],[-122.384093,47.560965],[-122.384138,47.56119],[-122.384137,47.562872],[-122.379287,47.562871],[-122.377706,47.564076],[-122.376191,47.564075],[-122.376309,47.551959],[-122.384279,47.552072],[-122.384228,47.553854]]],"type":"Polygon"},"properties":{"tract_name":"Census Tract 105.01, King, WA","geoid":"14000US53033010501","ses_index":59,"access_index":15,"kids_per_pitch":272,"median_income":113056,"poverty_rate":8.37,"kids_5_17":272,"facility_count":1,"nearest_facility_km":0.484,"data_year":"ACS 2023 5-year"},"type":"Feature"},{"geometry":{"coordinates":[[[-122.397761,47.557444],[-122.39776,47.557496],[-122.395549,47.557471],[-122.394948,47.557564],[-122.394869,47.561171],[-122.392161,47.561148],[-122.392145,47.562958],[-122.386891,47.562943],[-122.386645,47.562872],[-122.384137,47.562872],[-122.384138,47.56119],[-122.384093,47.560965],[-122.384157,47.557557],[-122.384095,47.557374],[-122.384176,47.555664],[-122.384279,47.552072],[-122.395048,47.552204],[-122.394983,47.555662],[-122.397802,47.555685],[-122.397761,47.557444]]],"type":"Polygon"},"properties":{"tract_name":"Census Tract 105.02, King, WA","geoid":"14000US53033010502","ses_index":63,"access_index":2,"kids_per_pitch":774,"median_income":124430,"poverty_rate":7.77,"kids_5_17":387,"facility_count":0,"nearest_facility_km":0.883,"data_year":"ACS 2023 5-year"},"type":"Feature"},{"geometry":{"coordinates":[[[-122.387254,47.541483],[-122.387197,47.546681],[-122.38704,47.552109],[-122.376309,47.551959],[-122.376402,47.546502],[-122.376577,47.539218],[-122.37836,47.539244],[-122.378368,47.539578],[-122.378514,47.53966],[-122.38192,47.539708],[-122.381912,47.540173],[-122.382395,47.539996],[-122.382565,47.539967],[-122.382779,47.539989],[-122.383295,47.540155],[-122.385226,47.540452],[-122.38615,47.540514],[-122.386722,47.54072],[-122.387262,47.540729],[-122.387254,47.541483]]],"type":"Polygon"},"properties":{"tract_name":"Census Tract 106.01, King, WA","geoid":"14000US53033010601","ses_index":70,"access_index":2,"kids_per_pitch":692,"median_income":144944,"poverty_rate":4.03,"kids_5_17":346,"facility_count":0,"nearest_facility_km":0.593,"data_year":"ACS 2023 5-year"},"type":"Feature"},{"geometry":{"coordinates":[[[-122.406516,47.560625],[-122.404739,47.56082],[-122.40392,47.560963],[-122.402661,47.561069],[-122.401137,47.560503],[-122.400704,47.560266],[-122.400557,47.560062],[-122.40042,47.559692],[-122.399894,47.559269],[-122.399539,47.558695],[-122.399141,47.558278],[-122.398986,47.557976],[-122.398938,47.557604],[-122.398693,47.557501],[-122.39776,47.557496],[-122.397802,47.555685],[-122.394983,47.555662],[-122.395048,47.552204],[-122.38704,47.552109],[-122.387197,47.546681],[-122.38727,47.539893],[-122.388817,47.539876],[-122.38987,47.53967],[-122.390534,47.539701],[-122.390855,47.539632],[-122.393079,47.539639],[-122.393096,47.53845],[-122.393809,47.539263],[-122.395382,47.539914],[-122.395833,47.5402],[-122.396462,47.5407],[-122.396355,47.539916],[-122.397638,47.53992],[-122.401731,47.540087],[-122.403719,47.544856],[-122.402846,47.549321],[-122.405966,47.555469],[-122.409757,47.560272],[-122.406516,47.560625]]],"type":"Polygon"},"properties":{"tract_name":"Census Tract 106.02, King, WA","geoid":"14000US53033010602","ses_index":56,"access_index":7,"kids_per_pitch":519,"median_income":108568,"poverty_rate":11.05,"kids_5_17":519,"facility_count":1,"nearest_facility_km":1.322,"data_year":"ACS 2023 5-year"},"type":"Feature"},{"geometry":{"coordinates":[[[-122.372299,47.541602],[-122.372274,47.542839],[-122.370985,47.542847],[-122.368593,47.543683],[-122.368418,47.543776],[-122.368097,47.544121],[-122.368126,47.544443],[-122.36829,47.545022],[-122.368933,47.547005],[-122.36915,47.547456],[-122.368913,47.547644],[-122.368643,47.548196],[-122.368632,47.548556],[-122.368737,47.548838],[-122.368903,47.549096],[-122.36916,47.549369],[-122.369523,47.549713],[-122.369725,47.549841],[-122.370137,47.550027],[-122.370987,47.550132],[-122.370947,47.551953],[-122.369658,47.551919],[-122.36963,47.553783],[-122.361746,47.553713],[-122.361781,47.550342],[-122.361706,47.550097],[-122.363012,47.550107],[-122.363046,47.547425],[-122.363011,47.547042],[-122.362898,47.546666],[-122.362765,47.546396],[-122.361697,47.545029],[-122.361471,47.544699],[-122.361197,47.544164],[-122.36123,47.542111],[-122.360757,47.540539],[-122.361336,47.536119],[-122.361138,47.53551],[-122.36055,47.53415],[-122.360426,47.53369],[-122.371161,47.533721],[-122.371198,47.533784],[-122.371196,47.539194],[-122.371815,47.539204],[-122.37176,47.540501],[-122.371861,47.540806],[-122.372116,47.541084],[-122.372221,47.541289],[-122.372299,47.541602]]],"type":"Polygon"},"properties":{"tract_name":"Census Tract 107.01, King, WA","geoid":"14000US53033010701","ses_index":62,"access_index":2,"kids_per_pitch":1386,"median_income":132692,"poverty_rate":11.27,"kids_5_17":693,"facility_count":0,"nearest_facility_km":0.73,"data_year":"ACS 2023 5-year"},"type":"Feature"},{"geometry":{"coordinates":[[[-122.376533,47.541038],[-122.376402,47.546502],[-122.376278,47.553779],[-122.375018,47.553776],[-122.374973,47.553753],[-122.374942,47.553805],[-122.374821,47.553826],[-122.372487,47.553704],[-122.372405,47.553744],[-122.37089,47.553738],[-122.370725,47.553782],[-122.36963,47.553783],[-122.369634,47.552015],[-122.369658,47.551919],[-122.370947,47.551953],[-122.370987,47.550132],[-122.370702,47.55012],[-122.370137,47.550027],[-122.369725,47.549841],[-122.369523,47.549713],[-122.36916,47.549369],[-122.368903,47.549096],[-122.368737,47.548838],[-122.368632,47.548556],[-122.368613,47.548392],[-122.368643,47.548196],[-122.368913,47.547644],[-122.36915,47.547456],[-122.368933,47.547005],[-122.36829,47.545022],[-122.368227,47.544713],[-122.368126,47.544443],[-122.368097,47.544121],[-122.368418,47.543776],[-122.368593,47.543683],[-122.369615,47.543333],[-122.369786,47.543239],[-122.370985,47.542847],[-122.372274,47.542839],[-122.372283,47.541445],[-122.372116,47.541084],[-122.371861,47.540806],[-122.37176,47.540501],[-122.371815,47.539204],[-122.376577,47.539218],[-122.376533,47.541038]]],"type":"Polygon"},"properties":{"tract_name":"Census Tract 107.02, King, WA","geoid":"14000US53033010702","ses_index":54,"access_index":5,"kids_per_pitch":982,"median_income":113750,"poverty_rate":16.77,"kids_5_17":982,"facility_count":1,"nearest_facility_km":0.878,"data_year":"ACS 2023 5-year"},"type":"Feature"},{"geometry":{"coordinates":[[[-122.366215,47.555308],[-122.366192,47.557497],[-122.365536,47.55748],[-122.365514,47.559317],[-122.361578,47.559273],[-122.361556,47.56081],[-122.361474,47.560979],[-122.360195,47.559441],[-122.360186,47.559018],[-122.356954,47.559728],[-122.354768,47.559133],[-122.354747,47.559537],[-122.354623,47.559344],[-122.354263,47.559166],[-122.354125,47.559003],[-122.353272,47.559337],[-122.351748,47.559412],[-122.351495,47.559412],[-122.351256,47.559311],[-122.35072,47.559322],[-122.350151,47.559125],[-122.349216,47.559117],[-122.347237,47.56302],[-122.346271,47.563267],[-122.345057,47.559182],[-122.340536,47.551135],[-122.33668,47.543825],[-122.334677,47.542405],[-122.335012,47.541341],[-122.335144,47.540591],[-122.335052,47.538854],[-122.335924,47.539407],[-122.337091,47.539772],[-122.340435,47.540364],[-122.34146,47.540409],[-122.343735,47.540183],[-122.34525,47.539727],[-122.345823,47.539482],[-122.346142,47.539187],[-122.346398,47.538765],[-122.347092,47.536393],[-122.347164,47.534782],[-122.347072,47.534076],[-122.35054,47.534041],[-122.351678,47.534263],[-122.352243,47.53428],[-122.353917,47.533684],[-122.355035,47.533679],[-122.355028,47.534556],[-122.356488,47.534559],[-122.357149,47.534784],[-122.357514,47.535144],[-122.357702,47.536667],[-122.358041,47.537328],[-122.358237,47.537528],[-122.358838,47.537763],[-122.361094,47.537952],[-122.360757,47.540539],[-122.36123,47.542111],[-122.361197,47.544164],[-122.361697,47.545029],[-122.362765,47.546396],[-122.363011,47.547042],[-122.363046,47.547425],[-122.363012,47.550107],[-122.361706,47.550097],[-122.361781,47.550342],[-122.361746,47.553713],[-122.366336,47.553769],[-122.366215,47.555308]]],"type":"Polygon"},"properties":{"tract_name":"Census Tract 108, King, WA","geoid":"14000US53033010800","ses_index":71,"access_index":1,"kids_per_pitch":1364,"median_income":155865,"poverty_rate":6.89,"kids_5_17":682,"facility_count":0,"nearest_facility_km":1.756,"data_year":"ACS 2023 5-year"},"type":"Feature"},{"geometry":{"coordinates":[[[-122.342737,47.55622],[-122.341709,47.556052],[-122.34166,47.555884],[-122.338131,47.555743],[-122.327187,47.555637],[-122.326712,47.555464],[-122.323623,47.553365],[-122.321679,47.553354],[-122.321186,47.553434],[-122.321078,47.553378],[-122.316531,47.548879],[-122.31466,47.548053],[-122.312479,47.545997],[-122.299241,47.534851],[-122.298586,47.534219],[-122.298041,47.533577],[-122.297462,47.53267],[-122.29365,47.52446],[-122.293827,47.524325],[-122.300501,47.524453],[-122.301841,47.52425],[-122.308347,47.524281],[-122.308984,47.526023],[-122.309571,47.526756],[-122.310706,47.527635],[-122.311683,47.528078],[-122.312778,47.528346],[-122.31364,47.529006],[-122.320072,47.532694],[-122.329005,47.538385],[-122.33668,47.543825],[-122.340536,47.551135],[-122.343288,47.55603],[-122.342737,47.55622]]],"type":"Polygon"},"properties":{"tract_name":"Census Tract 109, King, WA","geoid":"14000US53033010900","ses_index":44,"access_index":17,"kids_per_pitch":38,"median_income":79750,"poverty_rate":17.84,"kids_5_17":38,"facility_count":1,"nearest_facility_km":1.178,"data_year":"ACS 2023 5-year"},"type":"Feature"},{"geometry":{"coordinates":[[[-122.292796,47.544315],[-122.292589,47.544393],[-122.292581,47.544434],[-122.292596,47.546163],[-122.285432,47.546048],[-122.284416,47.5439],[-122.284043,47.543192],[-122.282828,47.540674],[-122.281836,47.538885],[-122.28094,47.537047],[-122.280656,47.536131],[-122.28064,47.535402],[-122.280344,47.535256],[-122.280022,47.534614],[-122.279714,47.534174],[-122.27882,47.533255],[-122.278305,47.531541],[-122.283038,47.53152],[-122.285956,47.531553],[-122.288471,47.531683],[-122.289692,47.534014],[-122.290006,47.534434],[-122.290412,47.534845],[-122.290922,47.53522],[-122.290194,47.535219],[-122.289996,47.535316],[-122.28997,47.535389],[-122.289986,47.538371],[-122.291422,47.538865],[-122.291519,47.538867],[-122.291513,47.538971],[-122.291337,47.539246],[-122.291211,47.539351],[-122.290897,47.539475],[-122.290572,47.539538],[-122.290366,47.539634],[-122.290201,47.539815],[-122.290136,47.54001],[-122.290194,47.540152],[-122.291868,47.542541],[-122.291963,47.542605],[-122.292158,47.54265],[-122.29279,47.54265],[-122.29277,47.544245],[-122.292796,47.544315]]],"type":"Polygon"},"properties":{"tract_name":"Census Tract 110.01, King, WA","geoid":"14000US53033011001","ses_index":31,"access_index":2,"kids_per_pitch":1914,"median_income":51778,"poverty_rate":27.3,"kids_5_17":957,"facility_count":0,"nearest_facility_km":0.69,"data_year":"ACS 2023 5-year"},"type":"Feature"},{"geometry":{"coordinates":[[[-122.313818,47.54753],[-122.311133,47.548884],[-122.309924,47.548065],[-122.307939,47.546979],[-122.307504,47.547123],[-122.30726,47.547124],[-122.307081,47.547072],[-122.306436,47.546623],[-122.306179,47.546537],[-122.292596,47.546163],[-122.292581,47.544434],[-122.292589,47.544393],[-122.292796,47.544315],[-122.29279,47.54265],[-122.292158,47.54265],[-122.291868,47.542541],[-122.290194,47.540152],[-122.290136,47.54001],[-122.290201,47.539815],[-122.290366,47.539634],[-122.291211,47.539351],[-122.291337,47.539246],[-122.291513,47.538971],[-122.291519,47.538867],[-122.289986,47.538371],[-122.28997,47.535389],[-122.289996,47.535316],[-122.290194,47.535219],[-122.290922,47.53522],[-122.290412,47.534845],[-122.290006,47.534434],[-122.289692,47.534014],[-122.289183,47.533058],[-122.294595,47.533112],[-122.294265,47.532406],[-122.293407,47.531163],[-122.293343,47.530933],[-122.293427,47.530695],[-122.293596,47.530555],[-122.293971,47.530415],[-122.296187,47.52996],[-122.297634,47.532985],[-122.298041,47.533577],[-122.298845,47.53449],[-122.312479,47.545997],[-122.314014,47.547434],[-122.313818,47.54753]]],"type":"Polygon"},"properties":{"tract_name":"Census Tract 110.02, King, WA","geoid":"14000US53033011002","ses_index":45,"access_index":10,"kids_per_pitch":1165,"median_income":94648,"poverty_rate":22.59,"kids_5_17":1165,"facility_count":1,"nearest_facility_km":0.197,"data_year":"ACS 2023 5-year"},"type":"Feature"},{"geometry":{"coordinates":[[[-122.285432,47.546048],[-122.28085,47.545986],[-122.275991,47.546025],[-122.27451,47.544901],[-122.270945,47.539802],[-122.270276,47.536956],[-122.272643,47.536948],[-122.272651,47.532624],[-122.272665,47.531643],[-122.272717,47.531563],[-122.278305,47.531541],[-122.27882,47.533255],[-122.279714,47.534174],[-122.280022,47.534614],[-122.280344,47.535256],[-122.28064,47.535402],[-122.280656,47.536131],[-122.28094,47.537047],[-122.281836,47.538885],[-122.282828,47.540674],[-122.284043,47.543192],[-122.284416,47.5439],[-122.285432,47.546048]]],"type":"Polygon"},"properties":{"tract_name":"Census Tract 111.01, King, WA","geoid":"14000US53033011101","ses_index":55,"access_index":1,"kids_per_pitch":600,"median_income":89170,"poverty_rate":5.03,"kids_5_17":300,"facility_count":0,"nearest_facility_km":1.395,"data_year":"ACS 2023 5-year"},"type":"Feature"},{"geometry":{"coordinates":[[[-122.275991,47.546025],[-122.263729,47.546053],[-122.264085,47.544538],[-122.263823,47.544632],[-122.262811,47.545686],[-122.261789,47.546541],[-122.261798,47.544936],[-122.257421,47.544918],[-122.254951,47.545663],[-122.243386,47.547974],[-122.244928,47.546122],[-122.246748,47.544389],[-122.248826,47.542795],[-122.251215,47.541298],[-122.252158,47.540468],[-122.253022,47.539516],[-122.253734,47.538509],[-122.254287,47.537457],[-122.254675,47.536371],[-122.254892,47.535264],[-122.254938,47.534147],[-122.254699,47.532185],[-122.262318,47.531727],[-122.264353,47.531643],[-122.269992,47.531668],[-122.269993,47.53158],[-122.272717,47.531563],[-122.272665,47.531643],[-122.272651,47.532624],[-122.272643,47.536948],[-122.270276,47.536956],[-122.270945,47.539802],[-122.27451,47.544901],[-122.275991,47.546025]]],"type":"Polygon"},"properties":{"tract_name":"Census Tract 111.02, King, WA","geoid":"14000US53033011102","ses_index":64,"access_index":1,"kids_per_pitch":1336,"median_income":120895,"poverty_rate":4.89,"kids_5_17":668,"facility_count":0,"nearest_facility_km":1.835,"data_year":"ACS 2023 5-year"},"type":"Feature"},{"geometry":{"coordinates":[[[-122.335158,47.540374],[-122.335063,47.541135],[-122.334677,47.542405],[-122.329005,47.538385],[-122.320072,47.532694],[-122.315336,47.529978],[-122.316098,47.529798],[-122.317602,47.529769],[-122.317554,47.52821],[-122.314898,47.527369],[-122.311887,47.526583],[-122.311724,47.526485],[-122.311084,47.525758],[-122.309972,47.524754],[-122.309703,47.524299],[-122.309533,47.523704],[-122.309518,47.5234],[-122.309671,47.522145],[-122.313361,47.522133],[-122.313666,47.522183],[-122.317656,47.522222],[-122.317526,47.518725],[-122.325879,47.518691],[-122.325876,47.52092],[-122.330779,47.520901],[-122.3315,47.520955],[-122.33232,47.522229],[-122.332901,47.523489],[-122.333242,47.524554],[-122.333706,47.527393],[-122.334387,47.529677],[-122.334503,47.53059],[-122.334514,47.534457],[-122.334766,47.538552],[-122.335052,47.538854],[-122.335158,47.540374]]],"type":"Polygon"},"properties":{"tract_name":"Census Tract 112, King, WA","geoid":"14000US53033011200","ses_index":57,"access_index":11,"kids_per_pitch":852,"median_income":109805,"poverty_rate":10.78,"kids_5_17":852,"facility_count":1,"nearest_facility_km":0.08,"data_year":"ACS 2023 5-year"},"type":"Feature"},{"geometry":{"coordinates":[[[-122.355147,47.519194],[-122.355035,47.533679],[-122.353917,47.533684],[-122.352243,47.53428],[-122.351678,47.534263],[-122.35054,47.534041],[-122.347072,47.534076],[-122.347164,47.534782],[-122.347092,47.536393],[-122.346398,47.538765],[-122.346142,47.539187],[-122.345823,47.539482],[-122.34525,47.539727],[-122.343735,47.540183],[-122.34146,47.540409],[-122.340435,47.540364],[-122.337091,47.539772],[-122.336117,47.53949],[-122.335702,47.539306],[-122.335003,47.538812],[-122.334766,47.538552],[-122.334514,47.534457],[-122.334503,47.53059],[-122.334387,47.529677],[-122.333706,47.527393],[-122.333242,47.524554],[-122.332901,47.523489],[-122.33232,47.522229],[-122.3315,47.520955],[-122.33436,47.520818],[-122.333866,47.519824],[-122.334762,47.519679],[-122.334991,47.51973],[-122.336194,47.520252],[-122.335837,47.520631],[-122.335796,47.520853],[-122.335905,47.520992],[-122.336303,47.521242],[-122.33895,47.519284],[-122.339139,47.519061],[-122.339913,47.517586],[-122.340134,47.517277],[-122.340448,47.51724],[-122.355167,47.51738],[-122.355147,47.519194]]],"type":"Polygon"},"properties":{"tract_name":"Census Tract 113, King, WA","geoid":"14000US53033011300","ses_index":60,"access_index":1,"kids_per_pitch":1042,"median_income":112455,"poverty_rate":6.58,"kids_5_17":521,"facility_count":0,"nearest_facility_km":1.267,"data_year":"ACS 2023 5-year"},"type":"Feature"},{"geometry":{"coordinates":[[[-122.371254,47.526473],[-122.371248,47.528281],[-122.368553,47.52828],[-122.368552,47.531817],[-122.368494,47.531947],[-122.36849,47.533711],[-122.360426,47.53369],[-122.36055,47.53415],[-122.361138,47.53551],[-122.361336,47.536119],[-122.361094,47.537952],[-122.358838,47.537763],[-122.358613,47.537706],[-122.358237,47.537528],[-122.358041,47.537328],[-122.357702,47.536667],[-122.357611,47.536253],[-122.357556,47.535257],[-122.357514,47.535144],[-122.357325,47.534913],[-122.357028,47.534724],[-122.356488,47.534559],[-122.355028,47.534556],[-122.355085,47.524704],[-122.371259,47.524665],[-122.371254,47.526473]]],"type":"Polygon"},"properties":{"tract_name":"Census Tract 114.01, King, WA","geoid":"14000US53033011401","ses_index":52,"access_index":7,"kids_per_pitch":656,"median_income":93897,"poverty_rate":12.06,"kids_5_17":656,"facility_count":1,"nearest_facility_km":0.549,"data_year":"ACS 2023 5-year"},"type":"Feature"},{"geometry":{"coordinates":[[[-122.37688,47.51768],[-122.376791,47.519269],[-122.376764,47.521068],[-122.371329,47.521044],[-122.371259,47.524665],[-122.355085,47.524704],[-122.355167,47.51738],[-122.358557,47.517347],[-122.358564,47.515528],[-122.360495,47.515528],[-122.360542,47.51736],[-122.365915,47.517361],[-122.376887,47.517486],[-122.37688,47.51768]]],"type":"Polygon"},"properties":{"tract_name":"Census Tract 114.02, King, WA","geoid":"14000US53033011402","ses_index":62,"access_index":13,"kids_per_pitch":522,"median_income":118864,"poverty_rate":6.59,"kids_5_17":522,"facility_count":1,"nearest_facility_km":0.203,"data_year":"ACS 2023 5-year"},"type":"Feature"},{"geometry":{"coordinates":[[[-122.382025,47.527686],[-122.381961,47.535696],[-122.378381,47.535609],[-122.37836,47.539244],[-122.371196,47.539194],[-122.371198,47.533784],[-122.371161,47.533721],[-122.36849,47.533711],[-122.368494,47.531947],[-122.368552,47.531817],[-122.368553,47.52828],[-122.371248,47.528281],[-122.371259,47.524665],[-122.371329,47.521044],[-122.379442,47.521087],[-122.379341,47.524687],[-122.379337,47.526135],[-122.381901,47.526168],[-122.382016,47.52643],[-122.382025,47.527686]]],"type":"Polygon"},"properties":{"tract_name":"Census Tract 115, King, WA","geoid":"14000US53033011500","ses_index":65,"access_index":14,"kids_per_pitch":290,"median_income":128073,"poverty_rate":6.23,"kids_5_17":579,"facility_count":2,"nearest_facility_km":0.416,"data_year":"ACS 2023 5-year"},"type":"Feature"},{"geometry":{"coordinates":[[[-122.401279,47.522225],[-122.394438,47.52562],[-122.392763,47.526333],[-122.39269,47.532319],[-122.387355,47.532292],[-122.387396,47.528538],[-122.382022,47.52841],[-122.382016,47.52643],[-122.381901,47.526168],[-122.379337,47.526135],[-122.379442,47.521087],[-122.376764,47.521068],[-122.376791,47.519269],[-122.376887,47.517486],[-122.379526,47.517482],[-122.379448,47.51655],[-122.384793,47.51656],[-122.384851,47.517327],[-122.384925,47.517431],[-122.385017,47.517462],[-122.388233,47.517455],[-122.388968,47.517517],[-122.389278,47.517454],[-122.389654,47.517546],[-122.39248,47.517522],[-122.392896,47.517567],[-122.392871,47.519443],[-122.393775,47.5196],[-122.393982,47.519685],[-122.394329,47.519707],[-122.395049,47.520115],[-122.401991,47.521907],[-122.401279,47.522225]]],"type":"Polygon"},"properties":{"tract_name":"Census Tract 116.01, King, WA","geoid":"14000US53033011601","ses_index":76,"access_index":1,"kids_per_pitch":922,"median_income":168618,"poverty_rate":4.35,"kids_5_17":461,"facility_count":0,"nearest_facility_km":1.462,"data_year":"ACS 2023 5-year"},"type":"Feature"},{"geometry":{"coordinates":[[[-122.404919,47.532249],[-122.403359,47.534667],[-122.401238,47.536941],[-122.401731,47.540087],[-122.396355,47.539916],[-122.396462,47.5407],[-122.395382,47.539914],[-122.393809,47.539263],[-122.393096,47.53845],[-122.393079,47.539639],[-122.38987,47.53967],[-122.388817,47.539876],[-122.387362,47.539865],[-122.38727,47.539893],[-122.387262,47.540729],[-122.386722,47.54072],[-122.38615,47.540514],[-122.385226,47.540452],[-122.383295,47.540155],[-122.382779,47.539989],[-122.382395,47.539996],[-122.381912,47.540173],[-122.38192,47.539708],[-122.378514,47.53966],[-122.378355,47.539537],[-122.378381,47.535609],[-122.381961,47.535696],[-122.382022,47.52841],[-122.387396,47.528538],[-122.387355,47.532292],[-122.39269,47.532319],[-122.392763,47.526333],[-122.394438,47.52562],[-122.401991,47.521907],[-122.402417,47.522008],[-122.400365,47.524561],[-122.404729,47.528266],[-122.405479,47.531382],[-122.404919,47.532249]]],"type":"Polygon"},"properties":{"tract_name":"Census Tract 116.02, King, WA","geoid":"14000US53033011602","ses_index":75,"access_index":3,"kids_per_pitch":978,"median_income":156250,"poverty_rate":1.97,"kids_5_17":489,"facility_count":0,"nearest_facility_km":0.507,"data_year":"ACS 2023 5-year"},"type":"Feature"},{"geometry":{"coordinates":[[[-122.296106,47.529972],[-122.293971,47.530415],[-122.293488,47.530626],[-122.293371,47.530811],[-122.293343,47.530933],[-122.293407,47.531163],[-122.294265,47.532406],[-122.294595,47.533112],[-122.289183,47.533058],[-122.288471,47.531683],[-122.285956,47.531553],[-122.278305,47.531541],[-122.278095,47.530815],[-122.278083,47.528902],[-122.276943,47.526117],[-122.276709,47.525189],[-122.276557,47.523972],[-122.276405,47.52331],[-122.276254,47.523036],[-122.276045,47.522811],[-122.272343,47.519965],[-122.271506,47.519046],[-122.270882,47.518051],[-122.270504,47.517594],[-122.270023,47.517149],[-122.270069,47.509663],[-122.275411,47.509784],[-122.27543,47.507142],[-122.276241,47.507231],[-122.277225,47.507839],[-122.277703,47.507967],[-122.278229,47.507991],[-122.278235,47.509852],[-122.29134,47.510146],[-122.29128,47.516751],[-122.291296,47.524463],[-122.29365,47.52446],[-122.296187,47.52996],[-122.296106,47.529972]]],"type":"Polygon"},"properties":{"tract_name":"Census Tract 117, King, WA","geoid":"14000US53033011700","ses_index":52,"access_index":2,"kids_per_pitch":1500,"median_income":93090,"poverty_rate":11.7,"kids_5_17":750,"facility_count":0,"nearest_facility_km":0.78,"data_year":"ACS 2023 5-year"},"type":"Feature"},{"geometry":{"coordinates":[[[-122.278305,47.531541],[-122.269993,47.53158],[-122.269992,47.531668],[-122.264353,47.531643],[-122.262318,47.531727],[-122.254699,47.532185],[-122.254241,47.530623],[-122.253544,47.529103],[-122.252617,47.52764],[-122.251192,47.525962],[-122.249087,47.524407],[-122.259305,47.523304],[-122.269988,47.523305],[-122.269992,47.522322],[-122.27431,47.522349],[-122.274327,47.521504],[-122.276045,47.522811],[-122.276254,47.523036],[-122.276405,47.52331],[-122.276557,47.523972],[-122.276709,47.525189],[-122.276943,47.526117],[-122.277164,47.526749],[-122.278083,47.528902],[-122.278095,47.530815],[-122.278305,47.531541]]],"type":"Polygon"},"properties":{"tract_name":"Census Tract 118.01, King, WA","geoid":"14000US53033011801","ses_index":60,"access_index":11,"kids_per_pitch":438,"median_income":98342,"poverty_rate":1.9,"kids_5_17":438,"facility_count":1,"nearest_facility_km":0.421,"data_year":"ACS 2023 5-year"},"type":"Feature"},{"geometry":{"coordinates":[[[-122.270271,47.501341],[-122.270175,47.503177],[-122.27007,47.509537],[-122.270023,47.517149],[-122.269614,47.516847],[-122.264249,47.513317],[-122.260705,47.513308],[-122.260398,47.513369],[-122.259344,47.513369],[-122.259403,47.51012],[-122.258751,47.509697],[-122.25943,47.509692],[-122.259497,47.502648],[-122.259643,47.495601],[-122.268426,47.495523],[-122.270302,47.495543],[-122.270227,47.500282],[-122.270327,47.500303],[-122.270271,47.501341]]],"type":"Polygon"},"properties":{"tract_name":"Census Tract 119.01, King, WA","geoid":"14000US53033011901","ses_index":64,"access_index":1,"kids_per_pitch":1010,"median_income":119933,"poverty_rate":4.37,"kids_5_17":505,"facility_count":0,"nearest_facility_km":0.958,"data_year":"ACS 2023 5-year"},"type":"Feature"},{"geometry":{"coordinates":[[[-122.259497,47.502648],[-122.25943,47.509692],[-122.258751,47.509697],[-122.259403,47.51012],[-122.259344,47.513369],[-122.25468,47.513343],[-122.254674,47.513897],[-122.25234,47.512093],[-122.252294,47.5122],[-122.250515,47.513251],[-122.240322,47.519865],[-122.235699,47.517769],[-122.219822,47.509801],[-122.235294,47.509513],[-122.243034,47.509597],[-122.24336,47.509682],[-122.247146,47.509734],[-122.246945,47.50915],[-122.246742,47.508968],[-122.246972,47.508211],[-122.246079,47.507236],[-122.24603,47.506169],[-122.246278,47.505232],[-122.245485,47.503886],[-122.245644,47.502953],[-122.240819,47.502883],[-122.24087,47.499245],[-122.249635,47.499343],[-122.250506,47.502219],[-122.250814,47.502831],[-122.259515,47.502537],[-122.259497,47.502648]]],"type":"Polygon"},"properties":{"tract_name":"Census Tract 119.02, King, WA","geoid":"14000US53033011902","ses_index":70,"access_index":1,"kids_per_pitch":716,"median_income":142689,"poverty_rate":3.47,"kids_5_17":358,"facility_count":0,"nearest_facility_km":1.135,"data_year":"ACS 2023 5-year"},"type":"Feature"},{"geometry":{"coordinates":[[[-122.391466,47.516065],[-122.391332,47.516882],[-122.391154,47.517334],[-122.391166,47.51755],[-122.389654,47.517546],[-122.389278,47.517454],[-122.388968,47.517517],[-122.388233,47.517455],[-122.385017,47.517462],[-122.384925,47.517431],[-122.384851,47.517327],[-122.384793,47.51656],[-122.379448,47.51655],[-122.379526,47.517482],[-122.3714,47.517424],[-122.371316,47.516653],[-122.370984,47.512047],[-122.37086,47.509458],[-122.370877,47.508199],[-122.375935,47.508187],[-122.387792,47.508291],[-122.387947,47.50952],[-122.388024,47.509805],[-122.388166,47.510083],[-122.388572,47.510538],[-122.389911,47.511451],[-122.390144,47.511675],[-122.390765,47.512535],[-122.390966,47.512971],[-122.391067,47.513305],[-122.391452,47.514983],[-122.391489,47.515622],[-122.391466,47.516065]]],"type":"Polygon"},"properties":{"tract_name":"Census Tract 120, King, WA","geoid":"14000US53033012000","ses_index":64,"access_index":1,"kids_per_pitch":1148,"median_income":120398,"poverty_rate":3.83,"kids_5_17":574,"facility_count":0,"nearest_facility_km":1.441,"data_year":"ACS 2023 5-year"},"type":"Feature"},{"geometry":{"coordinates":[[[-122.402735,47.519339],[-122.402417,47.522008],[-122.395049,47.520115],[-122.394329,47.519707],[-122.393982,47.519685],[-122.392871,47.519443],[-122.392896,47.517567],[-122.39248,47.517522],[-122.391166,47.51755],[-122.391154,47.517334],[-122.391332,47.516882],[-122.391462,47.516144],[-122.391489,47.515622],[-122.391452,47.514983],[-122.390966,47.512971],[-122.390765,47.512535],[-122.390144,47.511675],[-122.389672,47.511276],[-122.388572,47.510538],[-122.388166,47.510083],[-122.387947,47.50952],[-122.387792,47.508291],[-122.370877,47.508199],[-122.370714,47.507259],[-122.370465,47.506409],[-122.370394,47.505821],[-122.37054,47.505135],[-122.370596,47.503683],[-122.370919,47.503241],[-122.372051,47.502182],[-122.373923,47.500697],[-122.374133,47.499617],[-122.37485,47.497659],[-122.375312,47.496869],[-122.375652,47.496434],[-122.380128,47.493203],[-122.389268,47.498959],[-122.395502,47.50637],[-122.399741,47.512349],[-122.403607,47.516222],[-122.402735,47.519339]]],"type":"Polygon"},"properties":{"tract_name":"Census Tract 121, King, WA","geoid":"14000US53033012100","ses_index":79,"access_index":1,"kids_per_pitch":866,"median_income":179250,"poverty_rate":4.67,"kids_5_17":433,"facility_count":0,"nearest_facility_km":1.75,"data_year":"ACS 2023 5-year"},"type":"Feature"},{"geometry":{"coordinates":[[[-122.398825,47.777938],[-122.391984,47.777934],[-122.389811,47.777894],[-122.386961,47.777919],[-122.380189,47.77784],[-122.377334,47.777848],[-122.377477,47.777634],[-122.377229,47.77063],[-122.37719,47.765417],[-122.377373,47.764378],[-122.378045,47.763242],[-122.37836,47.76291],[-122.379588,47.76192],[-122.380391,47.761447],[-122.381106,47.761806],[-122.381495,47.76205],[-122.382595,47.762929],[-122.384226,47.763458],[-122.384435,47.763421],[-122.39352,47.763384],[-122.398185,47.770233],[-122.398825,47.777938]]],"type":"Polygon"},"properties":{"tract_name":"Census Tract 201, King, WA","geoid":"14000US53033020100","ses_index":72,"access_index":1,"kids_per_pitch":1174,"median_income":166836,"poverty_rate":10.11,"kids_5_17":587,"facility_count":0,"nearest_facility_km":0.966,"data_year":"ACS 2023 5-year"},"type":"Feature"},{"geometry":{"coordinates":[[[-122.377477,47.777634],[-122.377334,47.777848],[-122.369976,47.777797],[-122.369841,47.777752],[-122.36822,47.777798],[-122.364621,47.777716],[-122.361617,47.777777],[-122.35149,47.777781],[-122.351275,47.77049],[-122.351227,47.763223],[-122.351878,47.76334],[-122.352149,47.763478],[-122.352903,47.764168],[-122.353219,47.764344],[-122.35372,47.764497],[-122.354378,47.764548],[-122.356085,47.764269],[-122.356601,47.764302],[-122.356942,47.764381],[-122.35822,47.764927],[-122.358821,47.765047],[-122.366609,47.765119],[-122.366973,47.765156],[-122.367213,47.765233],[-122.368067,47.765641],[-122.369449,47.765689],[-122.370068,47.765875],[-122.370255,47.765993],[-122.373125,47.768604],[-122.373615,47.768767],[-122.374856,47.768794],[-122.375408,47.768902],[-122.375588,47.768992],[-122.377226,47.770252],[-122.377477,47.777634]]],"type":"Polygon"},"properties":{"tract_name":"Census Tract 202, King, WA","geoid":"14000US53033020200","ses_index":61,"access_index":14,"kids_per_pitch":447,"median_income":119444,"poverty_rate":8.17,"kids_5_17":893,"facility_count":2,"nearest_facility_km":0.014,"data_year":"ACS 2023 5-year"},"type":"Feature"},{"geometry":{"coordinates":[[[-122.35149,47.777781],[-122.335323,47.77777],[-122.333547,47.777675],[-122.329939,47.77762],[-122.329789,47.770452],[-122.335184,47.77055],[-122.342716,47.77052],[-122.34491,47.770551],[-122.347299,47.770505],[-122.351275,47.77049],[-122.35149,47.777781]]],"type":"Polygon"},"properties":{"tract_name":"Census Tract 203.01, King, WA","geoid":"14000US53033020301","ses_index":50,"access_index":1,"kids_per_pitch":1076,"median_income":88250,"poverty_rate":12.44,"kids_5_17":538,"facility_count":0,"nearest_facility_km":1.221,"data_year":"ACS 2023 5-year"},"type":"Feature"},{"geometry":{"coordinates":[[[-122.351275,47.77049],[-122.347299,47.770505],[-122.34491,47.770551],[-122.342716,47.77052],[-122.335184,47.77055],[-122.329789,47.770452],[-122.329634,47.76325],[-122.33502,47.763271],[-122.351227,47.763223],[-122.351275,47.77049]]],"type":"Polygon"},"properties":{"tract_name":"Census Tract 203.02, King, WA","geoid":"14000US53033020302","ses_index":53,"access_index":1,"kids_per_pitch":1182,"median_income":99776,"poverty_rate":13.23,"kids_5_17":591,"facility_count":0,"nearest_facility_km":1.039,"data_year":"ACS 2023 5-year"},"type":"Feature"},{"geometry":{"coordinates":[[[-122.329939,47.77762],[-122.328329,47.777595],[-122.326276,47.777687],[-122.308359,47.777533],[-122.309689,47.77188],[-122.309785,47.77163],[-122.310003,47.771427],[-122.310533,47.771201],[-122.313005,47.770343],[-122.312811,47.770213],[-122.312494,47.770127],[-122.31079,47.770076],[-122.310119,47.76971],[-122.308943,47.769219],[-122.308147,47.767687],[-122.306725,47.76674],[-122.306217,47.766518],[-122.305734,47.766112],[-122.30527,47.765357],[-122.305242,47.764269],[-122.306056,47.764286],[-122.307612,47.764542],[-122.308012,47.764553],[-122.309168,47.76428],[-122.309641,47.764261],[-122.309948,47.764361],[-122.310739,47.764778],[-122.311974,47.76495],[-122.31227,47.765056],[-122.313291,47.765677],[-122.315871,47.766528],[-122.316304,47.766838],[-122.317059,47.767843],[-122.317338,47.768003],[-122.317695,47.76805],[-122.317931,47.768013],[-122.318252,47.767831],[-122.318865,47.76671],[-122.318825,47.763171],[-122.329634,47.76325],[-122.329939,47.77762]]],"type":"Polygon"},"properties":{"tract_name":"Census Tract 204.01, King, WA","geoid":"14000US53033020401","ses_index":59,"access_index":11,"kids_per_pitch":389,"median_income":102237,"poverty_rate":5.25,"kids_5_17":778,"facility_count":2,"nearest_facility_km":0.495,"data_year":"ACS 2023 5-year"},"type":"Feature"},{"geometry":{"coordinates":[[[-122.313005,47.770343],[-122.310533,47.771201],[-122.310003,47.771427],[-122.309785,47.77163],[-122.309689,47.77188],[-122.308359,47.777533],[-122.290087,47.777349],[-122.290329,47.775848],[-122.290234,47.775472],[-122.289858,47.77478],[-122.289826,47.774411],[-122.288365,47.772832],[-122.288086,47.772659],[-122.28754,47.772515],[-122.286655,47.772024],[-122.285685,47.770734],[-122.284973,47.769045],[-122.284806,47.768818],[-122.284238,47.768378],[-122.28391,47.767835],[-122.283791,47.767506],[-122.283847,47.767192],[-122.285052,47.7659],[-122.285137,47.765622],[-122.285199,47.764982],[-122.285515,47.764012],[-122.285517,47.763636],[-122.285246,47.762971],[-122.28527,47.762298],[-122.285232,47.762159],[-122.284965,47.761868],[-122.284666,47.761412],[-122.28388,47.760058],[-122.28524,47.760155],[-122.286586,47.760654],[-122.286961,47.760879],[-122.289214,47.762553],[-122.289492,47.762685],[-122.289876,47.762737],[-122.291069,47.762752],[-122.291874,47.762885],[-122.291755,47.759922],[-122.292692,47.76058],[-122.293176,47.760746],[-122.298111,47.761312],[-122.298592,47.761025],[-122.298781,47.761087],[-122.298967,47.76118],[-122.299468,47.761749],[-122.300584,47.762402],[-122.300937,47.762796],[-122.301078,47.76287],[-122.301817,47.763014],[-122.302278,47.763341],[-122.302737,47.763561],[-122.303979,47.763966],[-122.304597,47.764228],[-122.305242,47.764269],[-122.30527,47.765357],[-122.305734,47.766112],[-122.306217,47.766518],[-122.306725,47.76674],[-122.308147,47.767687],[-122.308943,47.769219],[-122.310119,47.76971],[-122.31079,47.770076],[-122.312494,47.770127],[-122.312811,47.770213],[-122.313005,47.770343]]],"type":"Polygon"},"properties":{"tract_name":"Census Tract 204.02, King, WA","geoid":"14000US53033020402","ses_index":63,"access_index":5,"kids_per_pitch":1050,"median_income":121212,"poverty_rate":5.89,"kids_5_17":1050,"facility_count":1,"nearest_facility_km":0.779,"data_year":"ACS 2023 5-year"},"type":"Feature"},{"geometry":{"coordinates":[[[-122.324175,47.7614],[-122.323993,47.761735],[-122.322859,47.762737],[-122.322778,47.762889],[-122.322729,47.763207],[-122.318825,47.763171],[-122.318865,47.76671],[-122.318332,47.767721],[-122.318088,47.767951],[-122.317931,47.768013],[-122.317513,47.768042],[-122.317232,47.767961],[-122.317059,47.767843],[-122.316304,47.766838],[-122.315871,47.766528],[-122.315608,47.76641],[-122.313291,47.765677],[-122.31227,47.765056],[-122.311974,47.76495],[-122.311036,47.764839],[-122.310474,47.76467],[-122.310326,47.764576],[-122.310328,47.764082],[-122.308092,47.763008],[-122.307344,47.761465],[-122.303724,47.759486],[-122.303604,47.759216],[-122.303554,47.758671],[-122.303731,47.758387],[-122.304245,47.758391],[-122.304195,47.758289],[-122.304068,47.758158],[-122.302852,47.757567],[-122.302635,47.757433],[-122.302403,47.757183],[-122.302321,47.756997],[-122.302111,47.755614],[-122.302053,47.754138],[-122.302393,47.753102],[-122.30332,47.752646],[-122.302624,47.751979],[-122.303034,47.75107],[-122.303,47.750158],[-122.302185,47.749846],[-122.302133,47.74833],[-122.307459,47.748393],[-122.307454,47.748346],[-122.307776,47.748281],[-122.308392,47.748245],[-122.309088,47.748076],[-122.309945,47.748453],[-122.323924,47.748592],[-122.324175,47.7614]]],"type":"Polygon"},"properties":{"tract_name":"Census Tract 205, King, WA","geoid":"14000US53033020500","ses_index":66,"access_index":4,"kids_per_pitch":1152,"median_income":134688,"poverty_rate":6.6,"kids_5_17":1152,"facility_count":1,"nearest_facility_km":0.787,"data_year":"ACS 2023 5-year"},"type":"Feature"},{"geometry":{"coordinates":[[[-122.340423,47.763255],[-122.33502,47.763271],[-122.322729,47.763207],[-122.322778,47.762889],[-122.322859,47.762737],[-122.323993,47.761735],[-122.324175,47.7614],[-122.323924,47.748592],[-122.328248,47.748643],[-122.328864,47.748572],[-122.329345,47.748624],[-122.331512,47.748645],[-122.331843,47.748539],[-122.332095,47.748533],[-122.332676,47.748542],[-122.33281,47.74868],[-122.333372,47.748704],[-122.340082,47.74871],[-122.340423,47.763255]]],"type":"Polygon"},"properties":{"tract_name":"Census Tract 206, King, WA","geoid":"14000US53033020600","ses_index":78,"access_index":12,"kids_per_pitch":328,"median_income":166611,"poverty_rate":1.32,"kids_5_17":655,"facility_count":2,"nearest_facility_km":0.605,"data_year":"ACS 2023 5-year"},"type":"Feature"},{"geometry":{"coordinates":[[[-122.356085,47.764269],[-122.354378,47.764548],[-122.35372,47.764497],[-122.353219,47.764344],[-122.352903,47.764168],[-122.352149,47.763478],[-122.351878,47.76334],[-122.35155,47.763253],[-122.351227,47.763223],[-122.340423,47.763255],[-122.340082,47.74871],[-122.353243,47.748669],[-122.353963,47.748981],[-122.354415,47.749245],[-122.3546,47.749429],[-122.354513,47.751368],[-122.353191,47.754121],[-122.352775,47.755944],[-122.352755,47.756241],[-122.352842,47.756532],[-122.352957,47.756715],[-122.354186,47.758376],[-122.35452,47.759014],[-122.354664,47.759604],[-122.354764,47.761255],[-122.354802,47.761387],[-122.355241,47.762818],[-122.355989,47.763997],[-122.356085,47.764269]]],"type":"Polygon"},"properties":{"tract_name":"Census Tract 207, King, WA","geoid":"14000US53033020700","ses_index":52,"access_index":9,"kids_per_pitch":463,"median_income":88686,"poverty_rate":9.31,"kids_5_17":463,"facility_count":1,"nearest_facility_km":0.663,"data_year":"ACS 2023 5-year"},"type":"Feature"},{"geometry":{"coordinates":[[[-122.393461,47.763385],[-122.384226,47.763458],[-122.382595,47.762929],[-122.381495,47.76205],[-122.380391,47.761447],[-122.379588,47.76192],[-122.37836,47.76291],[-122.378045,47.763242],[-122.377373,47.764378],[-122.37719,47.765417],[-122.377226,47.770252],[-122.375408,47.768902],[-122.374856,47.768794],[-122.373615,47.768767],[-122.373125,47.768604],[-122.370255,47.765993],[-122.369821,47.765781],[-122.369449,47.765689],[-122.368067,47.765641],[-122.367213,47.765233],[-122.366609,47.765119],[-122.358821,47.765047],[-122.35822,47.764927],[-122.356942,47.764381],[-122.356085,47.764269],[-122.355989,47.763997],[-122.355241,47.762818],[-122.354802,47.761387],[-122.354664,47.759604],[-122.35452,47.759014],[-122.354186,47.758376],[-122.352842,47.756532],[-122.352755,47.756241],[-122.352775,47.755944],[-122.353191,47.754121],[-122.354513,47.751368],[-122.3546,47.749429],[-122.355026,47.749816],[-122.3555,47.750114],[-122.357837,47.751195],[-122.35834,47.751019],[-122.36504,47.754219],[-122.369564,47.75281],[-122.369837,47.752273],[-122.370149,47.752098],[-122.370107,47.752004],[-122.370325,47.751667],[-122.370893,47.751342],[-122.370936,47.750934],[-122.371238,47.750712],[-122.371229,47.750441],[-122.371965,47.750204],[-122.372498,47.74931],[-122.372657,47.749259],[-122.372974,47.749327],[-122.373429,47.749151],[-122.374745,47.748921],[-122.374902,47.748777],[-122.375841,47.748564],[-122.38234,47.748752],[-122.382641,47.749119],[-122.387131,47.748735],[-122.384779,47.756757],[-122.39352,47.763384],[-122.393461,47.763385]]],"type":"Polygon"},"properties":{"tract_name":"Census Tract 208, King, WA","geoid":"14000US53033020800","ses_index":76,"access_index":2,"kids_per_pitch":1452,"median_income":173015,"poverty_rate":6.99,"kids_5_17":726,"facility_count":0,"nearest_facility_km":0.644,"data_year":"ACS 2023 5-year"},"type":"Feature"},{"geometry":{"coordinates":[[[-122.387115,47.748737],[-122.382641,47.749119],[-122.38234,47.748752],[-122.375841,47.748564],[-122.374902,47.748777],[-122.374745,47.748921],[-122.373429,47.749151],[-122.372974,47.749327],[-122.372657,47.749259],[-122.372498,47.74931],[-122.371965,47.750204],[-122.371229,47.750441],[-122.371238,47.750712],[-122.370936,47.750934],[-122.370893,47.751342],[-122.370325,47.751667],[-122.370107,47.752004],[-122.370149,47.752098],[-122.369837,47.752273],[-122.369773,47.7525],[-122.369564,47.75281],[-122.36504,47.754219],[-122.35834,47.751019],[-122.357837,47.751195],[-122.3555,47.750114],[-122.355026,47.749816],[-122.354415,47.749245],[-122.353243,47.748669],[-122.345602,47.74869],[-122.345561,47.744496],[-122.345248,47.736819],[-122.345211,47.734127],[-122.375049,47.734164],[-122.381268,47.734302],[-122.381948,47.739163],[-122.386786,47.746859],[-122.387115,47.748737]]],"type":"Polygon"},"properties":{"tract_name":"Census Tract 209, King, WA","geoid":"14000US53033020900","ses_index":51,"access_index":9,"kids_per_pitch":561,"median_income":101373,"poverty_rate":15.76,"kids_5_17":561,"facility_count":1,"nearest_facility_km":0.477,"data_year":"ACS 2023 5-year"},"type":"Feature"},{"geometry":{"coordinates":[[[-122.345602,47.74869],[-122.333372,47.748704],[-122.33281,47.74868],[-122.332676,47.748542],[-122.332095,47.748533],[-122.331843,47.748539],[-122.331512,47.748645],[-122.329345,47.748624],[-122.328864,47.748572],[-122.328248,47.748643],[-122.323924,47.748592],[-122.323551,47.736327],[-122.323549,47.73553],[-122.323603,47.734978],[-122.323589,47.734052],[-122.334277,47.734135],[-122.345211,47.734127],[-122.345248,47.736819],[-122.345561,47.744496],[-122.345602,47.74869]]],"type":"Polygon"},"properties":{"tract_name":"Census Tract 210, King, WA","geoid":"14000US53033021000","ses_index":60,"access_index":30,"kids_per_pitch":116,"median_income":116203,"poverty_rate":9.12,"kids_5_17":578,"facility_count":5,"nearest_facility_km":0.535,"data_year":"ACS 2023 5-year"},"type":"Feature"},{"geometry":{"coordinates":[[[-122.323924,47.748592],[-122.309945,47.748453],[-122.309088,47.748076],[-122.308392,47.748245],[-122.307776,47.748281],[-122.307454,47.748346],[-122.307459,47.748393],[-122.302133,47.74833],[-122.301955,47.733828],[-122.323589,47.734052],[-122.323603,47.734978],[-122.323549,47.73553],[-122.323551,47.736327],[-122.323924,47.748592]]],"type":"Polygon"},"properties":{"tract_name":"Census Tract 211, King, WA","geoid":"14000US53033021100","ses_index":62,"access_index":18,"kids_per_pitch":206,"median_income":126563,"poverty_rate":10.1,"kids_5_17":412,"facility_count":2,"nearest_facility_km":0.572,"data_year":"ACS 2023 5-year"},"type":"Feature"},{"geometry":{"coordinates":[[[-122.302085,47.744703],[-122.291293,47.744582],[-122.291346,47.748253],[-122.290856,47.747351],[-122.290448,47.747003],[-122.289834,47.746744],[-122.288935,47.746536],[-122.286926,47.74579],[-122.286961,47.745654],[-122.286404,47.744543],[-122.285855,47.746558],[-122.285562,47.747132],[-122.284829,47.748263],[-122.283058,47.74777],[-122.282934,47.747867],[-122.28258,47.748512],[-122.280732,47.749333],[-122.279447,47.749678],[-122.27918,47.749797],[-122.279015,47.749959],[-122.277799,47.749317],[-122.275698,47.747161],[-122.274137,47.74502],[-122.276137,47.73972],[-122.273537,47.73702],[-122.269937,47.73412],[-122.269808,47.733477],[-122.274368,47.73349],[-122.274397,47.733732],[-122.28705,47.733721],[-122.301955,47.733828],[-122.302085,47.744703]]],"type":"Polygon"},"properties":{"tract_name":"Census Tract 213, King, WA","geoid":"14000US53033021300","ses_index":65,"access_index":1,"kids_per_pitch":698,"median_income":132292,"poverty_rate":6.98,"kids_5_17":349,"facility_count":0,"nearest_facility_km":1.668,"data_year":"ACS 2023 5-year"},"type":"Feature"},{"geometry":{"coordinates":[[[-122.310326,47.764576],[-122.309833,47.76431],[-122.309437,47.764246],[-122.308012,47.764553],[-122.306056,47.764286],[-122.304597,47.764228],[-122.302737,47.763561],[-122.301817,47.763014],[-122.300937,47.762796],[-122.300584,47.762402],[-122.299368,47.761671],[-122.298967,47.76118],[-122.298781,47.761087],[-122.298592,47.761025],[-122.298111,47.761312],[-122.293176,47.760746],[-122.292692,47.76058],[-122.291755,47.759922],[-122.291874,47.762885],[-122.291069,47.762752],[-122.289492,47.762685],[-122.289214,47.762553],[-122.286586,47.760654],[-122.28524,47.760155],[-122.283771,47.760015],[-122.280677,47.756644],[-122.279587,47.75581],[-122.27611,47.753331],[-122.27496,47.753222],[-122.274537,47.75282],[-122.27467,47.752653],[-122.273621,47.752301],[-122.270631,47.750236],[-122.269637,47.74972],[-122.272037,47.74732],[-122.274137,47.74502],[-122.275698,47.747161],[-122.277799,47.749317],[-122.279015,47.749959],[-122.279447,47.749678],[-122.280732,47.749333],[-122.28258,47.748512],[-122.282934,47.747867],[-122.283058,47.74777],[-122.284829,47.748263],[-122.285855,47.746558],[-122.286404,47.744543],[-122.286961,47.745654],[-122.286926,47.74579],[-122.288935,47.746536],[-122.289834,47.746744],[-122.290448,47.747003],[-122.290856,47.747351],[-122.291346,47.748253],[-122.291293,47.744582],[-122.302085,47.744703],[-122.302185,47.749846],[-122.303,47.750158],[-122.303034,47.75107],[-122.302624,47.751979],[-122.30332,47.752646],[-122.302393,47.753102],[-122.302053,47.754138],[-122.302111,47.755614],[-122.302321,47.756997],[-122.302635,47.757433],[-122.304068,47.758158],[-122.304195,47.758289],[-122.304245,47.758391],[-122.303731,47.758387],[-122.303554,47.758671],[-122.303604,47.759216],[-122.303724,47.759486],[-122.307344,47.761465],[-122.308092,47.763008],[-122.310328,47.764082],[-122.310326,47.764576]]],"type":"Polygon"},"properties":{"tract_name":"Census Tract 214, King, WA","geoid":"14000US53033021400","ses_index":76,"access_index":2,"kids_per_pitch":1292,"median_income":159056,"poverty_rate":1.55,"kids_5_17":646,"facility_count":0,"nearest_facility_km":0.853,"data_year":"ACS 2023 5-year"},"type":"Feature"},{"geometry":{"coordinates":[[[-122.290323,47.775945],[-122.290087,47.777349],[-122.271033,47.777095],[-122.270663,47.776772],[-122.270458,47.776495],[-122.269469,47.773949],[-122.269449,47.77348],[-122.269717,47.770248],[-122.269621,47.769821],[-122.269451,47.769496],[-122.268914,47.769005],[-122.268182,47.76866],[-122.267495,47.768509],[-122.266352,47.76838],[-122.264794,47.768001],[-122.264414,47.767784],[-122.264273,47.767524],[-122.264234,47.765859],[-122.264334,47.765047],[-122.263864,47.762088],[-122.263474,47.761523],[-122.262076,47.76025],[-122.261844,47.759893],[-122.261773,47.759628],[-122.261788,47.759292],[-122.261934,47.758937],[-122.262326,47.758348],[-122.262522,47.758339],[-122.262459,47.758208],[-122.262021,47.758109],[-122.261957,47.75804],[-122.261938,47.757863],[-122.261754,47.757816],[-122.262907,47.757847],[-122.262779,47.756486],[-122.26317,47.755711],[-122.265237,47.75372],[-122.269637,47.74972],[-122.270631,47.750236],[-122.273621,47.752301],[-122.27467,47.752653],[-122.274537,47.75282],[-122.27496,47.753222],[-122.27611,47.753331],[-122.280489,47.756472],[-122.283708,47.759959],[-122.28388,47.760058],[-122.284666,47.761412],[-122.285232,47.762159],[-122.28527,47.763114],[-122.285517,47.763636],[-122.285485,47.764173],[-122.285199,47.764982],[-122.285137,47.765622],[-122.285052,47.7659],[-122.283847,47.767192],[-122.283791,47.767506],[-122.28391,47.767835],[-122.284238,47.768378],[-122.284806,47.768818],[-122.284973,47.769045],[-122.285685,47.770734],[-122.286655,47.772024],[-122.28754,47.772515],[-122.288086,47.772659],[-122.288365,47.772832],[-122.289826,47.774411],[-122.289858,47.77478],[-122.290234,47.775472],[-122.290323,47.775945]]],"type":"Polygon"},"properties":{"tract_name":"Census Tract 215, King, WA","geoid":"14000US53033021500","ses_index":83,"access_index":1,"kids_per_pitch":1844,"median_income":198980,"poverty_rate":5.83,"kids_5_17":922,"facility_count":0,"nearest_facility_km":1.014,"data_year":"ACS 2023 5-year"},"type":"Feature"},{"geometry":{"coordinates":[[[-122.271033,47.777095],[-122.253166,47.777059],[-122.252738,47.775884],[-122.252694,47.775692],[-122.252728,47.775448],[-122.252803,47.775238],[-122.252989,47.775031],[-122.253429,47.774732],[-122.253777,47.774615],[-122.251462,47.774625],[-122.250774,47.774569],[-122.250237,47.774343],[-122.249703,47.773999],[-122.249432,47.773752],[-122.249274,47.77349],[-122.249143,47.773002],[-122.248534,47.771678],[-122.248376,47.769959],[-122.248479,47.769535],[-122.249325,47.767862],[-122.249442,47.767489],[-122.249849,47.754353],[-122.253028,47.754323],[-122.255837,47.75452],[-122.259345,47.754222],[-122.25937,47.754411],[-122.264088,47.754828],[-122.26317,47.755711],[-122.262779,47.756486],[-122.262907,47.757847],[-122.261754,47.757816],[-122.261938,47.757863],[-122.261957,47.75804],[-122.262021,47.758109],[-122.262459,47.758208],[-122.262522,47.758339],[-122.262326,47.758348],[-122.261887,47.759019],[-122.26177,47.759413],[-122.261797,47.759755],[-122.262076,47.76025],[-122.263474,47.761523],[-122.263713,47.761803],[-122.263864,47.762088],[-122.264334,47.765047],[-122.264234,47.765859],[-122.264273,47.767524],[-122.264363,47.767727],[-122.264612,47.767931],[-122.264907,47.76803],[-122.265299,47.768086],[-122.266512,47.768411],[-122.267495,47.768509],[-122.268182,47.76866],[-122.268629,47.768846],[-122.269083,47.76912],[-122.269315,47.769326],[-122.269539,47.769641],[-122.269717,47.770248],[-122.269449,47.77348],[-122.269469,47.773949],[-122.270458,47.776495],[-122.270663,47.776772],[-122.271033,47.777095]]],"type":"Polygon"},"properties":{"tract_name":"Census Tract 216, King, WA","geoid":"14000US53033021600","ses_index":68,"access_index":1,"kids_per_pitch":1418,"median_income":142040,"poverty_rate":6.13,"kids_5_17":709,"facility_count":0,"nearest_facility_km":1.287,"data_year":"ACS 2023 5-year"},"type":"Feature"},{"geometry":{"coordinates":[[[-122.253622,47.77465],[-122.252989,47.775031],[-122.252803,47.775238],[-122.252728,47.775448],[-122.252694,47.775692],[-122.252738,47.775884],[-122.253166,47.777059],[-122.24073,47.776951],[-122.2232,47.776686],[-122.223215,47.765795],[-122.227994,47.765885],[-122.22797,47.766568],[-122.228986,47.766571],[-122.229007,47.765939],[-122.229736,47.765988],[-122.230807,47.76592],[-122.233361,47.76596],[-122.233323,47.767138],[-122.236876,47.767137],[-122.23968,47.768052],[-122.24153,47.768271],[-122.242317,47.768429],[-122.242775,47.767338],[-122.242363,47.763676],[-122.24247,47.763367],[-122.243484,47.762043],[-122.243694,47.761452],[-122.243733,47.760606],[-122.244219,47.760637],[-122.249636,47.761541],[-122.249442,47.767489],[-122.249325,47.767862],[-122.248479,47.769535],[-122.248394,47.769818],[-122.248534,47.771678],[-122.249143,47.773002],[-122.249321,47.773592],[-122.249703,47.773999],[-122.250237,47.774343],[-122.250636,47.774529],[-122.251108,47.774614],[-122.253777,47.774615],[-122.253622,47.77465]]],"type":"Polygon"},"properties":{"tract_name":"Census Tract 217.01, King, WA","geoid":"14000US53033021701","ses_index":80,"access_index":1,"kids_per_pitch":1186,"median_income":183424,"poverty_rate":4.75,"kids_5_17":593,"facility_count":0,"nearest_facility_km":1.39,"data_year":"ACS 2023 5-year"},"type":"Feature"},{"geometry":{"coordinates":[[[-122.249774,47.755928],[-122.249781,47.75757],[-122.249636,47.761541],[-122.244219,47.760637],[-122.243733,47.760606],[-122.243694,47.761452],[-122.243484,47.762043],[-122.24247,47.763367],[-122.242363,47.763676],[-122.242775,47.767338],[-122.242317,47.768429],[-122.23968,47.768052],[-122.236876,47.767137],[-122.233323,47.767138],[-122.233361,47.76596],[-122.230807,47.76592],[-122.229736,47.765988],[-122.229007,47.765939],[-122.228986,47.766571],[-122.22797,47.766568],[-122.227994,47.765885],[-122.223215,47.765795],[-122.223232,47.762167],[-122.223436,47.758569],[-122.223389,47.758515],[-122.218025,47.758466],[-122.218188,47.757603],[-122.218301,47.756355],[-122.218578,47.756055],[-122.219794,47.755267],[-122.220102,47.75495],[-122.220656,47.753173],[-122.220721,47.752828],[-122.220646,47.75266],[-122.220687,47.752467],[-122.219954,47.752362],[-122.218799,47.752069],[-122.214505,47.750198],[-122.213612,47.750008],[-122.21251,47.750094],[-122.212989,47.749916],[-122.213256,47.749622],[-122.21341,47.74825],[-122.214562,47.748259],[-122.215553,47.748038],[-122.216074,47.748442],[-122.216817,47.748742],[-122.217103,47.749172],[-122.217546,47.749497],[-122.217768,47.749549],[-122.218208,47.74997],[-122.220436,47.75152],[-122.221236,47.75182],[-122.222636,47.75202],[-122.223768,47.752038],[-122.224896,47.751833],[-122.22629,47.752419],[-122.227098,47.752511],[-122.227736,47.752393],[-122.230003,47.752341],[-122.231346,47.752094],[-122.235836,47.75252],[-122.237836,47.75222],[-122.240736,47.75282],[-122.241636,47.75412],[-122.241836,47.754292],[-122.242537,47.754477],[-122.244137,47.754448],[-122.246841,47.753821],[-122.249849,47.754353],[-122.249774,47.755928]]],"type":"Polygon"},"properties":{"tract_name":"Census Tract 217.02, King, WA","geoid":"14000US53033021702","ses_index":48,"access_index":2,"kids_per_pitch":1320,"median_income":73649,"poverty_rate":9.52,"kids_5_17":660,"facility_count":0,"nearest_facility_km":0.774,"data_year":"ACS 2023 5-year"},"type":"Feature"},{"geometry":{"coordinates":[[[-122.191489,47.776416],[-122.178387,47.776338],[-122.176504,47.776268],[-122.154444,47.7762],[-122.156149,47.769178],[-122.157664,47.763534],[-122.158065,47.762611],[-122.158404,47.762049],[-122.159362,47.760924],[-122.160082,47.760292],[-122.160903,47.759693],[-122.162374,47.758895],[-122.163933,47.758292],[-122.164228,47.757592],[-122.164546,47.757208],[-122.16515,47.756727],[-122.165625,47.756817],[-122.166451,47.756558],[-122.167307,47.756524],[-122.168116,47.75573],[-122.168883,47.754813],[-122.169057,47.754785],[-122.169885,47.754925],[-122.171158,47.755666],[-122.172132,47.756062],[-122.172984,47.756808],[-122.173365,47.757051],[-122.174034,47.757203],[-122.174366,47.757171],[-122.174587,47.757072],[-122.174821,47.757086],[-122.175687,47.757381],[-122.176059,47.757336],[-122.176719,47.757066],[-122.177364,47.757081],[-122.178069,47.757501],[-122.178384,47.757861],[-122.178774,47.757981],[-122.179373,47.757906],[-122.179718,47.757756],[-122.180003,47.757441],[-122.180423,47.757231],[-122.184745,47.756846],[-122.184177,47.757988],[-122.183878,47.75918],[-122.183909,47.759944],[-122.184129,47.760814],[-122.184627,47.761779],[-122.188777,47.767392],[-122.189152,47.768062],[-122.189368,47.768669],[-122.189616,47.768618],[-122.191026,47.775259],[-122.191216,47.775855],[-122.191489,47.776416]]],"type":"Polygon"},"properties":{"tract_name":"Census Tract 218.02, King, WA","geoid":"14000US53033021802","ses_index":74,"access_index":6,"kids_per_pitch":609,"median_income":159612,"poverty_rate":4.33,"kids_5_17":1218,"facility_count":2,"nearest_facility_km":1.109,"data_year":"ACS 2023 5-year"},"type":"Feature"},{"geometry":{"coordinates":[[[-122.223392,47.759394],[-122.223229,47.762385],[-122.2232,47.776686],[-122.207034,47.77649],[-122.206945,47.765694],[-122.20629,47.765693],[-122.205825,47.762611],[-122.205114,47.762642],[-122.203333,47.762531],[-122.203328,47.761938],[-122.204045,47.761889],[-122.203746,47.759757],[-122.203769,47.759104],[-122.204123,47.759125],[-122.205372,47.758753],[-122.205858,47.758521],[-122.206249,47.75813],[-122.206945,47.757769],[-122.20916,47.757329],[-122.209496,47.757133],[-122.209544,47.756424],[-122.209786,47.756077],[-122.210358,47.75395],[-122.210381,47.753351],[-122.210032,47.752506],[-122.209709,47.752251],[-122.20969,47.752147],[-122.21024,47.751433],[-122.21031,47.751128],[-122.210094,47.750443],[-122.20972,47.749801],[-122.209702,47.749588],[-122.209838,47.748659],[-122.210031,47.748425],[-122.210217,47.748052],[-122.210466,47.747923],[-122.21341,47.74825],[-122.213256,47.749622],[-122.212989,47.749916],[-122.21251,47.750094],[-122.213612,47.750008],[-122.214505,47.750198],[-122.218799,47.752069],[-122.219954,47.752362],[-122.220687,47.752467],[-122.220646,47.75266],[-122.220721,47.752828],[-122.220656,47.753173],[-122.220102,47.75495],[-122.219794,47.755267],[-122.218578,47.756055],[-122.218301,47.756355],[-122.218188,47.757603],[-122.218025,47.758466],[-122.223389,47.758515],[-122.223436,47.758569],[-122.223392,47.759394]]],"type":"Polygon"},"properties":{"tract_name":"Census Tract 218.03, King, WA","geoid":"14000US53033021803","ses_index":67,"access_index":7,"kids_per_pitch":640,"median_income":131090,"poverty_rate":4.07,"kids_5_17":1279,"facility_count":2,"nearest_facility_km":0.797,"data_year":"ACS 2023 5-year"},"type":"Feature"},{"geometry":{"coordinates":[[[-122.207034,47.77649],[-122.191489,47.776416],[-122.191216,47.775855],[-122.191026,47.775259],[-122.189616,47.768618],[-122.189368,47.768669],[-122.189152,47.768062],[-122.188777,47.767392],[-122.184627,47.761779],[-122.184129,47.760814],[-122.183909,47.759944],[-122.183878,47.75918],[-122.184177,47.757988],[-122.184745,47.756846],[-122.185399,47.756746],[-122.186625,47.756279],[-122.18718,47.756136],[-122.188952,47.756065],[-122.18922,47.755844],[-122.189683,47.754041],[-122.189909,47.753624],[-122.190365,47.753384],[-122.192144,47.753639],[-122.192719,47.753677],[-122.193089,47.753864],[-122.193254,47.754254],[-122.193757,47.754555],[-122.194469,47.754713],[-122.195043,47.754712],[-122.195939,47.754824],[-122.196351,47.755295],[-122.196499,47.755638],[-122.197452,47.756742],[-122.199187,47.757734],[-122.200728,47.757834],[-122.202848,47.758308],[-122.203607,47.758824],[-122.203769,47.759104],[-122.203746,47.759757],[-122.204045,47.761889],[-122.203328,47.761938],[-122.203333,47.762531],[-122.205114,47.762642],[-122.205825,47.762611],[-122.20629,47.765693],[-122.206945,47.765694],[-122.207034,47.77649]]],"type":"Polygon"},"properties":{"tract_name":"Census Tract 218.04, King, WA","geoid":"14000US53033021804","ses_index":67,"access_index":8,"kids_per_pitch":853,"median_income":132533,"poverty_rate":3.74,"kids_5_17":853,"facility_count":1,"nearest_facility_km":0.342,"data_year":"ACS 2023 5-year"},"type":"Feature"},{"geometry":{"coordinates":[[[-122.190148,47.724746],[-122.190051,47.725776],[-122.189108,47.72571],[-122.185036,47.72578],[-122.184999,47.726587],[-122.185923,47.726588],[-122.186061,47.726689],[-122.185976,47.729053],[-122.185918,47.72943],[-122.185752,47.72975],[-122.184804,47.730536],[-122.184714,47.730798],[-122.184692,47.731436],[-122.184804,47.731729],[-122.185872,47.731622],[-122.185811,47.732046],[-122.185575,47.732274],[-122.184644,47.732608],[-122.182602,47.733674],[-122.182339,47.733745],[-122.181514,47.733756],[-122.181585,47.731245],[-122.175618,47.731253],[-122.175533,47.718535],[-122.164287,47.71864],[-122.164256,47.715014],[-122.164685,47.71438],[-122.165474,47.713638],[-122.166101,47.712308],[-122.166404,47.711839],[-122.168111,47.71031],[-122.168632,47.710066],[-122.170653,47.70954],[-122.171172,47.709281],[-122.171635,47.708891],[-122.171979,47.708292],[-122.172284,47.707328],[-122.172568,47.706772],[-122.174699,47.704943],[-122.174773,47.704691],[-122.174815,47.703986],[-122.179786,47.703987],[-122.180204,47.705443],[-122.180923,47.70687],[-122.182814,47.710281],[-122.185681,47.715048],[-122.189403,47.721509],[-122.189903,47.722899],[-122.190105,47.723903],[-122.190148,47.724746]]],"type":"Polygon"},"properties":{"tract_name":"Census Tract 219.03, King, WA","geoid":"14000US53033021903","ses_index":55,"access_index":8,"kids_per_pitch":460,"median_income":97411,"poverty_rate":8.64,"kids_5_17":919,"facility_count":2,"nearest_facility_km":1.141,"data_year":"ACS 2023 5-year"},"type":"Feature"},{"geometry":{"coordinates":[[[-122.175618,47.731253],[-122.170936,47.731251],[-122.17045,47.73116],[-122.167859,47.73039],[-122.163889,47.730356],[-122.163893,47.730186],[-122.163435,47.729989],[-122.162713,47.72977],[-122.162197,47.729698],[-122.158652,47.729711],[-122.157655,47.729948],[-122.15722,47.730188],[-122.156956,47.730409],[-122.156711,47.730747],[-122.156074,47.732234],[-122.155735,47.732547],[-122.155343,47.732746],[-122.154439,47.732907],[-122.15013,47.732893],[-122.148932,47.731405],[-122.148487,47.730241],[-122.148427,47.729578],[-122.148461,47.729103],[-122.148713,47.728106],[-122.149497,47.725662],[-122.149346,47.72566],[-122.14943,47.725243],[-122.150426,47.72226],[-122.152951,47.714088],[-122.153977,47.711375],[-122.155446,47.711404],[-122.157601,47.711675],[-122.160462,47.711439],[-122.164561,47.711474],[-122.166064,47.711455],[-122.166878,47.711382],[-122.166494,47.711737],[-122.166193,47.712145],[-122.165474,47.713638],[-122.164685,47.71438],[-122.164414,47.714711],[-122.164256,47.715014],[-122.164287,47.71864],[-122.175533,47.718535],[-122.175618,47.731253]]],"type":"Polygon"},"properties":{"tract_name":"Census Tract 219.04, King, WA","geoid":"14000US53033021904","ses_index":79,"access_index":12,"kids_per_pitch":383,"median_income":180035,"poverty_rate":5.3,"kids_5_17":765,"facility_count":2,"nearest_facility_km":0.422,"data_year":"ACS 2023 5-year"},"type":"Feature"},{"geometry":{"coordinates":[[[-122.19004,47.725849],[-122.189818,47.726822],[-122.188948,47.7298],[-122.18868,47.730973],[-122.187349,47.739414],[-122.187256,47.740253],[-122.187199,47.74266],[-122.186922,47.742854],[-122.18691,47.749365],[-122.186828,47.750858],[-122.186684,47.751739],[-122.186335,47.753138],[-122.185636,47.755202],[-122.185204,47.75617],[-122.184745,47.756846],[-122.180423,47.757231],[-122.180361,47.756934],[-122.180239,47.756942],[-122.180296,47.75662],[-122.179152,47.756614],[-122.177922,47.756334],[-122.174432,47.755112],[-122.171619,47.753806],[-122.171993,47.753464],[-122.173884,47.754345],[-122.174367,47.754429],[-122.174622,47.754338],[-122.174762,47.754124],[-122.174906,47.753381],[-122.174889,47.753222],[-122.174389,47.752302],[-122.174179,47.751507],[-122.174393,47.750316],[-122.174438,47.74957],[-122.174611,47.748465],[-122.175598,47.733577],[-122.175618,47.731253],[-122.181585,47.731245],[-122.181514,47.733756],[-122.182531,47.733701],[-122.184644,47.732608],[-122.185575,47.732274],[-122.185772,47.732114],[-122.185831,47.731988],[-122.185872,47.731622],[-122.184804,47.731729],[-122.184692,47.731436],[-122.184714,47.730798],[-122.184804,47.730536],[-122.185752,47.72975],[-122.185918,47.72943],[-122.185976,47.729053],[-122.186061,47.726689],[-122.185923,47.726588],[-122.184999,47.726587],[-122.185036,47.72578],[-122.189108,47.72571],[-122.190051,47.725776],[-122.19004,47.725849]]],"type":"Polygon"},"properties":{"tract_name":"Census Tract 219.05, King, WA","geoid":"14000US53033021905","ses_index":68,"access_index":9,"kids_per_pitch":862,"median_income":136786,"poverty_rate":4.98,"kids_5_17":862,"facility_count":1,"nearest_facility_km":0.27,"data_year":"ACS 2023 5-year"},"type":"Feature"},{"geometry":{"coordinates":[[[-122.180423,47.757231],[-122.180003,47.757441],[-122.179718,47.757756],[-122.179373,47.757906],[-122.178774,47.757981],[-122.178384,47.757861],[-122.178069,47.757501],[-122.177364,47.757081],[-122.176719,47.757066],[-122.176059,47.757336],[-122.175687,47.757381],[-122.174821,47.757086],[-122.174587,47.757072],[-122.174034,47.757203],[-122.173684,47.757143],[-122.173365,47.757051],[-122.172984,47.756808],[-122.172132,47.756062],[-122.171158,47.755666],[-122.169885,47.754925],[-122.168672,47.754685],[-122.168545,47.754554],[-122.168573,47.754296],[-122.168494,47.754025],[-122.167693,47.753577],[-122.167094,47.752878],[-122.166814,47.752317],[-122.166488,47.751933],[-122.166092,47.751019],[-122.165423,47.750332],[-122.165056,47.750222],[-122.164803,47.750012],[-122.164675,47.749271],[-122.16451,47.749062],[-122.164087,47.748926],[-122.16372,47.748931],[-122.163561,47.748863],[-122.16286,47.748236],[-122.162541,47.7481],[-122.161489,47.747973],[-122.161116,47.747766],[-122.160151,47.747108],[-122.158422,47.745436],[-122.156512,47.74472],[-122.155834,47.744249],[-122.153699,47.742495],[-122.153403,47.741949],[-122.153239,47.740596],[-122.153127,47.740386],[-122.150074,47.736575],[-122.149593,47.736262],[-122.147437,47.735372],[-122.146468,47.734865],[-122.146087,47.734479],[-122.14576,47.733876],[-122.145654,47.732801],[-122.154035,47.732912],[-122.155142,47.732809],[-122.155735,47.732547],[-122.156074,47.732234],[-122.156711,47.730747],[-122.157109,47.730269],[-122.157781,47.729897],[-122.158652,47.729711],[-122.162197,47.729698],[-122.162713,47.72977],[-122.163435,47.729989],[-122.163893,47.730186],[-122.163889,47.730356],[-122.167859,47.73039],[-122.170936,47.731251],[-122.175618,47.731253],[-122.175598,47.733577],[-122.174611,47.748465],[-122.174179,47.751507],[-122.174389,47.752302],[-122.174889,47.753222],[-122.174906,47.753381],[-122.174762,47.754124],[-122.174622,47.754338],[-122.174367,47.754429],[-122.173884,47.754345],[-122.171993,47.753464],[-122.171619,47.753806],[-122.174432,47.755112],[-122.177922,47.756334],[-122.179152,47.756614],[-122.180296,47.75662],[-122.180239,47.756942],[-122.180361,47.756934],[-122.180423,47.757231]]],"type":"Polygon"},"properties":{"tract_name":"Census Tract 219.06, King, WA","geoid":"14000US53033021906","ses_index":75,"access_index":2,"kids_per_pitch":1234,"median_income":157273,"poverty_rate":2.65,"kids_5_17":617,"facility_count":0,"nearest_facility_km":0.675,"data_year":"ACS 2023 5-year"},"type":"Feature"},{"geometry":{"coordinates":[[[-122.213474,47.747587],[-122.21341,47.74825],[-122.210466,47.747923],[-122.210217,47.748052],[-122.209838,47.748659],[-122.20972,47.749801],[-122.210094,47.750443],[-122.21031,47.751128],[-122.21024,47.751433],[-122.20969,47.752147],[-122.209709,47.752251],[-122.210032,47.752506],[-122.210381,47.753351],[-122.210358,47.75395],[-122.209786,47.756077],[-122.209544,47.756424],[-122.209496,47.757133],[-122.20916,47.757329],[-122.206945,47.757769],[-122.206249,47.75813],[-122.205858,47.758521],[-122.204887,47.75892],[-122.204123,47.759125],[-122.203769,47.759104],[-122.203607,47.758824],[-122.202848,47.758308],[-122.200728,47.757834],[-122.199187,47.757734],[-122.197452,47.756742],[-122.196499,47.755638],[-122.196351,47.755295],[-122.195939,47.754824],[-122.195043,47.754712],[-122.194469,47.754713],[-122.193757,47.754555],[-122.193254,47.754254],[-122.193089,47.753864],[-122.192719,47.753677],[-122.190365,47.753384],[-122.189909,47.753624],[-122.189683,47.754041],[-122.18922,47.755844],[-122.188952,47.756065],[-122.18718,47.756136],[-122.186625,47.756279],[-122.185399,47.756746],[-122.184745,47.756846],[-122.185204,47.75617],[-122.185795,47.754755],[-122.186496,47.752553],[-122.186828,47.750858],[-122.18691,47.749365],[-122.186922,47.742854],[-122.187199,47.74266],[-122.187206,47.741374],[-122.187313,47.739699],[-122.188346,47.733049],[-122.207846,47.733008],[-122.207677,47.739315],[-122.207933,47.739557],[-122.209112,47.740352],[-122.210046,47.741401],[-122.210875,47.741845],[-122.211083,47.74207],[-122.21123,47.742724],[-122.211628,47.743591],[-122.211621,47.743796],[-122.211798,47.744072],[-122.211713,47.744702],[-122.211778,47.744984],[-122.212604,47.745918],[-122.2133,47.74704],[-122.213474,47.747587]]],"type":"Polygon"},"properties":{"tract_name":"Census Tract 220.01, King, WA","geoid":"14000US53033022001","ses_index":62,"access_index":6,"kids_per_pitch":655,"median_income":116154,"poverty_rate":5.33,"kids_5_17":655,"facility_count":1,"nearest_facility_km":0.992,"data_year":"ACS 2023 5-year"},"type":"Feature"},{"geometry":{"coordinates":[[[-122.20785,47.731959],[-122.207846,47.733008],[-122.190285,47.733076],[-122.188346,47.733049],[-122.188798,47.730408],[-122.189991,47.726095],[-122.190085,47.725558],[-122.190142,47.724325],[-122.19007,47.72368],[-122.189903,47.722899],[-122.189714,47.722269],[-122.18949,47.721713],[-122.189293,47.721293],[-122.187632,47.718406],[-122.195631,47.718481],[-122.207756,47.718483],[-122.20785,47.731959]]],"type":"Polygon"},"properties":{"tract_name":"Census Tract 220.03, King, WA","geoid":"14000US53033022003","ses_index":70,"access_index":1,"kids_per_pitch":1344,"median_income":142155,"poverty_rate":4.19,"kids_5_17":672,"facility_count":0,"nearest_facility_km":1.3,"data_year":"ACS 2023 5-year"},"type":"Feature"},{"geometry":{"coordinates":[[[-122.20782,47.71192],[-122.207756,47.718483],[-122.195631,47.718481],[-122.187632,47.718406],[-122.184791,47.713545],[-122.182814,47.710281],[-122.180923,47.70687],[-122.180204,47.705443],[-122.179927,47.704594],[-122.179786,47.703987],[-122.197366,47.703977],[-122.197292,47.70802],[-122.197997,47.708055],[-122.199352,47.708448],[-122.199261,47.708968],[-122.199395,47.709061],[-122.201524,47.709053],[-122.201593,47.709334],[-122.201732,47.709608],[-122.202065,47.710018],[-122.202187,47.710072],[-122.2025,47.710044],[-122.203126,47.709791],[-122.203676,47.710472],[-122.203727,47.710727],[-122.203724,47.711197],[-122.207825,47.711227],[-122.20782,47.71192]]],"type":"Polygon"},"properties":{"tract_name":"Census Tract 220.05, King, WA","geoid":"14000US53033022005","ses_index":64,"access_index":15,"kids_per_pitch":260,"median_income":134183,"poverty_rate":9.73,"kids_5_17":519,"facility_count":2,"nearest_facility_km":0.49,"data_year":"ACS 2023 5-year"},"type":"Feature"},{"geometry":{"coordinates":[[[-122.210534,47.707466],[-122.210443,47.707963],[-122.210275,47.708234],[-122.210027,47.708498],[-122.208553,47.709344],[-122.208338,47.709492],[-122.20809,47.709763],[-122.207862,47.71028],[-122.207825,47.711227],[-122.203724,47.711197],[-122.203727,47.710727],[-122.203676,47.710472],[-122.203126,47.709791],[-122.2025,47.710044],[-122.202187,47.710072],[-122.202065,47.710018],[-122.201732,47.709608],[-122.201593,47.709334],[-122.201524,47.709053],[-122.199395,47.709061],[-122.199261,47.708968],[-122.199352,47.708448],[-122.197997,47.708055],[-122.197292,47.70802],[-122.197366,47.703977],[-122.181996,47.703984],[-122.182264,47.703395],[-122.182362,47.702831],[-122.182334,47.700384],[-122.199301,47.700374],[-122.207957,47.700423],[-122.207985,47.702026],[-122.208004,47.702299],[-122.208089,47.702534],[-122.209328,47.704019],[-122.21039,47.704027],[-122.210534,47.707466]]],"type":"Polygon"},"properties":{"tract_name":"Census Tract 220.06, King, WA","geoid":"14000US53033022006","ses_index":68,"access_index":20,"kids_per_pitch":174,"median_income":139125,"poverty_rate":6.01,"kids_5_17":347,"facility_count":2,"nearest_facility_km":0.77,"data_year":"ACS 2023 5-year"},"type":"Feature"},{"geometry":{"coordinates":[[[-122.275619,47.741092],[-122.274137,47.74502],[-122.272037,47.74732],[-122.269637,47.74972],[-122.264088,47.754828],[-122.25937,47.754411],[-122.259345,47.754222],[-122.255837,47.75452],[-122.253028,47.754323],[-122.249849,47.754353],[-122.250008,47.751646],[-122.240877,47.751536],[-122.240763,47.75152],[-122.240806,47.750591],[-122.239608,47.750584],[-122.239361,47.750479],[-122.239317,47.748111],[-122.239391,47.74779],[-122.239383,47.746785],[-122.23918,47.746481],[-122.241705,47.746289],[-122.241901,47.74623],[-122.241968,47.746125],[-122.241964,47.744791],[-122.242126,47.7437],[-122.242177,47.740691],[-122.238275,47.740628],[-122.237815,47.740436],[-122.237454,47.740072],[-122.237156,47.739928],[-122.237299,47.733542],[-122.237331,47.73338],[-122.238021,47.732711],[-122.238135,47.729777],[-122.240487,47.729763],[-122.240513,47.730708],[-122.240881,47.731319],[-122.240474,47.731718],[-122.240394,47.733408],[-122.241062,47.733345],[-122.241911,47.733067],[-122.24226,47.732769],[-122.242796,47.732054],[-122.245212,47.731771],[-122.245686,47.73252],[-122.250199,47.737942],[-122.249818,47.735632],[-122.260836,47.73572],[-122.260836,47.73402],[-122.264999,47.734218],[-122.269937,47.73412],[-122.273537,47.73702],[-122.276137,47.73972],[-122.275619,47.741092]]],"type":"Polygon"},"properties":{"tract_name":"Census Tract 221.01, King, WA","geoid":"14000US53033022101","ses_index":79,"access_index":12,"kids_per_pitch":347,"median_income":174891,"poverty_rate":3.33,"kids_5_17":693,"facility_count":2,"nearest_facility_km":0.574,"data_year":"ACS 2023 5-year"},"type":"Feature"},{"geometry":{"coordinates":[[[-122.250006,47.751692],[-122.249849,47.754353],[-122.246841,47.753821],[-122.244137,47.754448],[-122.242537,47.754477],[-122.241836,47.754292],[-122.241636,47.75412],[-122.240736,47.75282],[-122.237836,47.75222],[-122.235836,47.75252],[-122.231346,47.752094],[-122.230003,47.752341],[-122.227736,47.752393],[-122.227098,47.752511],[-122.22629,47.752419],[-122.224896,47.751833],[-122.223768,47.752038],[-122.222636,47.75202],[-122.221236,47.75182],[-122.220436,47.75152],[-122.218208,47.74997],[-122.217768,47.749549],[-122.217546,47.749497],[-122.217103,47.749172],[-122.216817,47.748742],[-122.216074,47.748442],[-122.215553,47.748038],[-122.214562,47.748259],[-122.21341,47.74825],[-122.213474,47.747587],[-122.2133,47.74704],[-122.212558,47.745854],[-122.21196,47.745233],[-122.211738,47.74489],[-122.211798,47.744072],[-122.211621,47.743796],[-122.211628,47.743591],[-122.21123,47.742724],[-122.211083,47.74207],[-122.210875,47.741845],[-122.210046,47.741401],[-122.209112,47.740352],[-122.207677,47.739315],[-122.20784,47.730818],[-122.20996,47.730857],[-122.2107,47.73101],[-122.213579,47.732519],[-122.214949,47.732966],[-122.217505,47.733564],[-122.218452,47.734032],[-122.21863,47.733886],[-122.218646,47.733261],[-122.2188,47.733163],[-122.237331,47.73338],[-122.23718,47.737022],[-122.237156,47.739928],[-122.237454,47.740072],[-122.237815,47.740436],[-122.238275,47.740628],[-122.242177,47.740691],[-122.242126,47.7437],[-122.241964,47.744791],[-122.241932,47.746206],[-122.241705,47.746289],[-122.23918,47.746481],[-122.239383,47.746785],[-122.239391,47.74779],[-122.239317,47.748111],[-122.239377,47.750512],[-122.239608,47.750584],[-122.240806,47.750591],[-122.240763,47.75152],[-122.240877,47.751536],[-122.250006,47.751692]]],"type":"Polygon"},"properties":{"tract_name":"Census Tract 221.02, King, WA","geoid":"14000US53033022102","ses_index":82,"access_index":6,"kids_per_pitch":1221,"median_income":186641,"poverty_rate":3.1,"kids_5_17":1221,"facility_count":1,"nearest_facility_km":0.411,"data_year":"ACS 2023 5-year"},"type":"Feature"},{"geometry":{"coordinates":[[[-122.245212,47.731771],[-122.243422,47.732017],[-122.242796,47.732054],[-122.24226,47.732769],[-122.241911,47.733067],[-122.241541,47.733225],[-122.241062,47.733345],[-122.240394,47.733408],[-122.240425,47.731941],[-122.240474,47.731718],[-122.240593,47.731543],[-122.240881,47.731319],[-122.240617,47.73096],[-122.240513,47.730708],[-122.240487,47.729763],[-122.238135,47.729777],[-122.238021,47.732711],[-122.237331,47.73338],[-122.233483,47.73337],[-122.223993,47.733213],[-122.223999,47.732224],[-122.223441,47.730357],[-122.2232,47.730036],[-122.221593,47.728742],[-122.221402,47.728548],[-122.221295,47.728326],[-122.221209,47.722501],[-122.221112,47.721923],[-122.221114,47.720421],[-122.225421,47.720521],[-122.225463,47.718676],[-122.229834,47.718807],[-122.237076,47.718897],[-122.237049,47.719358],[-122.237125,47.71959],[-122.237259,47.719788],[-122.239526,47.721732],[-122.240011,47.722297],[-122.240262,47.722802],[-122.240714,47.724312],[-122.240871,47.724553],[-122.241066,47.724699],[-122.241401,47.724839],[-122.24215,47.724974],[-122.242834,47.725177],[-122.24312,47.725334],[-122.243414,47.72566],[-122.245212,47.731771]]],"type":"Polygon"},"properties":{"tract_name":"Census Tract 222.01, King, WA","geoid":"14000US53033022201","ses_index":66,"access_index":10,"kids_per_pitch":459,"median_income":132500,"poverty_rate":5.82,"kids_5_17":459,"facility_count":1,"nearest_facility_km":0.45,"data_year":"ACS 2023 5-year"},"type":"Feature"},{"geometry":{"coordinates":[[[-122.238205,47.711281],[-122.23816,47.711677],[-122.237994,47.71212],[-122.236259,47.715525],[-122.236325,47.716017],[-122.237108,47.717667],[-122.237159,47.718106],[-122.237076,47.718897],[-122.229834,47.718807],[-122.225463,47.718676],[-122.225421,47.720521],[-122.221114,47.720421],[-122.221066,47.719407],[-122.220756,47.718452],[-122.220603,47.717731],[-122.220475,47.717508],[-122.220268,47.717332],[-122.218206,47.716572],[-122.217481,47.716458],[-122.216657,47.716602],[-122.216245,47.716818],[-122.215245,47.717612],[-122.215618,47.717058],[-122.215706,47.716822],[-122.215773,47.711337],[-122.217842,47.711379],[-122.217898,47.711046],[-122.217995,47.705384],[-122.214351,47.705381],[-122.213318,47.705244],[-122.211204,47.704477],[-122.21039,47.704027],[-122.210383,47.703159],[-122.211939,47.701364],[-122.214546,47.69985],[-122.216735,47.69952],[-122.225692,47.693944],[-122.229669,47.697185],[-122.230467,47.697754],[-122.230001,47.697833],[-122.230083,47.69791],[-122.23055,47.697989],[-122.230614,47.698118],[-122.230114,47.69834],[-122.23008,47.698434],[-122.230879,47.69842],[-122.231278,47.698517],[-122.23171,47.698729],[-122.234826,47.700698],[-122.235615,47.701366],[-122.236186,47.70201],[-122.236539,47.702552],[-122.2369,47.703348],[-122.237178,47.704823],[-122.237196,47.705832],[-122.23695,47.70693],[-122.236917,47.707456],[-122.237084,47.707869],[-122.237811,47.708957],[-122.238053,47.709484],[-122.238205,47.711281]]],"type":"Polygon"},"properties":{"tract_name":"Census Tract 222.03, King, WA","geoid":"14000US53033022203","ses_index":70,"access_index":5,"kids_per_pitch":824,"median_income":142895,"poverty_rate":4.18,"kids_5_17":824,"facility_count":1,"nearest_facility_km":0.857,"data_year":"ACS 2023 5-year"},"type":"Feature"},{"geometry":{"coordinates":[[[-122.224003,47.732721],[-122.223993,47.733213],[-122.218761,47.733172],[-122.218667,47.733227],[-122.218639,47.733298],[-122.218648,47.733841],[-122.218605,47.733925],[-122.218452,47.734032],[-122.217969,47.733752],[-122.217505,47.733564],[-122.21697,47.733412],[-122.214949,47.732966],[-122.214387,47.732809],[-122.213579,47.732519],[-122.212709,47.732079],[-122.211125,47.731178],[-122.2107,47.73101],[-122.20996,47.730857],[-122.20784,47.730818],[-122.207756,47.718483],[-122.218305,47.718501],[-122.218308,47.7188],[-122.218864,47.718794],[-122.219043,47.719115],[-122.219264,47.719311],[-122.219424,47.719524],[-122.21945,47.719834],[-122.219243,47.720318],[-122.220144,47.720468],[-122.220531,47.720462],[-122.221113,47.720386],[-122.221112,47.721923],[-122.221209,47.722501],[-122.221295,47.728326],[-122.221402,47.728548],[-122.221593,47.728742],[-122.223043,47.729903],[-122.223365,47.730221],[-122.223441,47.730357],[-122.223999,47.732224],[-122.224003,47.732721]]],"type":"Polygon"},"properties":{"tract_name":"Census Tract 222.04, King, WA","geoid":"14000US53033022204","ses_index":71,"access_index":1,"kids_per_pitch":942,"median_income":146319,"poverty_rate":3.33,"kids_5_17":471,"facility_count":0,"nearest_facility_km":1.568,"data_year":"ACS 2023 5-year"},"type":"Feature"},{"geometry":{"coordinates":[[[-122.221113,47.720386],[-122.220531,47.720462],[-122.220144,47.720468],[-122.219243,47.720318],[-122.21945,47.719834],[-122.219424,47.719524],[-122.219264,47.719311],[-122.219043,47.719115],[-122.218864,47.718794],[-122.218308,47.7188],[-122.218305,47.718501],[-122.207756,47.718483],[-122.207862,47.71028],[-122.208039,47.709839],[-122.208338,47.709492],[-122.209919,47.708584],[-122.210275,47.708234],[-122.210443,47.707963],[-122.210519,47.707704],[-122.210534,47.707466],[-122.21039,47.704027],[-122.210792,47.704279],[-122.211436,47.704572],[-122.213456,47.705281],[-122.214351,47.705381],[-122.217995,47.705384],[-122.217898,47.711046],[-122.217842,47.711379],[-122.215773,47.711337],[-122.215745,47.715848],[-122.215706,47.716822],[-122.215618,47.717058],[-122.215245,47.717612],[-122.216245,47.716818],[-122.216657,47.716602],[-122.217142,47.716483],[-122.217481,47.716458],[-122.218012,47.71652],[-122.220067,47.717236],[-122.220268,47.717332],[-122.220475,47.717508],[-122.220603,47.717731],[-122.220756,47.718452],[-122.221066,47.719407],[-122.221112,47.71972],[-122.221113,47.720386]]],"type":"Polygon"},"properties":{"tract_name":"Census Tract 222.05, King, WA","geoid":"14000US53033022205","ses_index":61,"access_index":1,"kids_per_pitch":632,"median_income":126393,"poverty_rate":10.6,"kids_5_17":316,"facility_count":0,"nearest_facility_km":1.093,"data_year":"ACS 2023 5-year"},"type":"Feature"},{"geometry":{"coordinates":[[[-122.274368,47.73349],[-122.269808,47.733477],[-122.269937,47.73412],[-122.264999,47.734218],[-122.260836,47.73402],[-122.260836,47.73572],[-122.249818,47.735632],[-122.250199,47.737942],[-122.245296,47.731961],[-122.24335,47.725561],[-122.242834,47.725177],[-122.241401,47.724839],[-122.240871,47.724553],[-122.240714,47.724312],[-122.240262,47.722802],[-122.239871,47.722094],[-122.237384,47.719911],[-122.237069,47.719449],[-122.237108,47.717667],[-122.236325,47.716017],[-122.236259,47.715525],[-122.237994,47.71212],[-122.238205,47.711281],[-122.238053,47.709484],[-122.236917,47.707456],[-122.237196,47.705832],[-122.237194,47.705004],[-122.236964,47.703546],[-122.236539,47.702552],[-122.235779,47.701527],[-122.23451,47.700484],[-122.231432,47.698579],[-122.230879,47.69842],[-122.23008,47.698434],[-122.230614,47.698118],[-122.23055,47.697989],[-122.230001,47.697833],[-122.230467,47.697754],[-122.225692,47.693944],[-122.230088,47.691208],[-122.235261,47.688545],[-122.243423,47.689524],[-122.246956,47.691202],[-122.25105,47.693615],[-122.255062,47.696866],[-122.260725,47.702264],[-122.265263,47.708068],[-122.269138,47.714124],[-122.271923,47.720434],[-122.273588,47.726928],[-122.274368,47.73349]]],"type":"Polygon"},"properties":{"tract_name":"Census Tract 223, King, WA","geoid":"14000US53033022300","ses_index":88,"access_index":1,"kids_per_pitch":784,"median_income":204844,"poverty_rate":1.24,"kids_5_17":392,"facility_count":0,"nearest_facility_km":1.112,"data_year":"ACS 2023 5-year"},"type":"Feature"},{"geometry":{"coordinates":[[[-122.21039,47.704027],[-122.209328,47.704019],[-122.208089,47.702534],[-122.207985,47.702026],[-122.207957,47.700423],[-122.182334,47.700384],[-122.182377,47.699739],[-122.18262,47.698989],[-122.183339,47.698015],[-122.184078,47.697401],[-122.184625,47.697103],[-122.185631,47.696691],[-122.186349,47.696506],[-122.189729,47.695967],[-122.190585,47.695774],[-122.191615,47.695336],[-122.192603,47.694732],[-122.193118,47.694312],[-122.193602,47.693797],[-122.193989,47.693043],[-122.194181,47.692451],[-122.194261,47.691695],[-122.194289,47.689597],[-122.194232,47.688043],[-122.194129,47.687408],[-122.194009,47.686965],[-122.193415,47.685771],[-122.193533,47.685537],[-122.193512,47.685029],[-122.193607,47.68492],[-122.193763,47.684878],[-122.197214,47.684817],[-122.197238,47.685698],[-122.200444,47.685646],[-122.201312,47.684874],[-122.203332,47.685431],[-122.203735,47.685485],[-122.206335,47.685551],[-122.20972,47.685475],[-122.20984,47.689496],[-122.209929,47.689649],[-122.209984,47.690178],[-122.209976,47.691491],[-122.210107,47.695717],[-122.21003,47.696078],[-122.209795,47.696468],[-122.208572,47.697665],[-122.208393,47.697991],[-122.208298,47.698428],[-122.208334,47.698801],[-122.208592,47.699744],[-122.208828,47.700981],[-122.209144,47.701537],[-122.210031,47.702328],[-122.210245,47.702631],[-122.210383,47.703159],[-122.21039,47.704027]]],"type":"Polygon"},"properties":{"tract_name":"Census Tract 224.01, King, WA","geoid":"14000US53033022401","ses_index":68,"access_index":24,"kids_per_pitch":163,"median_income":147344,"poverty_rate":7.93,"kids_5_17":489,"facility_count":3,"nearest_facility_km":0.332,"data_year":"ACS 2023 5-year"},"type":"Feature"},{"geometry":{"coordinates":[[[-122.243423,47.689524],[-122.235261,47.688545],[-122.230088,47.691208],[-122.216735,47.69952],[-122.214546,47.69985],[-122.211939,47.701364],[-122.210383,47.703159],[-122.210308,47.702765],[-122.210103,47.702414],[-122.209223,47.701624],[-122.208886,47.70113],[-122.208298,47.698428],[-122.208572,47.697665],[-122.209795,47.696468],[-122.21003,47.696078],[-122.210107,47.695717],[-122.209984,47.690178],[-122.20984,47.689496],[-122.20972,47.685475],[-122.206335,47.685551],[-122.203735,47.685485],[-122.201312,47.684874],[-122.200444,47.685646],[-122.197238,47.685698],[-122.197214,47.684817],[-122.193763,47.684878],[-122.193512,47.685029],[-122.193533,47.685537],[-122.193415,47.685771],[-122.190639,47.68065],[-122.19407,47.680608],[-122.194541,47.680227],[-122.195151,47.679919],[-122.195763,47.679783],[-122.197039,47.679769],[-122.197014,47.679287],[-122.203047,47.677504],[-122.208301,47.67637],[-122.20986,47.676314],[-122.212666,47.674559],[-122.209509,47.672235],[-122.209566,47.666752],[-122.229681,47.668681],[-122.229983,47.677172],[-122.23027,47.679561],[-122.230575,47.680901],[-122.230944,47.681752],[-122.231443,47.682572],[-122.232066,47.683353],[-122.233657,47.684762],[-122.236308,47.686224],[-122.243423,47.689524]]],"type":"Polygon"},"properties":{"tract_name":"Census Tract 224.02, King, WA","geoid":"14000US53033022402","ses_index":70,"access_index":1,"kids_per_pitch":1714,"median_income":143125,"poverty_rate":4.5,"kids_5_17":857,"facility_count":0,"nearest_facility_km":1.087,"data_year":"ACS 2023 5-year"},"type":"Feature"},{"geometry":{"coordinates":[[[-122.196317,47.673119],[-122.192178,47.675447],[-122.191312,47.676098],[-122.190565,47.67694],[-122.19025,47.677442],[-122.190142,47.677851],[-122.190073,47.678795],[-122.190137,47.679352],[-122.190639,47.68065],[-122.192861,47.68464],[-122.194009,47.686965],[-122.194129,47.687408],[-122.194232,47.688043],[-122.194289,47.689597],[-122.194261,47.691695],[-122.194181,47.692451],[-122.193989,47.693043],[-122.193602,47.693797],[-122.193118,47.694312],[-122.192603,47.694732],[-122.191615,47.695336],[-122.190585,47.695774],[-122.189729,47.695967],[-122.186349,47.696506],[-122.185054,47.696897],[-122.184078,47.697401],[-122.183339,47.698015],[-122.182945,47.698493],[-122.18262,47.698989],[-122.182442,47.699467],[-122.182334,47.700384],[-122.182362,47.702831],[-122.182264,47.703395],[-122.181996,47.703984],[-122.179786,47.703987],[-122.179642,47.702698],[-122.17971,47.701536],[-122.180829,47.694332],[-122.181279,47.691845],[-122.181721,47.68992],[-122.182137,47.68842],[-122.184424,47.681278],[-122.184684,47.679571],[-122.184687,47.677119],[-122.184905,47.675972],[-122.185209,47.67519],[-122.186686,47.672296],[-122.186866,47.671829],[-122.18715,47.67074],[-122.187215,47.669603],[-122.18776,47.669461],[-122.188308,47.669177],[-122.188652,47.668852],[-122.189192,47.668044],[-122.189696,47.667561],[-122.190683,47.666797],[-122.191449,47.666447],[-122.192109,47.666343],[-122.193415,47.666264],[-122.194872,47.66672],[-122.196243,47.666742],[-122.196317,47.673119]]],"type":"Polygon"},"properties":{"tract_name":"Census Tract 225.01, King, WA","geoid":"14000US53033022501","ses_index":87,"access_index":2,"kids_per_pitch":1908,"median_income":217011,"poverty_rate":7.75,"kids_5_17":954,"facility_count":0,"nearest_facility_km":0.635,"data_year":"ACS 2023 5-year"},"type":"Feature"},{"geometry":{"coordinates":[[[-122.212666,47.674559],[-122.210559,47.675801],[-122.20986,47.676314],[-122.209491,47.676362],[-122.208754,47.676314],[-122.208301,47.67637],[-122.207341,47.676538],[-122.203047,47.677504],[-122.197966,47.679066],[-122.197014,47.679287],[-122.197039,47.679769],[-122.195763,47.679783],[-122.195151,47.679919],[-122.194541,47.680227],[-122.19407,47.680608],[-122.190639,47.68065],[-122.190137,47.679352],[-122.190073,47.678795],[-122.190142,47.677851],[-122.19025,47.677442],[-122.190565,47.67694],[-122.191312,47.676098],[-122.192178,47.675447],[-122.195443,47.673651],[-122.196317,47.673119],[-122.196243,47.666742],[-122.201906,47.666786],[-122.201899,47.66759],[-122.206789,47.667604],[-122.207114,47.667659],[-122.208405,47.667527],[-122.20825,47.667199],[-122.208269,47.666807],[-122.209244,47.666815],[-122.209235,47.666721],[-122.209566,47.666752],[-122.209509,47.672235],[-122.212666,47.674559]]],"type":"Polygon"},"properties":{"tract_name":"Census Tract 225.02, King, WA","geoid":"14000US53033022502","ses_index":72,"access_index":1,"kids_per_pitch":670,"median_income":155417,"poverty_rate":5.4,"kids_5_17":335,"facility_count":0,"nearest_facility_km":1.351,"data_year":"ACS 2023 5-year"},"type":"Feature"},{"geometry":{"coordinates":[[[-122.183903,47.682997],[-122.182137,47.68842],[-122.181721,47.68992],[-122.181279,47.691845],[-122.180829,47.694332],[-122.17971,47.701536],[-122.179642,47.702698],[-122.179786,47.703987],[-122.174815,47.703986],[-122.174773,47.704691],[-122.174699,47.704943],[-122.174561,47.705105],[-122.172711,47.70661],[-122.172381,47.707084],[-122.172138,47.707804],[-122.166499,47.707568],[-122.165769,47.707427],[-122.165036,47.707068],[-122.164623,47.706664],[-122.164416,47.706177],[-122.164425,47.704132],[-122.164648,47.696913],[-122.164981,47.689818],[-122.164898,47.688867],[-122.164469,47.686037],[-122.169995,47.686073],[-122.170948,47.686166],[-122.175916,47.686215],[-122.176111,47.682546],[-122.1841,47.682395],[-122.183903,47.682997]]],"type":"Polygon"},"properties":{"tract_name":"Census Tract 226.03, King, WA","geoid":"14000US53033022603","ses_index":71,"access_index":5,"kids_per_pitch":892,"median_income":155000,"poverty_rate":7.14,"kids_5_17":892,"facility_count":1,"nearest_facility_km":1.017,"data_year":"ACS 2023 5-year"},"type":"Feature"},{"geometry":{"coordinates":[[[-122.187217,47.670026],[-122.187118,47.670918],[-122.186866,47.671829],[-122.186686,47.672296],[-122.185209,47.67519],[-122.184905,47.675972],[-122.184765,47.676527],[-122.184674,47.677405],[-122.184704,47.679185],[-122.184643,47.680003],[-122.184424,47.681278],[-122.1841,47.682395],[-122.176111,47.682546],[-122.175916,47.686215],[-122.170948,47.686166],[-122.169995,47.686073],[-122.164469,47.686037],[-122.163914,47.682341],[-122.163902,47.675319],[-122.16399,47.666647],[-122.165012,47.667057],[-122.169775,47.668017],[-122.170342,47.66809],[-122.182892,47.668274],[-122.183168,47.668347],[-122.185305,47.66933],[-122.185892,47.669541],[-122.186471,47.669635],[-122.187215,47.669603],[-122.187217,47.670026]]],"type":"Polygon"},"properties":{"tract_name":"Census Tract 226.04, King, WA","geoid":"14000US53033022604","ses_index":91,"access_index":6,"kids_per_pitch":794,"median_income":226058,"poverty_rate":5.17,"kids_5_17":794,"facility_count":1,"nearest_facility_km":0.712,"data_year":"ACS 2023 5-year"},"type":"Feature"},{"geometry":{"coordinates":[[[-122.171979,47.708292],[-122.171635,47.708891],[-122.171172,47.709281],[-122.170351,47.709649],[-122.168297,47.7102],[-122.166878,47.711382],[-122.164561,47.711474],[-122.160462,47.711439],[-122.157601,47.711675],[-122.155446,47.711404],[-122.154259,47.711378],[-122.154385,47.710149],[-122.154301,47.709352],[-122.153397,47.704748],[-122.1532,47.704193],[-122.150826,47.691902],[-122.150384,47.690686],[-122.149621,47.689483],[-122.14868,47.688447],[-122.138235,47.678114],[-122.137097,47.676274],[-122.136774,47.675617],[-122.136637,47.675226],[-122.136752,47.674914],[-122.137888,47.675083],[-122.145233,47.675158],[-122.148066,47.67464],[-122.149376,47.674675],[-122.15055,47.675065],[-122.153172,47.676421],[-122.162099,47.679308],[-122.162954,47.679467],[-122.163919,47.679495],[-122.163929,47.68253],[-122.164976,47.68946],[-122.164648,47.696913],[-122.164416,47.706177],[-122.164568,47.706576],[-122.164789,47.706863],[-122.165196,47.707172],[-122.16588,47.70746],[-122.166653,47.707579],[-122.172138,47.707804],[-122.171979,47.708292]]],"type":"Polygon"},"properties":{"tract_name":"Census Tract 226.05, King, WA","geoid":"14000US53033022605","ses_index":64,"access_index":1,"kids_per_pitch":2374,"median_income":121371,"poverty_rate":4.94,"kids_5_17":1187,"facility_count":0,"nearest_facility_km":1.168,"data_year":"ACS 2023 5-year"},"type":"Feature"},{"geometry":{"coordinates":[[[-122.164061,47.661523],[-122.163902,47.675319],[-122.163919,47.679495],[-122.162954,47.679467],[-122.162099,47.679308],[-122.153172,47.676421],[-122.1524,47.676068],[-122.15055,47.675065],[-122.149644,47.674728],[-122.149017,47.674632],[-122.148307,47.674618],[-122.147541,47.67473],[-122.145591,47.675128],[-122.143202,47.675146],[-122.143107,47.674115],[-122.143181,47.667789],[-122.14335,47.660643],[-122.153403,47.660559],[-122.164068,47.66078],[-122.164061,47.661523]]],"type":"Polygon"},"properties":{"tract_name":"Census Tract 226.06, King, WA","geoid":"14000US53033022606","ses_index":78,"access_index":9,"kids_per_pitch":440,"median_income":165707,"poverty_rate":1.35,"kids_5_17":880,"facility_count":2,"nearest_facility_km":0.617,"data_year":"ACS 2023 5-year"},"type":"Feature"},{"geometry":{"coordinates":[[[-122.21382,47.644561],[-122.213123,47.644576],[-122.213115,47.645212],[-122.212471,47.645213],[-122.212469,47.646337],[-122.211875,47.646332],[-122.209784,47.649914],[-122.212135,47.657321],[-122.209235,47.666721],[-122.209244,47.666815],[-122.208269,47.666807],[-122.20825,47.667199],[-122.208405,47.667527],[-122.207114,47.667659],[-122.206789,47.667604],[-122.201899,47.66759],[-122.201906,47.666786],[-122.199621,47.666769],[-122.200919,47.663716],[-122.202737,47.660002],[-122.202942,47.659223],[-122.202953,47.658559],[-122.202885,47.657976],[-122.20235,47.654217],[-122.201708,47.652265],[-122.200399,47.649076],[-122.199464,47.647701],[-122.199273,47.647531],[-122.196291,47.645426],[-122.196302,47.639771],[-122.197748,47.640889],[-122.198525,47.64137],[-122.199135,47.641674],[-122.200652,47.642246],[-122.201539,47.64247],[-122.202749,47.642684],[-122.206269,47.643081],[-122.207309,47.643148],[-122.208415,47.643125],[-122.209104,47.643057],[-122.210299,47.642825],[-122.213033,47.641989],[-122.21364,47.642678],[-122.213753,47.642716],[-122.213733,47.644455],[-122.21382,47.644457],[-122.21382,47.644561]]],"type":"Polygon"},"properties":{"tract_name":"Census Tract 227.01, King, WA","geoid":"14000US53033022701","ses_index":78,"access_index":1,"kids_per_pitch":520,"median_income":184125,"poverty_rate":7.56,"kids_5_17":260,"facility_count":0,"nearest_facility_km":1.038,"data_year":"ACS 2023 5-year"},"type":"Feature"},{"geometry":{"coordinates":[[[-122.202942,47.659223],[-122.202737,47.660002],[-122.200919,47.663716],[-122.199621,47.666769],[-122.194872,47.66672],[-122.193579,47.666293],[-122.193344,47.66626],[-122.191554,47.66642],[-122.190963,47.666634],[-122.190683,47.666797],[-122.189696,47.667561],[-122.189192,47.668044],[-122.188652,47.668852],[-122.188308,47.669177],[-122.18776,47.669461],[-122.187215,47.669603],[-122.187164,47.646426],[-122.196295,47.646432],[-122.196291,47.645426],[-122.199273,47.647531],[-122.199464,47.647701],[-122.200096,47.648578],[-122.200399,47.649076],[-122.201388,47.651436],[-122.202079,47.653313],[-122.20235,47.654217],[-122.202885,47.657976],[-122.202953,47.658559],[-122.202942,47.659223]]],"type":"Polygon"},"properties":{"tract_name":"Census Tract 227.02, King, WA","geoid":"14000US53033022702","ses_index":91,"access_index":10,"kids_per_pitch":542,"median_income":236797,"poverty_rate":9.36,"kids_5_17":542,"facility_count":1,"nearest_facility_km":0.332,"data_year":"ACS 2023 5-year"},"type":"Feature"},{"geometry":{"coordinates":[[[-122.187218,47.664231],[-122.187215,47.669603],[-122.187022,47.669629],[-122.186355,47.669628],[-122.185892,47.669541],[-122.185305,47.66933],[-122.183168,47.668347],[-122.182892,47.668274],[-122.170342,47.66809],[-122.169775,47.668017],[-122.165012,47.667057],[-122.16399,47.666647],[-122.164068,47.660571],[-122.164391,47.651385],[-122.16449,47.646178],[-122.175044,47.646374],[-122.187164,47.646426],[-122.187218,47.664231]]],"type":"Polygon"},"properties":{"tract_name":"Census Tract 227.03, King, WA","geoid":"14000US53033022703","ses_index":97,"access_index":2,"kids_per_pitch":1370,"median_income":245036,"poverty_rate":3.02,"kids_5_17":685,"facility_count":0,"nearest_facility_km":0.695,"data_year":"ACS 2023 5-year"},"type":"Feature"},{"geometry":{"coordinates":[[[-122.143361,47.659217],[-122.143181,47.667789],[-122.143107,47.674115],[-122.143202,47.675146],[-122.137581,47.675066],[-122.137045,47.674985],[-122.136468,47.674818],[-122.135863,47.674522],[-122.134892,47.673921],[-122.134358,47.673714],[-122.133851,47.673605],[-122.133949,47.673316],[-122.133921,47.673056],[-122.133732,47.672528],[-122.133598,47.672292],[-122.133048,47.671738],[-122.131769,47.670644],[-122.130847,47.669987],[-122.128757,47.669061],[-122.127969,47.668598],[-122.127613,47.668302],[-122.127334,47.667994],[-122.126926,47.667119],[-122.126882,47.666491],[-122.126954,47.665955],[-122.12717,47.665248],[-122.12716,47.66439],[-122.126272,47.661931],[-122.125998,47.661526],[-122.125604,47.661117],[-122.121294,47.65781],[-122.123128,47.657011],[-122.124567,47.656093],[-122.127131,47.654808],[-122.133104,47.654127],[-122.133866,47.654051],[-122.13459,47.654053],[-122.143341,47.655061],[-122.143361,47.659217]]],"type":"Polygon"},"properties":{"tract_name":"Census Tract 228.02, King, WA","geoid":"14000US53033022802","ses_index":75,"access_index":5,"kids_per_pitch":991,"median_income":168280,"poverty_rate":5.96,"kids_5_17":991,"facility_count":1,"nearest_facility_km":0.738,"data_year":"ACS 2023 5-year"},"type":"Feature"},{"geometry":{"coordinates":[[[-122.143408,47.653566],[-122.143341,47.655061],[-122.13459,47.654053],[-122.133866,47.654051],[-122.127227,47.654781],[-122.124567,47.656093],[-122.123128,47.657011],[-122.121294,47.65781],[-122.118425,47.65521],[-122.117548,47.654058],[-122.11716,47.653091],[-122.116692,47.65102],[-122.114278,47.64608],[-122.114261,47.645534],[-122.114523,47.645119],[-122.115872,47.643806],[-122.123135,47.638068],[-122.133735,47.631873],[-122.134148,47.631469],[-122.134327,47.631157],[-122.134596,47.629879],[-122.134761,47.629445],[-122.135179,47.62891],[-122.135606,47.628574],[-122.136522,47.628132],[-122.137779,47.627715],[-122.143101,47.626513],[-122.143004,47.632428],[-122.143089,47.635637],[-122.143048,47.645951],[-122.143408,47.653566]]],"type":"Polygon"},"properties":{"tract_name":"Census Tract 228.03, King, WA","geoid":"14000US53033022803","ses_index":77,"access_index":13,"kids_per_pitch":332,"median_income":175278,"poverty_rate":6.52,"kids_5_17":996,"facility_count":3,"nearest_facility_km":0.373,"data_year":"ACS 2023 5-year"},"type":"Feature"},{"geometry":{"coordinates":[[[-122.15372,47.632643],[-122.153648,47.637427],[-122.151417,47.637395],[-122.151127,47.637429],[-122.150864,47.637488],[-122.150518,47.637628],[-122.150252,47.637809],[-122.150156,47.637939],[-122.150152,47.638289],[-122.150022,47.638615],[-122.15009,47.63881],[-122.150109,47.639036],[-122.150028,47.639357],[-122.150038,47.639716],[-122.149971,47.639949],[-122.150107,47.64079],[-122.149965,47.641084],[-122.149932,47.641281],[-122.149946,47.641429],[-122.150064,47.641725],[-122.150094,47.641893],[-122.149986,47.642545],[-122.149997,47.642799],[-122.149943,47.643228],[-122.149971,47.643492],[-122.150037,47.643721],[-122.150048,47.643989],[-122.149966,47.644353],[-122.15,47.645187],[-122.149959,47.645349],[-122.149741,47.64583],[-122.149712,47.646001],[-122.143048,47.645951],[-122.143089,47.635637],[-122.143082,47.635363],[-122.143046,47.635207],[-122.143064,47.633256],[-122.143011,47.632862],[-122.143004,47.632428],[-122.143041,47.631491],[-122.153727,47.63158],[-122.15372,47.632643]]],"type":"Polygon"},"properties":{"tract_name":"Census Tract 228.04, King, WA","geoid":"14000US53033022804","ses_index":56,"access_index":1,"kids_per_pitch":1070,"median_income":107038,"poverty_rate":11.17,"kids_5_17":535,"facility_count":0,"nearest_facility_km":0.934,"data_year":"ACS 2023 5-year"},"type":"Feature"},{"geometry":{"coordinates":[[[-122.164496,47.646711],[-122.164068,47.66078],[-122.153403,47.660559],[-122.14335,47.660643],[-122.143341,47.655061],[-122.143408,47.653566],[-122.143048,47.645951],[-122.149712,47.646001],[-122.15,47.645187],[-122.149966,47.644353],[-122.150048,47.643989],[-122.149943,47.643228],[-122.150094,47.641893],[-122.149932,47.641281],[-122.150107,47.64079],[-122.149971,47.639949],[-122.150109,47.639036],[-122.150022,47.638615],[-122.150152,47.638289],[-122.150156,47.637939],[-122.150518,47.637628],[-122.151127,47.637429],[-122.153648,47.637427],[-122.153727,47.63158],[-122.16212,47.631622],[-122.162096,47.645266],[-122.162244,47.645601],[-122.162593,47.645917],[-122.163115,47.646109],[-122.163811,47.646177],[-122.164159,47.646284],[-122.16443,47.646502],[-122.164496,47.646711]]],"type":"Polygon"},"properties":{"tract_name":"Census Tract 228.05, King, WA","geoid":"14000US53033022805","ses_index":76,"access_index":1,"kids_per_pitch":836,"median_income":163936,"poverty_rate":2.65,"kids_5_17":418,"facility_count":0,"nearest_facility_km":1.123,"data_year":"ACS 2023 5-year"},"type":"Feature"},{"geometry":{"coordinates":[[[-122.133841,47.63178],[-122.133458,47.632068],[-122.123718,47.637692],[-122.123135,47.638068],[-122.118401,47.641779],[-122.115635,47.644018],[-122.114383,47.645283],[-122.114261,47.645534],[-122.114232,47.645702],[-122.114278,47.64608],[-122.110902,47.646088],[-122.110919,47.635605],[-122.110914,47.635447],[-122.110831,47.635358],[-122.110863,47.63124],[-122.121657,47.631348],[-122.132352,47.631601],[-122.134041,47.631583],[-122.133841,47.63178]]],"type":"Polygon"},"properties":{"tract_name":"Census Tract 229.01, King, WA","geoid":"14000US53033022901","ses_index":82,"access_index":2,"kids_per_pitch":1084,"median_income":188672,"poverty_rate":3.06,"kids_5_17":542,"facility_count":0,"nearest_facility_km":0.678,"data_year":"ACS 2023 5-year"},"type":"Feature"},{"geometry":{"coordinates":[[[-122.126133,47.661714],[-122.125038,47.662005],[-122.124391,47.662317],[-122.123869,47.661731],[-122.123752,47.661334],[-122.123913,47.660821],[-122.12371,47.660365],[-122.121445,47.659431],[-122.115671,47.657479],[-122.114649,47.657039],[-122.113809,47.656522],[-122.112391,47.654637],[-122.111887,47.65424],[-122.10683,47.652393],[-122.101145,47.650148],[-122.099581,47.649317],[-122.098154,47.648381],[-122.093522,47.64449],[-122.092387,47.643651],[-122.088847,47.641353],[-122.086475,47.639701],[-122.084247,47.637969],[-122.082849,47.636633],[-122.081666,47.635207],[-122.080801,47.633848],[-122.079991,47.632142],[-122.079518,47.630538],[-122.079301,47.627536],[-122.091819,47.627511],[-122.092219,47.627183],[-122.092554,47.62753],[-122.110937,47.627634],[-122.110831,47.635358],[-122.110919,47.635605],[-122.110902,47.646088],[-122.114278,47.64608],[-122.116527,47.650608],[-122.116738,47.651154],[-122.117201,47.653232],[-122.117548,47.654058],[-122.117941,47.65463],[-122.118425,47.65521],[-122.120586,47.657216],[-122.125604,47.661117],[-122.126133,47.661714]]],"type":"Polygon"},"properties":{"tract_name":"Census Tract 229.02, King, WA","geoid":"14000US53033022902","ses_index":87,"access_index":1,"kids_per_pitch":2336,"median_income":211797,"poverty_rate":4.94,"kids_5_17":1168,"facility_count":0,"nearest_facility_km":1.704,"data_year":"ACS 2023 5-year"},"type":"Feature"},{"geometry":{"coordinates":[[[-122.137275,47.627873],[-122.135868,47.628418],[-122.135006,47.629095],[-122.134655,47.629675],[-122.134386,47.631005],[-122.134041,47.631583],[-122.110863,47.63124],[-122.110937,47.627634],[-122.092554,47.62753],[-122.092219,47.627183],[-122.091819,47.627511],[-122.079301,47.627536],[-122.079311,47.623034],[-122.07973,47.621057],[-122.080912,47.618523],[-122.083685,47.615766],[-122.086465,47.613517],[-122.090877,47.61052],[-122.092425,47.609186],[-122.093758,47.607749],[-122.109032,47.608922],[-122.110574,47.609779],[-122.110304,47.610132],[-122.110332,47.610288],[-122.109547,47.612238],[-122.107617,47.614926],[-122.107197,47.61596],[-122.107176,47.616609],[-122.107424,47.617067],[-122.109499,47.61876],[-122.110882,47.62039],[-122.111475,47.620952],[-122.112314,47.621427],[-122.113,47.621655],[-122.131734,47.627681],[-122.13318,47.627885],[-122.137275,47.627873]]],"type":"Polygon"},"properties":{"tract_name":"Census Tract 230, King, WA","geoid":"14000US53033023000","ses_index":80,"access_index":8,"kids_per_pitch":536,"median_income":184332,"poverty_rate":4.29,"kids_5_17":1072,"facility_count":2,"nearest_facility_km":0.636,"data_year":"ACS 2023 5-year"},"type":"Feature"},{"geometry":{"coordinates":[[[-122.121709,47.620199],[-122.12167,47.624448],[-122.112314,47.621427],[-122.111308,47.620822],[-122.109699,47.61896],[-122.107496,47.617136],[-122.107309,47.616927],[-122.107176,47.616609],[-122.107197,47.61596],[-122.107617,47.614926],[-122.109547,47.612238],[-122.110332,47.610288],[-122.110304,47.610132],[-122.110574,47.609779],[-122.109032,47.608922],[-122.093758,47.607749],[-122.094862,47.606227],[-122.095724,47.604635],[-122.096336,47.60299],[-122.096531,47.602307],[-122.098471,47.591933],[-122.110443,47.591985],[-122.112085,47.592219],[-122.111433,47.586206],[-122.113864,47.586733],[-122.115917,47.588252],[-122.116851,47.589185],[-122.116455,47.589393],[-122.116061,47.589732],[-122.115815,47.590144],[-122.115749,47.590463],[-122.115714,47.597177],[-122.115928,47.597651],[-122.116362,47.597956],[-122.116243,47.598168],[-122.116335,47.59842],[-122.117407,47.598942],[-122.117464,47.599147],[-122.117434,47.600299],[-122.117381,47.600511],[-122.1172,47.600706],[-122.116414,47.600922],[-122.116214,47.601048],[-122.116122,47.601226],[-122.11611,47.601833],[-122.116473,47.602389],[-122.116518,47.604198],[-122.116634,47.604523],[-122.116977,47.60493],[-122.117005,47.605573],[-122.117784,47.606573],[-122.119016,47.606859],[-122.119068,47.607298],[-122.119469,47.608231],[-122.119313,47.608852],[-122.119447,47.609126],[-122.119932,47.609411],[-122.120477,47.609876],[-122.120839,47.60977],[-122.121287,47.609756],[-122.121693,47.616952],[-122.121709,47.620199]]],"type":"Polygon"},"properties":{"tract_name":"Census Tract 231, King, WA","geoid":"14000US53033023100","ses_index":85,"access_index":11,"kids_per_pitch":345,"median_income":206705,"poverty_rate":6.19,"kids_5_17":690,"facility_count":2,"nearest_facility_km":0.922,"data_year":"ACS 2023 5-year"},"type":"Feature"},{"geometry":{"coordinates":[[[-122.1431,47.622122],[-122.143011,47.626414],[-122.143101,47.626513],[-122.138255,47.62759],[-122.137275,47.627873],[-122.13318,47.627885],[-122.132369,47.6278],[-122.132424,47.616998],[-122.132251,47.609816],[-122.142879,47.609854],[-122.142854,47.611582],[-122.142879,47.612832],[-122.142949,47.61525],[-122.143067,47.617037],[-122.143053,47.618846],[-122.1431,47.622122]]],"type":"Polygon"},"properties":{"tract_name":"Census Tract 232.01, King, WA","geoid":"14000US53033023201","ses_index":64,"access_index":8,"kids_per_pitch":539,"median_income":116683,"poverty_rate":3.24,"kids_5_17":1078,"facility_count":2,"nearest_facility_km":0.538,"data_year":"ACS 2023 5-year"},"type":"Feature"},{"geometry":{"coordinates":[[[-122.132415,47.617841],[-122.132369,47.6278],[-122.131482,47.62761],[-122.12167,47.624448],[-122.121709,47.620199],[-122.121693,47.616952],[-122.121287,47.609756],[-122.121785,47.609668],[-122.122258,47.609429],[-122.122727,47.60926],[-122.123147,47.609187],[-122.123518,47.609174],[-122.124079,47.609209],[-122.124848,47.609314],[-122.125361,47.609424],[-122.12635,47.609722],[-122.126743,47.609782],[-122.132251,47.609816],[-122.132424,47.616998],[-122.132415,47.617841]]],"type":"Polygon"},"properties":{"tract_name":"Census Tract 232.02, King, WA","geoid":"14000US53033023202","ses_index":54,"access_index":1,"kids_per_pitch":1828,"median_income":99436,"poverty_rate":10.41,"kids_5_17":914,"facility_count":0,"nearest_facility_km":0.983,"data_year":"ACS 2023 5-year"},"type":"Feature"},{"geometry":{"coordinates":[[[-122.142879,47.609854],[-122.126743,47.609782],[-122.124848,47.609314],[-122.123518,47.609174],[-122.122727,47.60926],[-122.121664,47.609705],[-122.120839,47.60977],[-122.120477,47.609876],[-122.119932,47.609411],[-122.119447,47.609126],[-122.119313,47.608852],[-122.119469,47.608231],[-122.119068,47.607298],[-122.119016,47.606859],[-122.118765,47.606849],[-122.118459,47.606732],[-122.117956,47.606652],[-122.117674,47.606494],[-122.117005,47.605573],[-122.116956,47.605415],[-122.117011,47.605136],[-122.116977,47.60493],[-122.116634,47.604523],[-122.11653,47.604268],[-122.116473,47.602389],[-122.116124,47.601888],[-122.116122,47.601226],[-122.116299,47.600979],[-122.117109,47.600758],[-122.117352,47.600558],[-122.117434,47.600299],[-122.117464,47.599147],[-122.117363,47.598897],[-122.116412,47.598474],[-122.116282,47.598363],[-122.116243,47.598168],[-122.116362,47.597956],[-122.115928,47.597651],[-122.115722,47.597245],[-122.115749,47.590463],[-122.115815,47.590144],[-122.115982,47.589834],[-122.116348,47.589471],[-122.116753,47.589232],[-122.117237,47.589063],[-122.117721,47.588973],[-122.132477,47.589031],[-122.132363,47.589901],[-122.132052,47.59051],[-122.131898,47.591002],[-122.131784,47.596282],[-122.142596,47.596337],[-122.142479,47.601297],[-122.142856,47.603182],[-122.142821,47.604559],[-122.142879,47.609854]]],"type":"Polygon"},"properties":{"tract_name":"Census Tract 233, King, WA","geoid":"14000US53033023300","ses_index":81,"access_index":9,"kids_per_pitch":1314,"median_income":180928,"poverty_rate":1.68,"kids_5_17":1314,"facility_count":1,"nearest_facility_km":0.19,"data_year":"ACS 2023 5-year"},"type":"Feature"},{"geometry":{"coordinates":[[[-122.16886,47.58045],[-122.168811,47.580884],[-122.168646,47.581252],[-122.167965,47.581762],[-122.167685,47.582058],[-122.164582,47.586628],[-122.164412,47.586979],[-122.164335,47.587336],[-122.156707,47.587307],[-122.155855,47.587454],[-122.15519,47.587791],[-122.152791,47.590132],[-122.152696,47.590363],[-122.152631,47.591239],[-122.150947,47.595222],[-122.150742,47.595579],[-122.150395,47.595867],[-122.149947,47.59611],[-122.149206,47.596318],[-122.148195,47.596354],[-122.131784,47.596282],[-122.131898,47.591002],[-122.132052,47.59051],[-122.132363,47.589901],[-122.132446,47.589539],[-122.132526,47.584473],[-122.132547,47.584129],[-122.132654,47.583767],[-122.132832,47.583393],[-122.133092,47.58305],[-122.135019,47.581428],[-122.13619,47.580745],[-122.137538,47.580179],[-122.138103,47.579549],[-122.138373,47.579398],[-122.138974,47.579276],[-122.14029,47.579316],[-122.140249,47.578763],[-122.168892,47.580078],[-122.16886,47.58045]]],"type":"Polygon"},"properties":{"tract_name":"Census Tract 234.01, King, WA","geoid":"14000US53033023401","ses_index":77,"access_index":34,"kids_per_pitch":110,"median_income":171144,"poverty_rate":4.65,"kids_5_17":658,"facility_count":6,"nearest_facility_km":0.283,"data_year":"ACS 2023 5-year"},"type":"Feature"},{"geometry":{"coordinates":[[[-122.14029,47.579316],[-122.138848,47.579283],[-122.138191,47.579487],[-122.137538,47.580179],[-122.13619,47.580745],[-122.135019,47.581428],[-122.133001,47.583153],[-122.132726,47.583593],[-122.132534,47.584253],[-122.132477,47.589031],[-122.118333,47.588959],[-122.117617,47.588987],[-122.116851,47.589185],[-122.115917,47.588252],[-122.113864,47.586733],[-122.111433,47.586206],[-122.112085,47.592219],[-122.110443,47.591985],[-122.098471,47.591933],[-122.098464,47.584703],[-122.097336,47.581083],[-122.098266,47.577977],[-122.097818,47.574976],[-122.097753,47.572184],[-122.097823,47.569831],[-122.098905,47.569831],[-122.099148,47.57002],[-122.099435,47.569897],[-122.099591,47.569773],[-122.099246,47.569301],[-122.099093,47.569348],[-122.09877,47.568844],[-122.100071,47.568389],[-122.099365,47.566467],[-122.099091,47.564911],[-122.105138,47.568235],[-122.106644,47.568894],[-122.131239,47.577644],[-122.132571,47.57802],[-122.134289,47.578366],[-122.136379,47.578566],[-122.140249,47.578763],[-122.14029,47.579316]]],"type":"Polygon"},"properties":{"tract_name":"Census Tract 234.03, King, WA","geoid":"14000US53033023403","ses_index":76,"access_index":6,"kids_per_pitch":674,"median_income":172891,"poverty_rate":5.88,"kids_5_17":674,"facility_count":1,"nearest_facility_km":1.217,"data_year":"ACS 2023 5-year"},"type":"Feature"},{"geometry":{"coordinates":[[[-122.100071,47.568389],[-122.09877,47.568844],[-122.099093,47.569348],[-122.099246,47.569301],[-122.099591,47.569773],[-122.099435,47.569897],[-122.099148,47.57002],[-122.098901,47.569889],[-122.098905,47.569831],[-122.097823,47.569831],[-122.097753,47.572184],[-122.097818,47.574976],[-122.098266,47.577977],[-122.097336,47.581083],[-122.097176,47.580606],[-122.095942,47.579466],[-122.094106,47.578659],[-122.086052,47.576424],[-122.082267,47.575222],[-122.076975,47.571156],[-122.07262,47.5664],[-122.074727,47.565889],[-122.075148,47.565612],[-122.074631,47.564122],[-122.074431,47.562522],[-122.075531,47.559822],[-122.075331,47.556822],[-122.075049,47.55654],[-122.073119,47.555608],[-122.068226,47.553565],[-122.068253,47.55188],[-122.067938,47.55187],[-122.068137,47.551675],[-122.070356,47.551908],[-122.086205,47.558002],[-122.088131,47.558838],[-122.099091,47.564911],[-122.099365,47.566467],[-122.100071,47.568389]]],"type":"Polygon"},"properties":{"tract_name":"Census Tract 234.04, King, WA","geoid":"14000US53033023404","ses_index":85,"access_index":1,"kids_per_pitch":1594,"median_income":193750,"poverty_rate":1.37,"kids_5_17":797,"facility_count":0,"nearest_facility_km":1.406,"data_year":"ACS 2023 5-year"},"type":"Feature"},{"geometry":{"coordinates":[[[-122.183824,47.603167],[-122.183345,47.603344],[-122.182918,47.603392],[-122.180325,47.603306],[-122.180418,47.602643],[-122.180403,47.602437],[-122.180264,47.602242],[-122.180067,47.602112],[-122.179338,47.602279],[-122.178958,47.602319],[-122.178155,47.602219],[-122.176813,47.602149],[-122.176283,47.602054],[-122.175829,47.601921],[-122.174854,47.601516],[-122.173969,47.601465],[-122.172472,47.601055],[-122.169917,47.599862],[-122.169224,47.599432],[-122.168399,47.598728],[-122.168154,47.598397],[-122.167982,47.598073],[-122.166931,47.595634],[-122.166731,47.595343],[-122.165188,47.593984],[-122.164876,47.593638],[-122.164543,47.592949],[-122.164359,47.592437],[-122.164275,47.591979],[-122.164335,47.587336],[-122.164412,47.586979],[-122.164582,47.586628],[-122.165473,47.585288],[-122.167685,47.582058],[-122.167965,47.581762],[-122.168466,47.581435],[-122.168646,47.581252],[-122.168811,47.580884],[-122.168892,47.580078],[-122.17333,47.580247],[-122.174596,47.580246],[-122.17494,47.581245],[-122.175258,47.581858],[-122.175605,47.582402],[-122.176156,47.5831],[-122.178519,47.585655],[-122.179064,47.586381],[-122.179656,47.587423],[-122.180121,47.588473],[-122.180948,47.590445],[-122.181207,47.591334],[-122.181328,47.592232],[-122.181689,47.598737],[-122.18192,47.599854],[-122.182128,47.600366],[-122.182386,47.600849],[-122.183091,47.601832],[-122.184108,47.603052],[-122.183824,47.603167]]],"type":"Polygon"},"properties":{"tract_name":"Census Tract 235, King, WA","geoid":"14000US53033023500","ses_index":73,"access_index":1,"kids_per_pitch":1214,"median_income":157102,"poverty_rate":4.17,"kids_5_17":607,"facility_count":0,"nearest_facility_km":1.207,"data_year":"ACS 2023 5-year"},"type":"Feature"},{"geometry":{"coordinates":[[[-122.188893,47.615627],[-122.188842,47.617348],[-122.186068,47.617278],[-122.181201,47.617311],[-122.180933,47.617538],[-122.177364,47.619136],[-122.177047,47.619215],[-122.176294,47.619262],[-122.174985,47.619096],[-122.174997,47.619927],[-122.159061,47.623237],[-122.158974,47.622497],[-122.159051,47.621296],[-122.15897,47.61718],[-122.159295,47.617181],[-122.159013,47.601368],[-122.15916,47.60089],[-122.159392,47.599564],[-122.159672,47.599006],[-122.160406,47.598231],[-122.160898,47.597914],[-122.16175,47.59752],[-122.162556,47.597293],[-122.163113,47.597212],[-122.16364,47.597174],[-122.16475,47.597236],[-122.165353,47.597342],[-122.166476,47.597725],[-122.166929,47.597956],[-122.169917,47.599862],[-122.172253,47.600964],[-122.172818,47.601171],[-122.173969,47.601465],[-122.174854,47.601516],[-122.176011,47.601982],[-122.176813,47.602149],[-122.178958,47.602319],[-122.180067,47.602112],[-122.180264,47.602242],[-122.180403,47.602437],[-122.180325,47.603306],[-122.182918,47.603392],[-122.183345,47.603344],[-122.184108,47.603052],[-122.187296,47.6068],[-122.187991,47.608055],[-122.188336,47.608909],[-122.188705,47.610603],[-122.188893,47.615627]]],"type":"Polygon"},"properties":{"tract_name":"Census Tract 236.01, King, WA","geoid":"14000US53033023601","ses_index":72,"access_index":29,"kids_per_pitch":139,"median_income":163646,"poverty_rate":8.34,"kids_5_17":416,"facility_count":3,"nearest_facility_km":0.243,"data_year":"ACS 2023 5-year"},"type":"Feature"},{"geometry":{"coordinates":[[[-122.159295,47.617181],[-122.15897,47.61718],[-122.159,47.620263],[-122.159051,47.621296],[-122.15897,47.621942],[-122.158974,47.622497],[-122.159033,47.622716],[-122.159061,47.623237],[-122.155158,47.624079],[-122.145864,47.625928],[-122.143101,47.626513],[-122.143011,47.626414],[-122.143091,47.623004],[-122.143092,47.620154],[-122.143053,47.618846],[-122.143067,47.617037],[-122.142949,47.61525],[-122.142879,47.612832],[-122.142879,47.609854],[-122.15871,47.609963],[-122.159184,47.610144],[-122.159295,47.617181]]],"type":"Polygon"},"properties":{"tract_name":"Census Tract 236.03, King, WA","geoid":"14000US53033023603","ses_index":57,"access_index":13,"kids_per_pitch":544,"median_income":134733,"poverty_rate":20.14,"kids_5_17":1087,"facility_count":2,"nearest_facility_km":0.085,"data_year":"ACS 2023 5-year"},"type":"Feature"},{"geometry":{"coordinates":[[[-122.169224,47.599432],[-122.166929,47.597956],[-122.166476,47.597725],[-122.165353,47.597342],[-122.16475,47.597236],[-122.16364,47.597174],[-122.162556,47.597293],[-122.16175,47.59752],[-122.161287,47.597713],[-122.160406,47.598231],[-122.160123,47.598476],[-122.159672,47.599006],[-122.159392,47.599564],[-122.15916,47.60089],[-122.159013,47.601368],[-122.159184,47.610144],[-122.15871,47.609963],[-122.142879,47.609854],[-122.142821,47.604559],[-122.142856,47.603182],[-122.142479,47.601297],[-122.142596,47.596337],[-122.148986,47.596343],[-122.149742,47.596189],[-122.150395,47.595867],[-122.150833,47.595457],[-122.152421,47.59177],[-122.152674,47.59106],[-122.152696,47.590363],[-122.152791,47.590132],[-122.154968,47.587984],[-122.155352,47.587678],[-122.155725,47.5875],[-122.156112,47.587384],[-122.156707,47.587307],[-122.164335,47.587336],[-122.164275,47.591979],[-122.164359,47.592437],[-122.164692,47.593318],[-122.16507,47.59387],[-122.166731,47.595343],[-122.166931,47.595634],[-122.168154,47.598397],[-122.168544,47.59888],[-122.169224,47.599432]]],"type":"Polygon"},"properties":{"tract_name":"Census Tract 236.04, King, WA","geoid":"14000US53033023604","ses_index":62,"access_index":5,"kids_per_pitch":769,"median_income":125000,"poverty_rate":9.4,"kids_5_17":769,"facility_count":1,"nearest_facility_km":1.099,"data_year":"ACS 2023 5-year"},"type":"Feature"},{"geometry":{"coordinates":[[[-122.196279,47.640139],[-122.196295,47.646432],[-122.175044,47.646374],[-122.164979,47.646166],[-122.16449,47.646178],[-122.164495,47.646622],[-122.164405,47.646471],[-122.164063,47.646244],[-122.163115,47.646109],[-122.16267,47.645962],[-122.162244,47.645601],[-122.162096,47.645266],[-122.16212,47.631622],[-122.14854,47.631529],[-122.150085,47.630694],[-122.152337,47.629988],[-122.154271,47.629666],[-122.156498,47.629559],[-122.164199,47.630234],[-122.168672,47.629963],[-122.170159,47.630008],[-122.171604,47.630225],[-122.17867,47.631859],[-122.179625,47.632011],[-122.181612,47.632173],[-122.185772,47.632046],[-122.18695,47.632152],[-122.188536,47.632606],[-122.189449,47.633076],[-122.18997,47.633456],[-122.190671,47.634195],[-122.191631,47.635754],[-122.192285,47.63657],[-122.193298,47.637519],[-122.196302,47.639771],[-122.196279,47.640139]]],"type":"Polygon"},"properties":{"tract_name":"Census Tract 237.01, King, WA","geoid":"14000US53033023701","ses_index":90,"access_index":0,"kids_per_pitch":1384,"median_income":215938,"poverty_rate":2.21,"kids_5_17":692,"facility_count":0,"nearest_facility_km":2.665,"data_year":"ACS 2023 5-year"},"type":"Feature"},{"geometry":{"coordinates":[[[-122.188893,47.622029],[-122.188794,47.628204],[-122.188587,47.630026],[-122.188065,47.63244],[-122.187274,47.632214],[-122.186139,47.632058],[-122.181612,47.632173],[-122.179625,47.632011],[-122.17867,47.631859],[-122.171604,47.630225],[-122.170159,47.630008],[-122.168672,47.629963],[-122.164199,47.630234],[-122.156498,47.629559],[-122.154271,47.629666],[-122.152337,47.629988],[-122.150085,47.630694],[-122.14854,47.631529],[-122.143041,47.631491],[-122.143101,47.626513],[-122.155158,47.624079],[-122.174997,47.619927],[-122.174985,47.619096],[-122.176294,47.619262],[-122.177364,47.619136],[-122.180933,47.617538],[-122.181201,47.617311],[-122.186068,47.617278],[-122.188842,47.617348],[-122.188893,47.622029]]],"type":"Polygon"},"properties":{"tract_name":"Census Tract 237.02, King, WA","geoid":"14000US53033023702","ses_index":63,"access_index":1,"kids_per_pitch":154,"median_income":138702,"poverty_rate":12.96,"kids_5_17":77,"facility_count":0,"nearest_facility_km":1.696,"data_year":"ACS 2023 5-year"},"type":"Feature"},{"geometry":{"coordinates":[[[-122.201503,47.610147],[-122.188607,47.610025],[-122.188336,47.608909],[-122.187991,47.608055],[-122.187296,47.6068],[-122.183091,47.601832],[-122.182386,47.600849],[-122.182128,47.600366],[-122.181848,47.599596],[-122.181689,47.598737],[-122.181303,47.591951],[-122.181207,47.591334],[-122.180948,47.590445],[-122.179656,47.587423],[-122.179278,47.586716],[-122.178519,47.585655],[-122.176156,47.5831],[-122.175605,47.582402],[-122.17494,47.581245],[-122.174596,47.580246],[-122.176779,47.580129],[-122.189192,47.579076],[-122.188399,47.579661],[-122.188047,47.580087],[-122.187817,47.58057],[-122.187722,47.580877],[-122.187661,47.581455],[-122.187832,47.582657],[-122.188239,47.583258],[-122.19067,47.585669],[-122.1911,47.586164],[-122.191323,47.586629],[-122.192117,47.589289],[-122.192288,47.5897],[-122.195052,47.593564],[-122.195243,47.59374],[-122.196477,47.594336],[-122.196774,47.594554],[-122.198129,47.596245],[-122.198252,47.596492],[-122.199416,47.59929],[-122.20132,47.602806],[-122.201503,47.610147]]],"type":"Polygon"},"properties":{"tract_name":"Census Tract 238.01, King, WA","geoid":"14000US53033023801","ses_index":68,"access_index":8,"kids_per_pitch":455,"median_income":140375,"poverty_rate":6.08,"kids_5_17":455,"facility_count":1,"nearest_facility_km":1.67,"data_year":"ACS 2023 5-year"},"type":"Feature"},{"geometry":{"coordinates":[[[-122.207066,47.619252],[-122.207044,47.621104],[-122.206258,47.621101],[-122.205665,47.621034],[-122.204432,47.621037],[-122.204313,47.621052],[-122.203894,47.621034],[-122.203729,47.621067],[-122.203548,47.621078],[-122.199258,47.621065],[-122.198609,47.621131],[-122.197772,47.621175],[-122.196694,47.621177],[-122.196323,47.621162],[-122.196317,47.618603],[-122.196335,47.617406],[-122.207086,47.617439],[-122.207066,47.619252]]],"type":"Polygon"},"properties":{"tract_name":"Census Tract 238.05, King, WA","geoid":"14000US53033023805","ses_index":74,"access_index":1,"kids_per_pitch":758,"median_income":170134,"poverty_rate":8.25,"kids_5_17":379,"facility_count":0,"nearest_facility_km":1.208,"data_year":"ACS 2023 5-year"},"type":"Feature"},{"geometry":{"coordinates":[[[-122.196317,47.618603],[-122.196323,47.621162],[-122.194827,47.621063],[-122.190983,47.621036],[-122.190768,47.621048],[-122.190325,47.62112],[-122.189888,47.621251],[-122.189521,47.621418],[-122.188885,47.621744],[-122.188842,47.619258],[-122.188842,47.617348],[-122.190975,47.617347],[-122.196335,47.617406],[-122.196317,47.618603]]],"type":"Polygon"},"properties":{"tract_name":"Census Tract 238.06, King, WA","geoid":"14000US53033023806","ses_index":76,"access_index":1,"kids_per_pitch":220,"median_income":168782,"poverty_rate":5.08,"kids_5_17":110,"facility_count":0,"nearest_facility_km":1.464,"data_year":"ACS 2023 5-year"},"type":"Feature"},{"geometry":{"coordinates":[[[-122.207752,47.609283],[-122.207715,47.609322],[-122.206972,47.609565],[-122.206861,47.609656],[-122.206809,47.609826],[-122.207086,47.617439],[-122.188842,47.617348],[-122.188893,47.615627],[-122.18888,47.614565],[-122.188814,47.613532],[-122.18929,47.613632],[-122.19013,47.613706],[-122.195564,47.61375],[-122.197053,47.613842],[-122.198888,47.613843],[-122.198796,47.610128],[-122.201503,47.610147],[-122.201427,47.607981],[-122.205382,47.607972],[-122.205395,47.608831],[-122.205368,47.609109],[-122.206064,47.608826],[-122.206494,47.608781],[-122.20679,47.608848],[-122.207714,47.609228],[-122.207752,47.609283]]],"type":"Polygon"},"properties":{"tract_name":"Census Tract 238.07, King, WA","geoid":"14000US53033023807","ses_index":85,"access_index":2,"kids_per_pitch":568,"median_income":200428,"poverty_rate":3.65,"kids_5_17":284,"facility_count":0,"nearest_facility_km":0.709,"data_year":"ACS 2023 5-year"},"type":"Feature"},{"geometry":{"coordinates":[[[-122.198888,47.613843],[-122.197529,47.613854],[-122.197053,47.613842],[-122.195564,47.61375],[-122.19013,47.613706],[-122.189753,47.613692],[-122.18929,47.613632],[-122.188814,47.613532],[-122.188757,47.611248],[-122.188705,47.610603],[-122.188607,47.610025],[-122.190146,47.610054],[-122.198796,47.610128],[-122.198889,47.613101],[-122.198888,47.613843]]],"type":"Polygon"},"properties":{"tract_name":"Census Tract 238.08, King, WA","geoid":"14000US53033023808","ses_index":68,"access_index":2,"kids_per_pitch":144,"median_income":150438,"poverty_rate":9.23,"kids_5_17":72,"facility_count":0,"nearest_facility_km":0.882,"data_year":"ACS 2023 5-year"},"type":"Feature"},{"geometry":{"coordinates":[[[-122.220419,47.597838],[-122.220234,47.610121],[-122.217734,47.611121],[-122.210433,47.608957],[-122.209065,47.608918],[-122.208006,47.609258],[-122.207752,47.609283],[-122.20679,47.608848],[-122.206378,47.608778],[-122.205898,47.608879],[-122.205368,47.609109],[-122.205382,47.607972],[-122.201427,47.607981],[-122.20132,47.602806],[-122.199416,47.59929],[-122.198129,47.596245],[-122.19687,47.594652],[-122.196477,47.594336],[-122.196558,47.592105],[-122.196545,47.583778],[-122.199752,47.583737],[-122.204533,47.583821],[-122.205893,47.583413],[-122.209515,47.583124],[-122.210634,47.583721],[-122.214734,47.587021],[-122.216534,47.590421],[-122.220434,47.596821],[-122.220419,47.597838]]],"type":"Polygon"},"properties":{"tract_name":"Census Tract 239.01, King, WA","geoid":"14000US53033023901","ses_index":78,"access_index":1,"kids_per_pitch":1642,"median_income":173365,"poverty_rate":4.04,"kids_5_17":821,"facility_count":0,"nearest_facility_km":1.025,"data_year":"ACS 2023 5-year"},"type":"Feature"},{"geometry":{"coordinates":[[[-122.205893,47.583413],[-122.204533,47.583821],[-122.199752,47.583737],[-122.196545,47.583778],[-122.196558,47.592105],[-122.196477,47.594336],[-122.195243,47.59374],[-122.195052,47.593564],[-122.192288,47.5897],[-122.191323,47.586629],[-122.1911,47.586164],[-122.188239,47.583258],[-122.187832,47.582657],[-122.187661,47.581455],[-122.187817,47.58057],[-122.188047,47.580087],[-122.188399,47.579661],[-122.189192,47.579076],[-122.178197,47.579998],[-122.180289,47.577626],[-122.180875,47.576242],[-122.181156,47.573835],[-122.181115,47.573177],[-122.180768,47.570972],[-122.179863,47.56794],[-122.180761,47.567271],[-122.181421,47.566922],[-122.184257,47.565986],[-122.185072,47.565616],[-122.185757,47.565162],[-122.18647,47.564415],[-122.186862,47.563699],[-122.187269,47.56176],[-122.187893,47.560341],[-122.191561,47.555049],[-122.194353,47.551515],[-122.194909,47.550623],[-122.195128,47.550138],[-122.195339,47.549239],[-122.195554,47.547583],[-122.195624,47.546091],[-122.201999,47.546088],[-122.201433,47.550921],[-122.201133,47.557721],[-122.199333,47.566221],[-122.199007,47.575921],[-122.200335,47.578222],[-122.209515,47.583124],[-122.205893,47.583413]]],"type":"Polygon"},"properties":{"tract_name":"Census Tract 239.02, King, WA","geoid":"14000US53033023902","ses_index":99,"access_index":1,"kids_per_pitch":1154,"median_income":250001,"poverty_rate":2.33,"kids_5_17":577,"facility_count":0,"nearest_facility_km":1.96,"data_year":"ACS 2023 5-year"},"type":"Feature"},{"geometry":{"coordinates":[[[-122.209767,47.63108],[-122.209717,47.632882],[-122.20969,47.64134],[-122.209746,47.642945],[-122.208802,47.643093],[-122.207643,47.643154],[-122.2054,47.642991],[-122.202749,47.642684],[-122.20182,47.642528],[-122.200652,47.642246],[-122.199498,47.641838],[-122.198525,47.64137],[-122.197748,47.640889],[-122.193003,47.63728],[-122.192026,47.636265],[-122.191631,47.635754],[-122.190671,47.634195],[-122.190213,47.633677],[-122.189765,47.633294],[-122.189141,47.632896],[-122.188065,47.63244],[-122.188222,47.631876],[-122.188587,47.630026],[-122.188794,47.628204],[-122.188882,47.625043],[-122.188885,47.621744],[-122.189888,47.621251],[-122.190325,47.62112],[-122.190983,47.621036],[-122.194827,47.621063],[-122.197386,47.621182],[-122.199258,47.621065],[-122.201688,47.621065],[-122.201653,47.628759],[-122.204909,47.628808],[-122.20504,47.62892],[-122.20505,47.629244],[-122.209759,47.629245],[-122.209767,47.63108]]],"type":"Polygon"},"properties":{"tract_name":"Census Tract 240.01, King, WA","geoid":"14000US53033024001","ses_index":76,"access_index":1,"kids_per_pitch":1622,"median_income":171146,"poverty_rate":5.69,"kids_5_17":811,"facility_count":0,"nearest_facility_km":0.98,"data_year":"ACS 2023 5-year"},"type":"Feature"},{"geometry":{"coordinates":[[[-122.224675,47.621041],[-122.210051,47.621079],[-122.210054,47.621538],[-122.209922,47.621538],[-122.209961,47.623832],[-122.209797,47.623846],[-122.209759,47.629245],[-122.20505,47.629244],[-122.20504,47.62892],[-122.204909,47.628808],[-122.201653,47.628759],[-122.201688,47.621065],[-122.205665,47.621034],[-122.206258,47.621101],[-122.207044,47.621104],[-122.207086,47.617439],[-122.206809,47.609826],[-122.206861,47.609656],[-122.206972,47.609565],[-122.207752,47.609283],[-122.208006,47.609258],[-122.209065,47.608918],[-122.210433,47.608957],[-122.217734,47.611121],[-122.220234,47.610121],[-122.220444,47.614469],[-122.220197,47.615387],[-122.22001,47.615639],[-122.220015,47.616509],[-122.220409,47.616712],[-122.220517,47.616912],[-122.220834,47.61691],[-122.221149,47.61704],[-122.221149,47.617157],[-122.222723,47.617158],[-122.222575,47.617407],[-122.222494,47.617408],[-122.222485,47.618376],[-122.221401,47.618538],[-122.221791,47.619222],[-122.224292,47.620845],[-122.224675,47.621041]]],"type":"Polygon"},"properties":{"tract_name":"Census Tract 240.02, King, WA","geoid":"14000US53033024002","ses_index":74,"access_index":1,"kids_per_pitch":1454,"median_income":166410,"poverty_rate":6.33,"kids_5_17":727,"facility_count":0,"nearest_facility_km":1.303,"data_year":"ACS 2023 5-year"},"type":"Feature"},{"geometry":{"coordinates":[[[-122.235128,47.650163],[-122.233796,47.65162],[-122.231581,47.653287],[-122.228514,47.65482],[-122.226175,47.655729],[-122.222039,47.656744],[-122.218428,47.657464],[-122.212091,47.657464],[-122.212135,47.657321],[-122.209784,47.649914],[-122.211875,47.646332],[-122.212469,47.646337],[-122.212471,47.645213],[-122.213115,47.645212],[-122.213123,47.644576],[-122.21382,47.644561],[-122.21382,47.644457],[-122.213733,47.644455],[-122.213753,47.642716],[-122.21364,47.642678],[-122.213033,47.641989],[-122.209746,47.642945],[-122.20969,47.64134],[-122.209779,47.624725],[-122.209797,47.623846],[-122.209961,47.623832],[-122.209922,47.621538],[-122.210054,47.621538],[-122.210051,47.621079],[-122.228002,47.621029],[-122.227871,47.635534],[-122.233276,47.635589],[-122.23321,47.639163],[-122.232704,47.639493],[-122.232754,47.639615],[-122.232659,47.640093],[-122.232704,47.641375],[-122.234924,47.648938],[-122.235128,47.650163]]],"type":"Polygon"},"properties":{"tract_name":"Census Tract 241, King, WA","geoid":"14000US53033024100","ses_index":98,"access_index":8,"kids_per_pitch":452,"median_income":250001,"poverty_rate":3.56,"kids_5_17":903,"facility_count":2,"nearest_facility_km":1.355,"data_year":"ACS 2023 5-year"},"type":"Feature"},{"geometry":{"coordinates":[[[-122.262722,47.621146],[-122.262234,47.624812],[-122.261091,47.628694],[-122.259622,47.640374],[-122.2591,47.642636],[-122.258182,47.644971],[-122.256908,47.647229],[-122.255292,47.649384],[-122.253351,47.651413],[-122.25103,47.653346],[-122.249553,47.654244],[-122.245926,47.656132],[-122.237918,47.659456],[-122.235832,47.660633],[-122.233939,47.661951],[-122.23226,47.663395],[-122.230684,47.665152],[-122.229908,47.666881],[-122.229681,47.668681],[-122.209235,47.666721],[-122.212091,47.657464],[-122.218428,47.657464],[-122.226175,47.655729],[-122.228514,47.65482],[-122.231581,47.653287],[-122.233796,47.65162],[-122.235128,47.650163],[-122.234924,47.648938],[-122.232704,47.641375],[-122.232704,47.639493],[-122.23321,47.639163],[-122.233276,47.635589],[-122.227871,47.635534],[-122.228002,47.621029],[-122.224675,47.621041],[-122.224292,47.620845],[-122.221791,47.619222],[-122.221401,47.618538],[-122.222485,47.618376],[-122.222494,47.617408],[-122.222723,47.617158],[-122.221149,47.617157],[-122.221149,47.61704],[-122.220517,47.616912],[-122.220015,47.616509],[-122.22001,47.615639],[-122.220444,47.614469],[-122.220234,47.610121],[-122.220434,47.596821],[-122.228334,47.604521],[-122.233134,47.606521],[-122.246734,47.609021],[-122.263651,47.613115],[-122.262722,47.621146]]],"type":"Polygon"},"properties":{"tract_name":"Census Tract 242, King, WA","geoid":"14000US53033024200","ses_index":97,"access_index":1,"kids_per_pitch":1150,"median_income":250001,"poverty_rate":4.68,"kids_5_17":575,"facility_count":0,"nearest_facility_km":1.74,"data_year":"ACS 2023 5-year"},"type":"Feature"},{"geometry":{"coordinates":[[[-122.240447,47.584364],[-122.240113,47.584395],[-122.239074,47.58435],[-122.239057,47.585679],[-122.239022,47.585757],[-122.23907,47.58676],[-122.239893,47.586777],[-122.240312,47.586878],[-122.240405,47.586983],[-122.240441,47.587897],[-122.240424,47.589938],[-122.240374,47.590182],[-122.240306,47.590305],[-122.240408,47.591611],[-122.240052,47.591473],[-122.239059,47.590947],[-122.23785,47.59039],[-122.235644,47.589613],[-122.23102,47.588132],[-122.230814,47.588032],[-122.230144,47.587536],[-122.229248,47.587104],[-122.229678,47.586812],[-122.230071,47.586448],[-122.230435,47.585829],[-122.230502,47.58549],[-122.230156,47.585473],[-122.229812,47.585394],[-122.229641,47.585236],[-122.229589,47.585115],[-122.228457,47.585135],[-122.227947,47.585117],[-122.227753,47.585072],[-122.227248,47.584869],[-122.226963,47.584592],[-122.226934,47.584503],[-122.226892,47.584242],[-122.226871,47.58246],[-122.226925,47.575766],[-122.227216,47.575762],[-122.226957,47.575101],[-122.226966,47.574576],[-122.237744,47.574584],[-122.237721,47.577659],[-122.237686,47.577847],[-122.237729,47.579108],[-122.237704,47.581814],[-122.239146,47.581842],[-122.239404,47.581788],[-122.239486,47.581818],[-122.240436,47.581816],[-122.240447,47.584364]]],"type":"Polygon"},"properties":{"tract_name":"Census Tract 243.01, King, WA","geoid":"14000US53033024301","ses_index":61,"access_index":1,"kids_per_pitch":1070,"median_income":113824,"poverty_rate":5.45,"kids_5_17":535,"facility_count":0,"nearest_facility_km":0.983,"data_year":"ACS 2023 5-year"},"type":"Feature"},{"geometry":{"coordinates":[[[-122.266832,47.587369],[-122.263651,47.613115],[-122.246734,47.609021],[-122.233134,47.606521],[-122.228334,47.604521],[-122.220434,47.596821],[-122.216534,47.590421],[-122.215804,47.589042],[-122.223973,47.589051],[-122.223847,47.588709],[-122.223962,47.588029],[-122.224628,47.587384],[-122.224755,47.587126],[-122.224735,47.586715],[-122.224482,47.586524],[-122.224076,47.586427],[-122.225525,47.585414],[-122.226494,47.585887],[-122.226716,47.586122],[-122.226854,47.586484],[-122.226856,47.58724],[-122.228588,47.587258],[-122.229248,47.587104],[-122.230144,47.587536],[-122.23102,47.588132],[-122.23785,47.59039],[-122.240408,47.591611],[-122.240306,47.590305],[-122.240424,47.589938],[-122.240405,47.586983],[-122.239893,47.586777],[-122.23907,47.58676],[-122.239022,47.585757],[-122.239074,47.58435],[-122.240447,47.584364],[-122.240436,47.581816],[-122.237704,47.581814],[-122.237744,47.574584],[-122.239418,47.574443],[-122.237906,47.573279],[-122.237474,47.573119],[-122.237303,47.572859],[-122.235712,47.571657],[-122.237454,47.57042],[-122.240872,47.568274],[-122.244154,47.567405],[-122.24578,47.569033],[-122.247649,47.570537],[-122.249739,47.571901],[-122.25116,47.572682],[-122.253772,47.573614],[-122.258604,47.574925],[-122.261153,47.576115],[-122.26328,47.577637],[-122.264156,47.578503],[-122.264919,47.57948],[-122.265413,47.580486],[-122.266241,47.582742],[-122.266493,47.583781],[-122.266821,47.586371],[-122.266832,47.587369]]],"type":"Polygon"},"properties":{"tract_name":"Census Tract 243.02, King, WA","geoid":"14000US53033024302","ses_index":98,"access_index":11,"kids_per_pitch":342,"median_income":250001,"poverty_rate":2.91,"kids_5_17":684,"facility_count":2,"nearest_facility_km":0.87,"data_year":"ACS 2023 5-year"},"type":"Feature"},{"geometry":{"coordinates":[[[-122.230435,47.585829],[-122.230071,47.586448],[-122.229678,47.586812],[-122.229248,47.587104],[-122.228588,47.587258],[-122.226856,47.58724],[-122.226854,47.586484],[-122.226716,47.586122],[-122.226494,47.585887],[-122.225525,47.585414],[-122.224076,47.586427],[-122.224482,47.586524],[-122.224735,47.586715],[-122.224755,47.587126],[-122.224628,47.587384],[-122.223962,47.588029],[-122.223859,47.58832],[-122.223847,47.588709],[-122.223973,47.589051],[-122.215804,47.589042],[-122.214734,47.587021],[-122.210634,47.583721],[-122.201384,47.578777],[-122.203057,47.578368],[-122.204536,47.578176],[-122.205619,47.57814],[-122.207342,47.578269],[-122.207444,47.577654],[-122.207299,47.577267],[-122.207094,47.577094],[-122.206105,47.576617],[-122.205961,47.576498],[-122.205839,47.576293],[-122.205809,47.574509],[-122.214652,47.574548],[-122.214918,47.574342],[-122.21544,47.574488],[-122.216153,47.574549],[-122.226966,47.574576],[-122.226957,47.575101],[-122.227216,47.575762],[-122.226925,47.575766],[-122.226871,47.58246],[-122.226892,47.584242],[-122.226934,47.584503],[-122.226963,47.584592],[-122.227292,47.584899],[-122.227947,47.585117],[-122.229589,47.585115],[-122.229641,47.585236],[-122.229812,47.585394],[-122.230502,47.58549],[-122.230435,47.585829]]],"type":"Polygon"},"properties":{"tract_name":"Census Tract 244, King, WA","geoid":"14000US53033024400","ses_index":66,"access_index":1,"kids_per_pitch":1106,"median_income":132625,"poverty_rate":5.93,"kids_5_17":553,"facility_count":0,"nearest_facility_km":1.275,"data_year":"ACS 2023 5-year"},"type":"Feature"},{"geometry":{"coordinates":[[[-122.244154,47.567405],[-122.240872,47.568274],[-122.237454,47.57042],[-122.236748,47.57101],[-122.235712,47.571657],[-122.237303,47.572859],[-122.237474,47.573119],[-122.237906,47.573279],[-122.239418,47.574443],[-122.239158,47.574519],[-122.232355,47.574592],[-122.216153,47.574549],[-122.21544,47.574488],[-122.214918,47.574342],[-122.214652,47.574548],[-122.205809,47.574509],[-122.205839,47.576293],[-122.206105,47.576617],[-122.207299,47.577267],[-122.207444,47.577654],[-122.207342,47.578269],[-122.205619,47.57814],[-122.204536,47.578176],[-122.203057,47.578368],[-122.201384,47.578777],[-122.200335,47.578222],[-122.199007,47.575921],[-122.199333,47.566221],[-122.201133,47.557721],[-122.209165,47.557543],[-122.20933,47.557662],[-122.210041,47.557663],[-122.210328,47.556525],[-122.210813,47.555536],[-122.211241,47.55539],[-122.211734,47.555431],[-122.212129,47.555953],[-122.21299,47.55632],[-122.214725,47.556265],[-122.214843,47.556105],[-122.216597,47.556168],[-122.217173,47.556044],[-122.219968,47.554625],[-122.221574,47.554535],[-122.221338,47.55559],[-122.220667,47.556581],[-122.220513,47.557329],[-122.220561,47.55978],[-122.22076,47.560288],[-122.221507,47.561182],[-122.223247,47.560381],[-122.224422,47.559606],[-122.226116,47.55868],[-122.226172,47.558874],[-122.226109,47.559608],[-122.226824,47.560141],[-122.226961,47.560097],[-122.227032,47.559341],[-122.228139,47.559109],[-122.22919,47.558382],[-122.229641,47.558276],[-122.22987,47.558369],[-122.229882,47.558522],[-122.229364,47.559025],[-122.229283,47.559217],[-122.229536,47.559465],[-122.230039,47.560303],[-122.231057,47.560216],[-122.231065,47.560391],[-122.237845,47.559996],[-122.240388,47.560026],[-122.240895,47.561961],[-122.241698,47.563849],[-122.242788,47.565671],[-122.244154,47.567405]]],"type":"Polygon"},"properties":{"tract_name":"Census Tract 245, King, WA","geoid":"14000US53033024500","ses_index":99,"access_index":4,"kids_per_pitch":933,"median_income":250001,"poverty_rate":1.56,"kids_5_17":933,"facility_count":1,"nearest_facility_km":1.239,"data_year":"ACS 2023 5-year"},"type":"Feature"},{"geometry":{"coordinates":[[[-122.253022,47.539516],[-122.252158,47.540468],[-122.251215,47.541298],[-122.248826,47.542795],[-122.246748,47.544389],[-122.244928,47.546122],[-122.243386,47.547974],[-122.242137,47.549925],[-122.241197,47.551954],[-122.240575,47.554038],[-122.240282,47.556101],[-122.240183,47.558065],[-122.240388,47.560026],[-122.237845,47.559996],[-122.231065,47.560391],[-122.231057,47.560216],[-122.230039,47.560303],[-122.229536,47.559465],[-122.229283,47.559217],[-122.229882,47.558522],[-122.22987,47.558369],[-122.229641,47.558276],[-122.22919,47.558382],[-122.228139,47.559109],[-122.227032,47.559341],[-122.226961,47.560097],[-122.226824,47.560141],[-122.226109,47.559608],[-122.226116,47.55868],[-122.224422,47.559606],[-122.223247,47.560381],[-122.221507,47.561182],[-122.22076,47.560288],[-122.220561,47.55978],[-122.220513,47.557329],[-122.220667,47.556581],[-122.221338,47.55559],[-122.221574,47.554535],[-122.219968,47.554625],[-122.217173,47.556044],[-122.216597,47.556168],[-122.214843,47.556105],[-122.214725,47.556265],[-122.21299,47.55632],[-122.212129,47.555953],[-122.211734,47.555431],[-122.211491,47.555369],[-122.210957,47.555452],[-122.210813,47.555536],[-122.210328,47.556525],[-122.210041,47.557663],[-122.20933,47.557662],[-122.209165,47.557543],[-122.201133,47.557721],[-122.201433,47.550921],[-122.202033,47.545821],[-122.203433,47.540921],[-122.204815,47.538329],[-122.210026,47.538391],[-122.210262,47.538309],[-122.210723,47.538519],[-122.211,47.538814],[-122.212543,47.5377],[-122.212505,47.538311],[-122.212832,47.539364],[-122.212845,47.540574],[-122.213379,47.540407],[-122.213969,47.540423],[-122.214161,47.540234],[-122.214042,47.53982],[-122.214339,47.53936],[-122.214716,47.539126],[-122.215116,47.539138],[-122.215197,47.539297],[-122.215147,47.542065],[-122.227057,47.542044],[-122.227154,47.538962],[-122.227317,47.538747],[-122.227973,47.53845],[-122.237954,47.538511],[-122.238834,47.538163],[-122.239205,47.538446],[-122.239599,47.538498],[-122.253717,47.538534],[-122.253022,47.539516]]],"type":"Polygon"},"properties":{"tract_name":"Census Tract 246.01, King, WA","geoid":"14000US53033024601","ses_index":98,"access_index":13,"kids_per_pitch":549,"median_income":250001,"poverty_rate":3.33,"kids_5_17":1098,"facility_count":2,"nearest_facility_km":0.09,"data_year":"ACS 2023 5-year"},"type":"Feature"},{"geometry":{"coordinates":[[[-122.254938,47.534147],[-122.254892,47.535264],[-122.254675,47.536371],[-122.254287,47.537457],[-122.253717,47.538534],[-122.239599,47.538498],[-122.239205,47.538446],[-122.238834,47.538163],[-122.237954,47.538511],[-122.227973,47.53845],[-122.227317,47.538747],[-122.227154,47.538962],[-122.227057,47.542044],[-122.215147,47.542065],[-122.215197,47.539297],[-122.215116,47.539138],[-122.214716,47.539126],[-122.214339,47.53936],[-122.214042,47.53982],[-122.214161,47.540234],[-122.213969,47.540423],[-122.213379,47.540407],[-122.212845,47.540574],[-122.212832,47.539364],[-122.212505,47.538311],[-122.212543,47.5377],[-122.211,47.538814],[-122.210723,47.538519],[-122.210262,47.538309],[-122.210026,47.538391],[-122.204815,47.538329],[-122.208233,47.531921],[-122.209733,47.530421],[-122.219133,47.523721],[-122.227165,47.520702],[-122.235699,47.517769],[-122.243239,47.521192],[-122.246099,47.522571],[-122.248731,47.524144],[-122.251192,47.525962],[-122.252617,47.52764],[-122.253544,47.529103],[-122.254241,47.530623],[-122.254699,47.532185],[-122.254938,47.534147]]],"type":"Polygon"},"properties":{"tract_name":"Census Tract 246.02, King, WA","geoid":"14000US53033024602","ses_index":97,"access_index":11,"kids_per_pitch":784,"median_income":250001,"poverty_rate":4.3,"kids_5_17":784,"facility_count":1,"nearest_facility_km":0.102,"data_year":"ACS 2023 5-year"},"type":"Feature"},{"geometry":{"coordinates":[[[-122.190642,47.554623],[-122.190595,47.554794],[-122.190418,47.555054],[-122.18956,47.555709],[-122.189174,47.556226],[-122.18915,47.556423],[-122.189258,47.556598],[-122.189555,47.556759],[-122.190204,47.556972],[-122.188099,47.560016],[-122.187725,47.560638],[-122.187269,47.56176],[-122.186862,47.563699],[-122.18647,47.564415],[-122.185757,47.565162],[-122.185072,47.565616],[-122.184257,47.565986],[-122.182545,47.566503],[-122.181421,47.566922],[-122.180761,47.567271],[-122.179863,47.56794],[-122.180768,47.570972],[-122.181115,47.573177],[-122.181156,47.573835],[-122.180875,47.576242],[-122.180289,47.577626],[-122.178197,47.579998],[-122.176031,47.580188],[-122.174518,47.580247],[-122.174271,47.578478],[-122.174285,47.577644],[-122.174517,47.576469],[-122.174358,47.575014],[-122.174427,47.574672],[-122.17453,47.566767],[-122.174728,47.56623],[-122.174733,47.564421],[-122.174634,47.563335],[-122.174925,47.549765],[-122.1793,47.54981],[-122.179759,47.549459],[-122.180228,47.549348],[-122.190504,47.549452],[-122.189395,47.551368],[-122.189303,47.551674],[-122.189419,47.552041],[-122.189914,47.552519],[-122.190134,47.552878],[-122.19061,47.554293],[-122.190642,47.554623]]],"type":"Polygon"},"properties":{"tract_name":"Census Tract 247.01, King, WA","geoid":"14000US53033024701","ses_index":69,"access_index":11,"kids_per_pitch":352,"median_income":152528,"poverty_rate":9.16,"kids_5_17":704,"facility_count":2,"nearest_facility_km":0.819,"data_year":"ACS 2023 5-year"},"type":"Feature"},{"geometry":{"coordinates":[[[-122.198385,47.518521],[-122.197625,47.526978],[-122.197646,47.529171],[-122.197737,47.530191],[-122.197703,47.531145],[-122.197414,47.532244],[-122.19596,47.532371],[-122.196169,47.533655],[-122.196091,47.533892],[-122.195494,47.534845],[-122.185628,47.534808],[-122.185612,47.542055],[-122.184256,47.541604],[-122.181254,47.541151],[-122.175041,47.540969],[-122.175169,47.532364],[-122.175132,47.530355],[-122.175243,47.527399],[-122.17621,47.525669],[-122.176038,47.525723],[-122.175799,47.52567],[-122.174891,47.525072],[-122.174046,47.522213],[-122.173432,47.519722],[-122.175567,47.518426],[-122.181484,47.516612],[-122.184078,47.516636],[-122.184249,47.5168],[-122.185532,47.517622],[-122.186427,47.518321],[-122.196223,47.519333],[-122.197928,47.518691],[-122.197904,47.518435],[-122.198388,47.518435],[-122.198385,47.518521]]],"type":"Polygon"},"properties":{"tract_name":"Census Tract 247.03, King, WA","geoid":"14000US53033024703","ses_index":89,"access_index":10,"kids_per_pitch":338,"median_income":213309,"poverty_rate":2.46,"kids_5_17":676,"facility_count":2,"nearest_facility_km":1.34,"data_year":"ACS 2023 5-year"},"type":"Feature"},{"geometry":{"coordinates":[[[-122.208233,47.531921],[-122.203433,47.540921],[-122.201999,47.546088],[-122.195624,47.546091],[-122.195554,47.547583],[-122.195339,47.549239],[-122.195128,47.550138],[-122.194909,47.550623],[-122.194353,47.551515],[-122.191561,47.555049],[-122.190204,47.556972],[-122.18939,47.556685],[-122.18915,47.556423],[-122.189174,47.556226],[-122.189407,47.55587],[-122.190418,47.555054],[-122.190642,47.554623],[-122.19061,47.554293],[-122.190134,47.552878],[-122.189914,47.552519],[-122.189419,47.552041],[-122.189303,47.551674],[-122.189395,47.551368],[-122.190504,47.549452],[-122.180228,47.549348],[-122.179759,47.549459],[-122.1793,47.54981],[-122.174925,47.549765],[-122.175042,47.545431],[-122.175041,47.540969],[-122.181254,47.541151],[-122.184256,47.541604],[-122.185612,47.542055],[-122.185628,47.534808],[-122.195494,47.534845],[-122.196169,47.533655],[-122.19596,47.532371],[-122.197414,47.532244],[-122.197538,47.531868],[-122.197743,47.530728],[-122.197608,47.527406],[-122.197691,47.526281],[-122.197832,47.527811],[-122.201541,47.529894],[-122.202047,47.529755],[-122.202488,47.529525],[-122.20304,47.529414],[-122.203451,47.529214],[-122.203681,47.528773],[-122.204333,47.528151],[-122.205145,47.52768],[-122.20576,47.527619],[-122.205585,47.528161],[-122.205661,47.528046],[-122.206787,47.530039],[-122.20624,47.530519],[-122.208233,47.531921]]],"type":"Polygon"},"properties":{"tract_name":"Census Tract 247.04, King, WA","geoid":"14000US53033024704","ses_index":67,"access_index":5,"kids_per_pitch":845,"median_income":180625,"poverty_rate":23.15,"kids_5_17":845,"facility_count":1,"nearest_facility_km":0.858,"data_year":"ACS 2023 5-year"},"type":"Feature"},{"geometry":{"coordinates":[[[-122.174577,47.566563],[-122.174358,47.575014],[-122.174517,47.576469],[-122.174285,47.577644],[-122.174271,47.578478],[-122.174518,47.580247],[-122.172105,47.58021],[-122.150847,47.579287],[-122.136379,47.578566],[-122.134289,47.578366],[-122.131239,47.577644],[-122.111191,47.570503],[-122.11151,47.570284],[-122.111581,47.570051],[-122.115986,47.570882],[-122.120612,47.5723],[-122.123524,47.572326],[-122.127475,47.573034],[-122.128479,47.572995],[-122.129692,47.57266],[-122.130495,47.572189],[-122.132884,47.570429],[-122.133577,47.570158],[-122.134528,47.57],[-122.135299,47.570016],[-122.136472,47.570316],[-122.136998,47.570636],[-122.137672,47.571225],[-122.138326,47.571372],[-122.140325,47.571393],[-122.141303,47.570968],[-122.143999,47.570497],[-122.144986,47.569832],[-122.145952,47.569769],[-122.147591,47.569796],[-122.148312,47.569904],[-122.150487,47.570516],[-122.153443,47.571715],[-122.154322,47.571867],[-122.155303,47.571811],[-122.161323,47.570657],[-122.161877,47.570728],[-122.162854,47.571322],[-122.163207,47.571369],[-122.163692,47.571265],[-122.163943,47.571064],[-122.165401,47.568633],[-122.165778,47.568418],[-122.165681,47.568203],[-122.165866,47.56786],[-122.16678,47.566918],[-122.167215,47.566887],[-122.167472,47.567126],[-122.167298,47.568423],[-122.168137,47.568439],[-122.169421,47.568218],[-122.169545,47.567723],[-122.170203,47.566496],[-122.170671,47.565181],[-122.170936,47.564913],[-122.171299,47.56474],[-122.171805,47.565202],[-122.172503,47.565635],[-122.173276,47.565915],[-122.174728,47.56623],[-122.174577,47.566563]]],"type":"Polygon"},"properties":{"tract_name":"Census Tract 248, King, WA","geoid":"14000US53033024800","ses_index":64,"access_index":5,"kids_per_pitch":1160,"median_income":134038,"poverty_rate":8.75,"kids_5_17":1160,"facility_count":1,"nearest_facility_km":0.654,"data_year":"ACS 2023 5-year"},"type":"Feature"},{"geometry":{"coordinates":[[[-122.171105,47.564824],[-122.170936,47.564913],[-122.170671,47.565181],[-122.170203,47.566496],[-122.169545,47.567723],[-122.169421,47.568218],[-122.168137,47.568439],[-122.167298,47.568423],[-122.167472,47.567126],[-122.167389,47.566986],[-122.167215,47.566887],[-122.16693,47.566861],[-122.16678,47.566918],[-122.166553,47.567083],[-122.165866,47.56786],[-122.165681,47.568203],[-122.165778,47.568418],[-122.165401,47.568633],[-122.163943,47.571064],[-122.163764,47.571227],[-122.163461,47.571333],[-122.163089,47.571375],[-122.162854,47.571322],[-122.162062,47.570804],[-122.161763,47.570696],[-122.161323,47.570657],[-122.155303,47.571811],[-122.154322,47.571867],[-122.153443,47.571715],[-122.151371,47.570842],[-122.150006,47.570359],[-122.148312,47.569904],[-122.147089,47.56977],[-122.14507,47.569813],[-122.144718,47.569952],[-122.144242,47.570375],[-122.143999,47.570497],[-122.141303,47.570968],[-122.141431,47.570084],[-122.142154,47.568712],[-122.142237,47.5671],[-122.14277,47.566279],[-122.142826,47.565092],[-122.142896,47.564727],[-122.142833,47.562924],[-122.142947,47.562718],[-122.143167,47.562558],[-122.144929,47.561935],[-122.146725,47.561618],[-122.14688,47.561683],[-122.147478,47.561724],[-122.147899,47.561681],[-122.14887,47.561383],[-122.149075,47.561261],[-122.149346,47.560911],[-122.149539,47.560506],[-122.149666,47.559975],[-122.149846,47.557431],[-122.149881,47.557173],[-122.150024,47.556935],[-122.150202,47.55675],[-122.150632,47.556474],[-122.150914,47.556195],[-122.15103,47.55592],[-122.151307,47.555733],[-122.153306,47.555756],[-122.153889,47.555678],[-122.154187,47.555514],[-122.15464,47.554931],[-122.155267,47.554707],[-122.155785,47.554702],[-122.156652,47.554949],[-122.156972,47.554899],[-122.157163,47.554806],[-122.157294,47.554621],[-122.157305,47.554467],[-122.157109,47.554114],[-122.156811,47.553055],[-122.156479,47.552376],[-122.15645,47.552217],[-122.156573,47.552051],[-122.157524,47.551544],[-122.157653,47.55104],[-122.157785,47.550928],[-122.158033,47.550844],[-122.159755,47.552784],[-122.160149,47.553151],[-122.160787,47.553605],[-122.163192,47.55497],[-122.163521,47.555253],[-122.164537,47.556454],[-122.165089,47.556997],[-122.165314,47.557132],[-122.165806,47.557115],[-122.165969,47.557501],[-122.166298,47.557846],[-122.168189,47.558816],[-122.168791,47.559279],[-122.169059,47.559694],[-122.169139,47.559949],[-122.169189,47.561583],[-122.169311,47.562158],[-122.169491,47.5625],[-122.171299,47.56474],[-122.171105,47.564824]]],"type":"Polygon"},"properties":{"tract_name":"Census Tract 249.01, King, WA","geoid":"14000US53033024901","ses_index":89,"access_index":6,"kids_per_pitch":873,"median_income":219539,"poverty_rate":4.59,"kids_5_17":873,"facility_count":1,"nearest_facility_km":0.51,"data_year":"ACS 2023 5-year"},"type":"Feature"},{"geometry":{"coordinates":[[[-122.149682,47.559761],[-122.149539,47.560506],[-122.149346,47.560911],[-122.149075,47.561261],[-122.14887,47.561383],[-122.147899,47.561681],[-122.147478,47.561724],[-122.14688,47.561683],[-122.146725,47.561618],[-122.144929,47.561935],[-122.143167,47.562558],[-122.142947,47.562718],[-122.142833,47.562924],[-122.142896,47.564727],[-122.142816,47.565233],[-122.142802,47.566113],[-122.142715,47.566396],[-122.142237,47.5671],[-122.142154,47.568712],[-122.141431,47.570084],[-122.141303,47.570968],[-122.14085,47.571127],[-122.140556,47.571318],[-122.140157,47.571402],[-122.13798,47.571342],[-122.137672,47.571225],[-122.136998,47.570636],[-122.136472,47.570316],[-122.135299,47.570016],[-122.134528,47.57],[-122.133577,47.570158],[-122.132884,47.570429],[-122.132482,47.570673],[-122.130248,47.57236],[-122.129583,47.572706],[-122.128857,47.572928],[-122.127989,47.573037],[-122.127211,47.573015],[-122.123524,47.572326],[-122.121396,47.572355],[-122.121451,47.570031],[-122.121568,47.569634],[-122.121747,47.569443],[-122.122108,47.569254],[-122.123413,47.568859],[-122.123682,47.568718],[-122.12412,47.568327],[-122.125067,47.567847],[-122.126475,47.5678],[-122.12677,47.567656],[-122.126911,47.56751],[-122.126933,47.56737],[-122.126831,47.567135],[-122.126732,47.567053],[-122.126265,47.566889],[-122.124041,47.566694],[-122.123269,47.566704],[-122.122052,47.566835],[-122.121752,47.566784],[-122.121452,47.566609],[-122.121322,47.566442],[-122.121277,47.566197],[-122.121529,47.56538],[-122.121457,47.562611],[-122.122443,47.56267],[-122.1232,47.563093],[-122.123595,47.563187],[-122.124734,47.563195],[-122.126088,47.562938],[-122.127142,47.563223],[-122.127706,47.563251],[-122.12822,47.563152],[-122.131021,47.562085],[-122.130001,47.560799],[-122.129876,47.560434],[-122.129858,47.559741],[-122.129749,47.559563],[-122.129343,47.559303],[-122.128267,47.559182],[-122.1277,47.558903],[-122.127435,47.558622],[-122.127337,47.55842],[-122.127306,47.557722],[-122.127902,47.557653],[-122.12879,47.557677],[-122.129703,47.557545],[-122.13018,47.557611],[-122.130575,47.557902],[-122.131162,47.559086],[-122.13149,47.559326],[-122.131864,47.559442],[-122.133422,47.559509],[-122.134097,47.559457],[-122.134805,47.559259],[-122.135785,47.5587],[-122.136162,47.558652],[-122.137055,47.558789],[-122.138181,47.55938],[-122.138537,47.55944],[-122.139536,47.559424],[-122.139884,47.559332],[-122.139319,47.55871],[-122.139373,47.558612],[-122.139947,47.558417],[-122.141699,47.559082],[-122.142718,47.559284],[-122.147688,47.559345],[-122.148745,47.559095],[-122.148927,47.559151],[-122.14932,47.55945],[-122.149703,47.559492],[-122.149682,47.559761]]],"type":"Polygon"},"properties":{"tract_name":"Census Tract 249.02, King, WA","geoid":"14000US53033024902","ses_index":95,"access_index":5,"kids_per_pitch":983,"median_income":242500,"poverty_rate":4.71,"kids_5_17":983,"facility_count":1,"nearest_facility_km":0.649,"data_year":"ACS 2023 5-year"},"type":"Feature"},{"geometry":{"coordinates":[[[-122.165838,47.556743],[-122.165806,47.557115],[-122.165241,47.557104],[-122.164781,47.556712],[-122.163521,47.555253],[-122.163192,47.55497],[-122.160787,47.553605],[-122.160149,47.553151],[-122.15936,47.552345],[-122.156428,47.549011],[-122.154599,47.549457],[-122.1545,47.549556],[-122.154491,47.549695],[-122.154742,47.55003],[-122.154737,47.550223],[-122.15451,47.550385],[-122.154011,47.550518],[-122.153648,47.550444],[-122.153466,47.550309],[-122.153237,47.549474],[-122.152979,47.549329],[-122.150341,47.549292],[-122.14943,47.548993],[-122.1487,47.54922],[-122.14802,47.54926],[-122.148135,47.550551],[-122.147861,47.550808],[-122.147816,47.550945],[-122.147996,47.551195],[-122.148045,47.551414],[-122.147979,47.551553],[-122.147514,47.551951],[-122.147561,47.552191],[-122.147501,47.552305],[-122.147272,47.552373],[-122.144022,47.55236],[-122.14382,47.552282],[-122.14302,47.551556],[-122.142683,47.55141],[-122.142153,47.551392],[-122.141641,47.551127],[-122.141181,47.550751],[-122.14147,47.550468],[-122.14158,47.550117],[-122.141357,47.549412],[-122.141429,47.548661],[-122.141294,47.548114],[-122.141256,47.547516],[-122.141391,47.5473],[-122.141854,47.546962],[-122.141941,47.546623],[-122.1411,47.546572],[-122.140245,47.546681],[-122.139276,47.546358],[-122.138723,47.546272],[-122.137954,47.5463],[-122.136763,47.546526],[-122.13623,47.546495],[-122.135809,47.546368],[-122.133922,47.545487],[-122.133167,47.545362],[-122.132279,47.545528],[-122.131024,47.546321],[-122.130555,47.546497],[-122.129846,47.546575],[-122.129264,47.546501],[-122.129363,47.546053],[-122.130193,47.54388],[-122.130331,47.543365],[-122.130292,47.542938],[-122.129346,47.539415],[-122.128669,47.536197],[-122.128734,47.53581],[-122.129192,47.535319],[-122.129505,47.53516],[-122.130038,47.535032],[-122.132941,47.537942],[-122.134762,47.539412],[-122.136142,47.540123],[-122.148825,47.543516],[-122.150232,47.544522],[-122.158432,47.544622],[-122.160132,47.545522],[-122.162888,47.548516],[-122.166438,47.55461],[-122.165838,47.556743]]],"type":"Polygon"},"properties":{"tract_name":"Census Tract 249.04, King, WA","geoid":"14000US53033024904","ses_index":95,"access_index":1,"kids_per_pitch":848,"median_income":250001,"poverty_rate":8.23,"kids_5_17":424,"facility_count":0,"nearest_facility_km":1.813,"data_year":"ACS 2023 5-year"},"type":"Feature"},{"geometry":{"coordinates":[[[-122.157943,47.550866],[-122.157653,47.55104],[-122.157524,47.551544],[-122.156573,47.552051],[-122.15645,47.552217],[-122.156811,47.553055],[-122.157109,47.554114],[-122.157305,47.554467],[-122.157249,47.554726],[-122.156972,47.554899],[-122.156652,47.554949],[-122.155785,47.554702],[-122.155054,47.554752],[-122.15457,47.554989],[-122.154084,47.555602],[-122.1536,47.555734],[-122.151471,47.555702],[-122.151201,47.555767],[-122.15103,47.55592],[-122.150814,47.556302],[-122.150202,47.55675],[-122.149881,47.557173],[-122.149703,47.559492],[-122.14932,47.55945],[-122.148927,47.559151],[-122.148685,47.559092],[-122.147688,47.559345],[-122.142455,47.559257],[-122.141699,47.559082],[-122.139947,47.558417],[-122.139373,47.558612],[-122.139319,47.55871],[-122.139884,47.559332],[-122.139536,47.559424],[-122.138537,47.55944],[-122.138181,47.55938],[-122.137055,47.558789],[-122.136162,47.558652],[-122.135785,47.5587],[-122.134805,47.559259],[-122.134097,47.559457],[-122.133422,47.559509],[-122.131864,47.559442],[-122.13149,47.559326],[-122.131162,47.559086],[-122.130575,47.557902],[-122.130319,47.557667],[-122.129703,47.557545],[-122.12879,47.557677],[-122.127761,47.557662],[-122.127306,47.557722],[-122.127318,47.558337],[-122.127435,47.558622],[-122.1277,47.558903],[-122.128068,47.559116],[-122.128559,47.55924],[-122.12928,47.559286],[-122.129749,47.559563],[-122.129858,47.559741],[-122.129876,47.560434],[-122.130001,47.560799],[-122.131021,47.562085],[-122.12822,47.563152],[-122.127706,47.563251],[-122.127142,47.563223],[-122.126088,47.562938],[-122.124734,47.563195],[-122.123595,47.563187],[-122.1232,47.563093],[-122.122443,47.56267],[-122.121457,47.562611],[-122.121422,47.55848],[-122.121552,47.558181],[-122.121741,47.557992],[-122.122885,47.557462],[-122.123176,47.557217],[-122.123436,47.556843],[-122.123558,47.556459],[-122.123556,47.556212],[-122.123356,47.555168],[-122.123093,47.554796],[-122.124884,47.553265],[-122.126836,47.550881],[-122.128554,47.548948],[-122.129015,47.54807],[-122.129264,47.546501],[-122.130034,47.546572],[-122.130765,47.546432],[-122.131984,47.545681],[-122.132514,47.545445],[-122.133167,47.545362],[-122.133819,47.545454],[-122.135809,47.546368],[-122.136403,47.546519],[-122.136911,47.546512],[-122.137954,47.5463],[-122.138723,47.546272],[-122.139276,47.546358],[-122.140245,47.546681],[-122.1411,47.546572],[-122.141941,47.546623],[-122.141854,47.546962],[-122.141391,47.5473],[-122.141256,47.547516],[-122.141294,47.548114],[-122.141429,47.548661],[-122.141357,47.549412],[-122.14158,47.550117],[-122.14147,47.550468],[-122.141181,47.550751],[-122.141641,47.551127],[-122.142153,47.551392],[-122.142683,47.55141],[-122.14302,47.551556],[-122.143961,47.552349],[-122.147466,47.55233],[-122.147561,47.552191],[-122.147514,47.551951],[-122.147979,47.551553],[-122.148045,47.551414],[-122.147996,47.551195],[-122.147816,47.550945],[-122.147861,47.550808],[-122.148135,47.550551],[-122.14802,47.54926],[-122.1487,47.54922],[-122.149354,47.548997],[-122.149617,47.549012],[-122.150341,47.549292],[-122.15306,47.549349],[-122.153262,47.549527],[-122.153466,47.550309],[-122.153648,47.550444],[-122.154011,47.550518],[-122.15451,47.550385],[-122.154737,47.550223],[-122.154742,47.55003],[-122.154491,47.549695],[-122.1545,47.549556],[-122.154599,47.549457],[-122.156428,47.549011],[-122.158033,47.550844],[-122.157943,47.550866]]],"type":"Polygon"},"properties":{"tract_name":"Census Tract 249.05, King, WA","geoid":"14000US53033024905","ses_index":95,"access_index":1,"kids_per_pitch":1180,"median_income":240568,"poverty_rate":4.19,"kids_5_17":590,"facility_count":0,"nearest_facility_km":1.369,"data_year":"ACS 2023 5-year"},"type":"Feature"},{"geometry":{"coordinates":[[[-122.17621,47.525669],[-122.175243,47.527399],[-122.175132,47.530355],[-122.175172,47.531897],[-122.175042,47.545431],[-122.174634,47.563335],[-122.174733,47.564421],[-122.174728,47.56623],[-122.173276,47.565915],[-122.172503,47.565635],[-122.171805,47.565202],[-122.171299,47.56474],[-122.169363,47.562275],[-122.169189,47.561583],[-122.169139,47.559949],[-122.168886,47.559405],[-122.168511,47.559021],[-122.168189,47.558816],[-122.166298,47.557846],[-122.165969,47.557501],[-122.165806,47.557115],[-122.165838,47.556743],[-122.167059,47.552367],[-122.16706,47.551676],[-122.166866,47.55103],[-122.166453,47.550182],[-122.166282,47.549504],[-122.166284,47.548797],[-122.166482,47.54774],[-122.16643,47.546888],[-122.166157,47.546255],[-122.165939,47.545941],[-122.164543,47.54444],[-122.164354,47.543892],[-122.16434,47.543254],[-122.164427,47.542671],[-122.165979,47.539017],[-122.166045,47.538433],[-122.16573,47.537702],[-122.164431,47.535911],[-122.16393,47.534077],[-122.162978,47.5323],[-122.162416,47.530072],[-122.16248,47.529408],[-122.16266,47.529075],[-122.16396,47.527973],[-122.164213,47.527573],[-122.16425,47.527003],[-122.16407,47.5266],[-122.16304,47.525361],[-122.162651,47.524453],[-122.162311,47.524003],[-122.160456,47.522728],[-122.160008,47.522286],[-122.159528,47.521647],[-122.159174,47.520874],[-122.159062,47.52036],[-122.159048,47.519711],[-122.159197,47.517862],[-122.162232,47.518522],[-122.162872,47.518365],[-122.164632,47.518922],[-122.164795,47.518853],[-122.169113,47.520814],[-122.169433,47.520593],[-122.172232,47.520922],[-122.173432,47.519722],[-122.174046,47.522213],[-122.174891,47.525072],[-122.175799,47.52567],[-122.176038,47.525723],[-122.17621,47.525669]]],"type":"Polygon"},"properties":{"tract_name":"Census Tract 250.01, King, WA","geoid":"14000US53033025001","ses_index":74,"access_index":1,"kids_per_pitch":1636,"median_income":167917,"poverty_rate":8.2,"kids_5_17":818,"facility_count":0,"nearest_facility_km":1.179,"data_year":"ACS 2023 5-year"},"type":"Feature"},{"geometry":{"coordinates":[[[-122.167088,47.552026],[-122.166998,47.552622],[-122.166438,47.55461],[-122.162888,47.548516],[-122.160132,47.545522],[-122.158432,47.544622],[-122.150232,47.544522],[-122.148825,47.543516],[-122.136142,47.540123],[-122.134762,47.539412],[-122.132941,47.537942],[-122.128633,47.533662],[-122.126231,47.529722],[-122.125004,47.528251],[-122.125007,47.526749],[-122.124743,47.525887],[-122.124341,47.525226],[-122.12439,47.524521],[-122.124509,47.52354],[-122.124895,47.52247],[-122.125603,47.52124],[-122.126512,47.520225],[-122.12767,47.519656],[-122.128844,47.518861],[-122.129621,47.518615],[-122.130628,47.518616],[-122.133441,47.518392],[-122.135701,47.517114],[-122.136089,47.516797],[-122.137455,47.515196],[-122.137543,47.515035],[-122.137481,47.514917],[-122.137927,47.515131],[-122.139497,47.515565],[-122.141323,47.515692],[-122.143883,47.516761],[-122.144734,47.516957],[-122.150895,47.517471],[-122.159125,47.518727],[-122.159062,47.52036],[-122.159174,47.520874],[-122.159528,47.521647],[-122.160456,47.522728],[-122.162311,47.524003],[-122.162651,47.524453],[-122.16304,47.525361],[-122.16407,47.5266],[-122.16425,47.527003],[-122.164213,47.527573],[-122.16396,47.527973],[-122.16266,47.529075],[-122.16248,47.529408],[-122.162416,47.530072],[-122.162978,47.5323],[-122.16393,47.534077],[-122.164431,47.535911],[-122.16573,47.537702],[-122.166032,47.538356],[-122.165979,47.539017],[-122.164427,47.542671],[-122.164354,47.543892],[-122.164543,47.54444],[-122.165939,47.545941],[-122.16643,47.546888],[-122.166482,47.54774],[-122.166284,47.548797],[-122.166282,47.549504],[-122.166453,47.550182],[-122.166954,47.55127],[-122.167088,47.552026]]],"type":"Polygon"},"properties":{"tract_name":"Census Tract 250.05, King, WA","geoid":"14000US53033025005","ses_index":70,"access_index":0,"kids_per_pitch":1604,"median_income":155855,"poverty_rate":8.93,"kids_5_17":802,"facility_count":0,"nearest_facility_km":2.608,"data_year":"ACS 2023 5-year"},"type":"Feature"},{"geometry":{"coordinates":[[[-122.137543,47.515035],[-122.136089,47.516797],[-122.133441,47.518392],[-122.129621,47.518615],[-122.128844,47.518861],[-122.126512,47.520225],[-122.125603,47.52124],[-122.124895,47.52247],[-122.124509,47.52354],[-122.124341,47.525226],[-122.124743,47.525887],[-122.125007,47.526749],[-122.125004,47.528251],[-122.126231,47.529722],[-122.128633,47.533662],[-122.130038,47.535032],[-122.12904,47.535433],[-122.128665,47.536088],[-122.129346,47.539415],[-122.130316,47.543076],[-122.130243,47.54373],[-122.129264,47.546501],[-122.127831,47.545779],[-122.127612,47.545498],[-122.127463,47.544647],[-122.127142,47.544164],[-122.126451,47.543547],[-122.125298,47.542917],[-122.124358,47.542799],[-122.121516,47.542925],[-122.119255,47.542844],[-122.118905,47.543003],[-122.118148,47.54375],[-122.115703,47.545277],[-122.115511,47.546431],[-122.11557,47.548258],[-122.115404,47.548508],[-122.11269,47.548344],[-122.101598,47.548495],[-122.088113,47.548382],[-122.088102,47.551073],[-122.087796,47.551373],[-122.087311,47.55152],[-122.087132,47.551465],[-122.086915,47.551016],[-122.086591,47.550958],[-122.085597,47.552759],[-122.085356,47.55352],[-122.08505,47.553594],[-122.084647,47.553452],[-122.084721,47.552347],[-122.084474,47.551976],[-122.083796,47.551781],[-122.082573,47.551745],[-122.082135,47.552089],[-122.081631,47.553443],[-122.081323,47.553787],[-122.080894,47.553813],[-122.07968,47.55344],[-122.078255,47.553709],[-122.077162,47.553504],[-122.076788,47.553633],[-122.075886,47.552833],[-122.07568,47.552354],[-122.075496,47.551015],[-122.075087,47.550418],[-122.071659,47.548429],[-122.069935,47.546511],[-122.067589,47.545044],[-122.066595,47.54425],[-122.064891,47.541952],[-122.064246,47.541538],[-122.063215,47.541239],[-122.063296,47.539941],[-122.062269,47.533866],[-122.061801,47.529763],[-122.06486,47.525763],[-122.065321,47.524525],[-122.067183,47.523634],[-122.070084,47.521175],[-122.070217,47.520439],[-122.069439,47.518896],[-122.069644,47.518339],[-122.07248,47.51641],[-122.075661,47.515006],[-122.078403,47.513111],[-122.082987,47.511277],[-122.086126,47.510363],[-122.087168,47.509889],[-122.089357,47.506788],[-122.090317,47.505762],[-122.09523,47.503056],[-122.095588,47.502551],[-122.096575,47.499801],[-122.097169,47.499166],[-122.097891,47.498731],[-122.099504,47.499031],[-122.101946,47.500148],[-122.106465,47.501181],[-122.10851,47.501043],[-122.111346,47.500472],[-122.112562,47.500459],[-122.116906,47.501285],[-122.12002,47.50241],[-122.122077,47.502476],[-122.122156,47.50413],[-122.123182,47.505249],[-122.12392,47.505643],[-122.127339,47.506692],[-122.130245,47.507935],[-122.134332,47.510967],[-122.134968,47.511703],[-122.135138,47.512469],[-122.135572,47.513255],[-122.137543,47.515035]]],"type":"Polygon"},"properties":{"tract_name":"Census Tract 250.06, King, WA","geoid":"14000US53033025006","ses_index":80,"access_index":8,"kids_per_pitch":460,"median_income":186278,"poverty_rate":4.93,"kids_5_17":919,"facility_count":2,"nearest_facility_km":2.109,"data_year":"ACS 2023 5-year"},"type":"Feature"},{"geometry":{"coordinates":[[[-122.12914,47.547277],[-122.128963,47.548229],[-122.128554,47.548948],[-122.126836,47.550881],[-122.125081,47.553051],[-122.123445,47.554554],[-122.12292,47.55489],[-122.114359,47.559046],[-122.113682,47.559248],[-122.112848,47.559322],[-122.111436,47.559097],[-122.110534,47.558614],[-122.109536,47.557684],[-122.109029,47.557323],[-122.108058,47.556963],[-122.107354,47.556876],[-122.106608,47.556901],[-122.105967,47.557029],[-122.101749,47.558251],[-122.100919,47.558596],[-122.100259,47.559135],[-122.099924,47.559761],[-122.099755,47.561485],[-122.099037,47.563194],[-122.098965,47.563529],[-122.099091,47.564911],[-122.090289,47.56001],[-122.087272,47.55843],[-122.076434,47.554213],[-122.076788,47.553633],[-122.077023,47.553508],[-122.078255,47.553709],[-122.079844,47.553448],[-122.080894,47.553813],[-122.081323,47.553787],[-122.081631,47.553443],[-122.082135,47.552089],[-122.08231,47.551859],[-122.082573,47.551745],[-122.083796,47.551781],[-122.084474,47.551976],[-122.084688,47.5522],[-122.084721,47.552347],[-122.084647,47.553452],[-122.08505,47.553594],[-122.085356,47.55352],[-122.085597,47.552759],[-122.086591,47.550958],[-122.086915,47.551016],[-122.087132,47.551465],[-122.087311,47.55152],[-122.087796,47.551373],[-122.088102,47.551073],[-122.088113,47.548382],[-122.101598,47.548495],[-122.11269,47.548344],[-122.115404,47.548508],[-122.11557,47.548258],[-122.115511,47.546431],[-122.115608,47.545519],[-122.115703,47.545277],[-122.116165,47.54492],[-122.118148,47.54375],[-122.119022,47.542924],[-122.119422,47.542822],[-122.121516,47.542925],[-122.124358,47.542799],[-122.124962,47.542837],[-122.125546,47.543013],[-122.126451,47.543547],[-122.127142,47.544164],[-122.127463,47.544647],[-122.127612,47.545498],[-122.127831,47.545779],[-122.128594,47.546244],[-122.129264,47.546501],[-122.12914,47.547277]]],"type":"Polygon"},"properties":{"tract_name":"Census Tract 250.07, King, WA","geoid":"14000US53033025007","ses_index":65,"access_index":1,"kids_per_pitch":1652,"median_income":140685,"poverty_rate":9.83,"kids_5_17":826,"facility_count":0,"nearest_facility_km":0.932,"data_year":"ACS 2023 5-year"},"type":"Feature"},{"geometry":{"coordinates":[[[-122.126933,47.56737],[-122.126911,47.56751],[-122.12677,47.567656],[-122.126475,47.5678],[-122.125302,47.5678],[-122.125067,47.567847],[-122.12412,47.568327],[-122.123682,47.568718],[-122.123413,47.568859],[-122.123059,47.569002],[-122.122108,47.569254],[-122.121747,47.569443],[-122.121568,47.569634],[-122.121451,47.570031],[-122.121396,47.572355],[-122.120898,47.572347],[-122.120442,47.572261],[-122.115986,47.570882],[-122.115091,47.570694],[-122.111581,47.570051],[-122.11151,47.570284],[-122.111339,47.570345],[-122.111191,47.570503],[-122.106644,47.568894],[-122.105138,47.568235],[-122.099091,47.564911],[-122.098999,47.564313],[-122.098965,47.563529],[-122.099037,47.563194],[-122.099755,47.561485],[-122.09983,47.56116],[-122.099896,47.559916],[-122.100056,47.559431],[-122.100259,47.559135],[-122.100658,47.558764],[-122.101175,47.558458],[-122.101479,47.558339],[-122.105967,47.557029],[-122.106608,47.556901],[-122.107354,47.556876],[-122.108058,47.556963],[-122.108713,47.557163],[-122.109029,47.557323],[-122.109536,47.557684],[-122.110534,47.558614],[-122.11113,47.558975],[-122.111436,47.559097],[-122.112497,47.559309],[-122.113682,47.559248],[-122.114681,47.558904],[-122.11771,47.557376],[-122.123093,47.554796],[-122.123256,47.554959],[-122.123356,47.555168],[-122.123556,47.556212],[-122.123558,47.556459],[-122.123436,47.556843],[-122.123176,47.557217],[-122.122885,47.557462],[-122.121741,47.557992],[-122.121552,47.558181],[-122.121422,47.55848],[-122.121405,47.560268],[-122.121529,47.56538],[-122.121307,47.566036],[-122.121298,47.566377],[-122.121361,47.566508],[-122.121581,47.5667],[-122.121957,47.566826],[-122.122383,47.56683],[-122.123269,47.566704],[-122.124041,47.566694],[-122.126265,47.566889],[-122.126732,47.567053],[-122.126831,47.567135],[-122.126933,47.56737]]],"type":"Polygon"},"properties":{"tract_name":"Census Tract 250.08, King, WA","geoid":"14000US53033025008","ses_index":99,"access_index":12,"kids_per_pitch":419,"median_income":250001,"poverty_rate":1.3,"kids_5_17":419,"facility_count":1,"nearest_facility_km":0.287,"data_year":"ACS 2023 5-year"},"type":"Feature"},{"geometry":{"coordinates":[[[-122.164692,47.50618],[-122.164684,47.510201],[-122.1645,47.518379],[-122.164632,47.518922],[-122.162872,47.518365],[-122.162232,47.518522],[-122.159197,47.517862],[-122.159125,47.518727],[-122.150895,47.517471],[-122.148511,47.517227],[-122.144734,47.516957],[-122.143883,47.516761],[-122.143189,47.516452],[-122.143176,47.515279],[-122.143323,47.50978],[-122.143331,47.505589],[-122.14668,47.504039],[-122.147126,47.503942],[-122.147666,47.503943],[-122.148452,47.504159],[-122.148661,47.504305],[-122.149311,47.504967],[-122.151377,47.506179],[-122.151268,47.499288],[-122.153986,47.4993],[-122.154529,47.499361],[-122.156603,47.499367],[-122.156601,47.499323],[-122.164563,47.499366],[-122.164681,47.502859],[-122.164692,47.50618]]],"type":"Polygon"},"properties":{"tract_name":"Census Tract 251.01, King, WA","geoid":"14000US53033025101","ses_index":65,"access_index":5,"kids_per_pitch":1174,"median_income":128447,"poverty_rate":6.01,"kids_5_17":1174,"facility_count":1,"nearest_facility_km":0.599,"data_year":"ACS 2023 5-year"},"type":"Feature"},{"geometry":{"coordinates":[[[-122.164563,47.499366],[-122.156601,47.499323],[-122.156603,47.499367],[-122.154529,47.499361],[-122.153986,47.4993],[-122.151268,47.499288],[-122.151351,47.502753],[-122.151339,47.505671],[-122.151377,47.506179],[-122.149571,47.505146],[-122.149228,47.504901],[-122.148627,47.504279],[-122.148635,47.501965],[-122.148171,47.50196],[-122.148116,47.501036],[-122.148616,47.501085],[-122.148576,47.499309],[-122.148232,47.499281],[-122.147957,47.499327],[-122.147942,47.499254],[-122.147919,47.497821],[-122.147972,47.497426],[-122.147996,47.496591],[-122.14809,47.496412],[-122.148162,47.495686],[-122.148496,47.495652],[-122.148391,47.490251],[-122.148446,47.490233],[-122.148413,47.488513],[-122.14836,47.488428],[-122.164174,47.488579],[-122.164563,47.499366]]],"type":"Polygon"},"properties":{"tract_name":"Census Tract 251.03, King, WA","geoid":"14000US53033025103","ses_index":65,"access_index":8,"kids_per_pitch":547,"median_income":139167,"poverty_rate":10.51,"kids_5_17":547,"facility_count":1,"nearest_facility_km":0.629,"data_year":"ACS 2023 5-year"},"type":"Feature"},{"geometry":{"coordinates":[[[-122.148644,47.502873],[-122.148627,47.504279],[-122.148257,47.504079],[-122.147764,47.503954],[-122.147278,47.503928],[-122.146767,47.504011],[-122.143331,47.505589],[-122.143323,47.50978],[-122.143189,47.516452],[-122.141323,47.515692],[-122.140928,47.515619],[-122.139497,47.515565],[-122.137927,47.515131],[-122.137545,47.514955],[-122.137314,47.514813],[-122.135572,47.513255],[-122.135138,47.512469],[-122.134968,47.511703],[-122.134332,47.510967],[-122.13231,47.50954],[-122.130245,47.507935],[-122.128784,47.50725],[-122.127339,47.506692],[-122.123671,47.505543],[-122.123007,47.505099],[-122.122229,47.504294],[-122.122083,47.503743],[-122.122077,47.502476],[-122.122066,47.49186],[-122.122195,47.488075],[-122.133064,47.48831],[-122.14836,47.488428],[-122.148413,47.488513],[-122.148446,47.490233],[-122.148391,47.490251],[-122.148496,47.495652],[-122.148162,47.495686],[-122.14809,47.496412],[-122.147996,47.496591],[-122.147919,47.497821],[-122.147942,47.499254],[-122.147957,47.499327],[-122.148576,47.499309],[-122.148616,47.501085],[-122.148116,47.501036],[-122.148171,47.50196],[-122.148635,47.501965],[-122.148644,47.502873]]],"type":"Polygon"},"properties":{"tract_name":"Census Tract 251.04, King, WA","geoid":"14000US53033025104","ses_index":84,"access_index":1,"kids_per_pitch":1926,"median_income":190640,"poverty_rate":0.8,"kids_5_17":963,"facility_count":0,"nearest_facility_km":1.103,"data_year":"ACS 2023 5-year"},"type":"Feature"},{"geometry":{"coordinates":[[[-122.198526,47.516646],[-122.198329,47.516645],[-122.198388,47.518435],[-122.196906,47.518418],[-122.19662,47.518346],[-122.196403,47.518204],[-122.195127,47.516549],[-122.194894,47.516364],[-122.19465,47.516256],[-122.190028,47.515779],[-122.187108,47.515728],[-122.186585,47.51568],[-122.185943,47.515563],[-122.185797,47.515486],[-122.185741,47.515382],[-122.1856,47.503107],[-122.191002,47.503083],[-122.19108,47.501805],[-122.191104,47.498768],[-122.191093,47.498269],[-122.191069,47.498172],[-122.190965,47.498076],[-122.191712,47.496443],[-122.191949,47.495266],[-122.191949,47.494998],[-122.191775,47.494521],[-122.191232,47.493981],[-122.190944,47.493557],[-122.190766,47.492595],[-122.190297,47.491628],[-122.190436,47.491223],[-122.190688,47.490988],[-122.191267,47.490763],[-122.192098,47.490531],[-122.192411,47.490459],[-122.192079,47.491043],[-122.191919,47.491491],[-122.191814,47.491928],[-122.191808,47.492253],[-122.191845,47.492641],[-122.192163,47.493602],[-122.19406,47.496513],[-122.195166,47.498548],[-122.196303,47.501182],[-122.196883,47.502673],[-122.197475,47.504617],[-122.197938,47.506914],[-122.198069,47.508026],[-122.198526,47.516646]]],"type":"Polygon"},"properties":{"tract_name":"Census Tract 252.01, King, WA","geoid":"14000US53033025201","ses_index":64,"access_index":2,"kids_per_pitch":806,"median_income":126786,"poverty_rate":7.07,"kids_5_17":403,"facility_count":0,"nearest_facility_km":0.708,"data_year":"ACS 2023 5-year"},"type":"Feature"},{"geometry":{"coordinates":[[[-122.197928,47.518691],[-122.196223,47.519333],[-122.186427,47.518321],[-122.185532,47.517622],[-122.184249,47.5168],[-122.184078,47.516636],[-122.181484,47.516612],[-122.175567,47.518426],[-122.173432,47.519722],[-122.172232,47.520922],[-122.169433,47.520593],[-122.169113,47.520814],[-122.164795,47.518853],[-122.164632,47.518922],[-122.1645,47.518379],[-122.164684,47.510201],[-122.164691,47.503899],[-122.16777,47.505361],[-122.168404,47.505575],[-122.169369,47.505715],[-122.172116,47.505934],[-122.173293,47.505959],[-122.174406,47.505711],[-122.175095,47.505367],[-122.175527,47.505011],[-122.177467,47.503092],[-122.1856,47.503107],[-122.185741,47.515382],[-122.185797,47.515486],[-122.186276,47.515633],[-122.187108,47.515728],[-122.190028,47.515779],[-122.19465,47.516256],[-122.195127,47.516549],[-122.196453,47.518248],[-122.196835,47.518409],[-122.197904,47.518435],[-122.197928,47.518691]]],"type":"Polygon"},"properties":{"tract_name":"Census Tract 252.02, King, WA","geoid":"14000US53033025202","ses_index":62,"access_index":7,"kids_per_pitch":519,"median_income":120359,"poverty_rate":7.51,"kids_5_17":519,"facility_count":1,"nearest_facility_km":1.138,"data_year":"ACS 2023 5-year"},"type":"Feature"},{"geometry":{"coordinates":[[[-122.236233,47.509521],[-122.219822,47.509801],[-122.235699,47.517769],[-122.225394,47.521368],[-122.207649,47.506096],[-122.203395,47.502943],[-122.199768,47.503027],[-122.19939,47.501935],[-122.202136,47.499947],[-122.202752,47.499618],[-122.20476,47.49901],[-122.205596,47.498527],[-122.206679,47.497443],[-122.207052,47.496616],[-122.207052,47.493884],[-122.207425,47.492797],[-122.207462,47.492064],[-122.204483,47.492088],[-122.204464,47.484163],[-122.205198,47.483526],[-122.20542,47.483059],[-122.205451,47.478982],[-122.203041,47.479876],[-122.202905,47.479685],[-122.202667,47.479674],[-122.201602,47.480147],[-122.200973,47.480125],[-122.202384,47.479137],[-122.203064,47.478433],[-122.203387,47.477896],[-122.203722,47.476672],[-122.204106,47.472595],[-122.204676,47.47149],[-122.205836,47.470282],[-122.207692,47.469238],[-122.209505,47.468726],[-122.213927,47.468195],[-122.217909,47.467935],[-122.217947,47.471658],[-122.217769,47.472212],[-122.217927,47.472457],[-122.217961,47.474503],[-122.218853,47.475431],[-122.221134,47.475054],[-122.222765,47.47496],[-122.222261,47.475384],[-122.222609,47.475785],[-122.222624,47.476312],[-122.221016,47.478291],[-122.220888,47.478605],[-122.220958,47.47881],[-122.219162,47.479599],[-122.217096,47.479747],[-122.217266,47.480564],[-122.217154,47.482055],[-122.217223,47.483326],[-122.21795,47.487722],[-122.21786,47.490599],[-122.218874,47.493147],[-122.220426,47.49876],[-122.220771,47.499582],[-122.221254,47.500484],[-122.221768,47.501013],[-122.22542,47.503387],[-122.228902,47.505089],[-122.237053,47.509524],[-122.236233,47.509521]]],"type":"Polygon"},"properties":{"tract_name":"Census Tract 253.02, King, WA","geoid":"14000US53033025302","ses_index":43,"access_index":1,"kids_per_pitch":670,"median_income":58243,"poverty_rate":12.22,"kids_5_17":335,"facility_count":0,"nearest_facility_km":1.429,"data_year":"ACS 2023 5-year"},"type":"Feature"},{"geometry":{"coordinates":[[[-122.207425,47.492797],[-122.207282,47.49333],[-122.207052,47.493884],[-122.207105,47.494866],[-122.207091,47.496032],[-122.207032,47.496707],[-122.206896,47.497079],[-122.206679,47.497443],[-122.206424,47.497761],[-122.205707,47.498439],[-122.205233,47.498761],[-122.20476,47.49901],[-122.204055,47.499251],[-122.202752,47.499618],[-122.202136,47.499947],[-122.199674,47.50175],[-122.199013,47.502151],[-122.197607,47.502588],[-122.196883,47.502673],[-122.196303,47.501182],[-122.195166,47.498548],[-122.19406,47.496513],[-122.192163,47.493602],[-122.191845,47.492641],[-122.191814,47.491928],[-122.192079,47.491043],[-122.193189,47.489206],[-122.193651,47.487693],[-122.193819,47.487313],[-122.194108,47.486838],[-122.196577,47.48405],[-122.198589,47.481946],[-122.199679,47.480984],[-122.200973,47.480125],[-122.201257,47.480177],[-122.201602,47.480147],[-122.202305,47.479771],[-122.202667,47.479674],[-122.202905,47.479685],[-122.203041,47.479876],[-122.205451,47.478982],[-122.20542,47.483059],[-122.205353,47.483311],[-122.205198,47.483526],[-122.204544,47.484028],[-122.204464,47.484163],[-122.204483,47.492088],[-122.207462,47.492064],[-122.207425,47.492797]]],"type":"Polygon"},"properties":{"tract_name":"Census Tract 253.03, King, WA","geoid":"14000US53033025303","ses_index":48,"access_index":1,"kids_per_pitch":250,"median_income":83792,"poverty_rate":13.92,"kids_5_17":125,"facility_count":0,"nearest_facility_km":1.033,"data_year":"ACS 2023 5-year"},"type":"Feature"},{"geometry":{"coordinates":[[[-122.219133,47.523721],[-122.209733,47.530421],[-122.208233,47.531921],[-122.20624,47.530519],[-122.206787,47.530039],[-122.205661,47.528046],[-122.205585,47.528161],[-122.20576,47.527619],[-122.205145,47.52768],[-122.204333,47.528151],[-122.203681,47.528773],[-122.203451,47.529214],[-122.20304,47.529414],[-122.202488,47.529525],[-122.202047,47.529755],[-122.201541,47.529894],[-122.197832,47.527811],[-122.197691,47.526281],[-122.198382,47.518655],[-122.198329,47.516645],[-122.198526,47.516646],[-122.198069,47.508026],[-122.197938,47.506914],[-122.197475,47.504617],[-122.196883,47.502673],[-122.197381,47.502634],[-122.198062,47.50247],[-122.198883,47.502205],[-122.19939,47.501935],[-122.199712,47.502693],[-122.199768,47.503027],[-122.203395,47.502943],[-122.205032,47.504222],[-122.207649,47.506096],[-122.225394,47.521368],[-122.219133,47.523721]]],"type":"Polygon"},"properties":{"tract_name":"Census Tract 253.04, King, WA","geoid":"14000US53033025304","ses_index":62,"access_index":1,"kids_per_pitch":742,"median_income":130521,"poverty_rate":10.99,"kids_5_17":371,"facility_count":0,"nearest_facility_km":2.222,"data_year":"ACS 2023 5-year"},"type":"Feature"},{"geometry":{"coordinates":[[[-122.191167,47.497641],[-122.190965,47.498076],[-122.191069,47.498172],[-122.191093,47.498269],[-122.191104,47.498768],[-122.19108,47.501805],[-122.191002,47.503083],[-122.188815,47.503074],[-122.187251,47.503122],[-122.175313,47.503092],[-122.175095,47.496091],[-122.17502,47.492179],[-122.174947,47.490931],[-122.174882,47.488564],[-122.177704,47.488559],[-122.178141,47.4885],[-122.178639,47.488341],[-122.178807,47.488611],[-122.178777,47.488989],[-122.178341,47.490037],[-122.178746,47.490207],[-122.179534,47.490877],[-122.179739,47.491008],[-122.180065,47.491148],[-122.180403,47.491239],[-122.181234,47.491337],[-122.181446,47.491435],[-122.181548,47.491531],[-122.181628,47.491705],[-122.181635,47.496788],[-122.182336,47.496837],[-122.183568,47.497087],[-122.184566,47.497225],[-122.18979,47.497395],[-122.190009,47.497372],[-122.190294,47.497222],[-122.190789,47.497476],[-122.191188,47.497597],[-122.191167,47.497641]]],"type":"Polygon"},"properties":{"tract_name":"Census Tract 254.01, King, WA","geoid":"14000US53033025401","ses_index":49,"access_index":1,"kids_per_pitch":1084,"median_income":74067,"poverty_rate":9.02,"kids_5_17":542,"facility_count":0,"nearest_facility_km":1.008,"data_year":"ACS 2023 5-year"},"type":"Feature"},{"geometry":{"coordinates":[[[-122.194719,47.486116],[-122.194108,47.486838],[-122.193819,47.487313],[-122.193499,47.488141],[-122.193189,47.489206],[-122.192411,47.490459],[-122.191267,47.490763],[-122.190775,47.490949],[-122.19055,47.491092],[-122.190366,47.491354],[-122.190297,47.491628],[-122.190766,47.492595],[-122.190857,47.492981],[-122.190872,47.493291],[-122.190944,47.493557],[-122.191232,47.493981],[-122.191517,47.494229],[-122.191775,47.494521],[-122.191902,47.494802],[-122.191949,47.494998],[-122.191949,47.495266],[-122.191742,47.496346],[-122.191188,47.497597],[-122.190789,47.497476],[-122.190294,47.497222],[-122.190009,47.497372],[-122.18979,47.497395],[-122.184566,47.497225],[-122.183568,47.497087],[-122.182336,47.496837],[-122.181894,47.496785],[-122.181635,47.496788],[-122.181624,47.491677],[-122.181497,47.491475],[-122.181234,47.491337],[-122.180403,47.491239],[-122.180065,47.491148],[-122.179739,47.491008],[-122.179534,47.490877],[-122.178746,47.490207],[-122.178341,47.490037],[-122.178777,47.488989],[-122.17882,47.488727],[-122.178807,47.488611],[-122.178639,47.488341],[-122.178905,47.488205],[-122.179823,47.48755],[-122.180444,47.48731],[-122.184431,47.486433],[-122.190314,47.485023],[-122.190761,47.484953],[-122.191476,47.484947],[-122.192577,47.485096],[-122.193139,47.48523],[-122.193432,47.485327],[-122.19404,47.485604],[-122.194719,47.486116]]],"type":"Polygon"},"properties":{"tract_name":"Census Tract 254.02, King, WA","geoid":"14000US53033025402","ses_index":55,"access_index":1,"kids_per_pitch":870,"median_income":101864,"poverty_rate":10.99,"kids_5_17":435,"facility_count":0,"nearest_facility_km":1.153,"data_year":"ACS 2023 5-year"},"type":"Feature"},{"geometry":{"coordinates":[[[-122.176547,47.503976],[-122.175527,47.505011],[-122.175222,47.505277],[-122.17482,47.505534],[-122.174406,47.505711],[-122.17376,47.505892],[-122.173293,47.505959],[-122.172789,47.50597],[-122.169369,47.505715],[-122.168404,47.505575],[-122.16777,47.505361],[-122.164691,47.503899],[-122.164669,47.502415],[-122.164174,47.488579],[-122.174882,47.488564],[-122.174947,47.490931],[-122.17502,47.492179],[-122.175095,47.496091],[-122.175313,47.503092],[-122.177467,47.503092],[-122.176547,47.503976]]],"type":"Polygon"},"properties":{"tract_name":"Census Tract 255, King, WA","geoid":"14000US53033025500","ses_index":46,"access_index":2,"kids_per_pitch":1768,"median_income":78800,"poverty_rate":15.15,"kids_5_17":884,"facility_count":0,"nearest_facility_km":0.842,"data_year":"ACS 2023 5-year"},"type":"Feature"},{"geometry":{"coordinates":[[[-122.196577,47.48405],[-122.194719,47.486116],[-122.19404,47.485604],[-122.193432,47.485327],[-122.192863,47.485156],[-122.191476,47.484947],[-122.19046,47.484995],[-122.184431,47.486433],[-122.180444,47.48731],[-122.179823,47.48755],[-122.178639,47.488341],[-122.177944,47.488535],[-122.164548,47.488583],[-122.158965,47.488526],[-122.158909,47.488441],[-122.158945,47.486103],[-122.158878,47.48522],[-122.158587,47.484837],[-122.159403,47.484448],[-122.159422,47.483695],[-122.159762,47.483282],[-122.159825,47.482786],[-122.159431,47.482651],[-122.159343,47.482517],[-122.159343,47.482377],[-122.159491,47.482158],[-122.159884,47.481994],[-122.160122,47.481791],[-122.16022,47.481541],[-122.160223,47.481295],[-122.157983,47.481253],[-122.156942,47.479485],[-122.156935,47.479376],[-122.157044,47.479225],[-122.157227,47.479152],[-122.161137,47.478096],[-122.162381,47.478133],[-122.162841,47.478524],[-122.16289,47.478693],[-122.164171,47.478704],[-122.164152,47.477711],[-122.173529,47.477694],[-122.175066,47.477815],[-122.178418,47.477763],[-122.179437,47.477898],[-122.180145,47.477813],[-122.180483,47.477433],[-122.181594,47.477444],[-122.183481,47.476886],[-122.184099,47.476805],[-122.184588,47.476821],[-122.185203,47.47696],[-122.185615,47.477132],[-122.189385,47.478826],[-122.190098,47.479277],[-122.192894,47.481292],[-122.196141,47.483851],[-122.196577,47.48405]]],"type":"Polygon"},"properties":{"tract_name":"Census Tract 256.01, King, WA","geoid":"14000US53033025601","ses_index":57,"access_index":1,"kids_per_pitch":2054,"median_income":92500,"poverty_rate":4.05,"kids_5_17":1027,"facility_count":0,"nearest_facility_km":1.728,"data_year":"ACS 2023 5-year"},"type":"Feature"},{"geometry":{"coordinates":[[[-122.180483,47.477433],[-122.180145,47.477813],[-122.179437,47.477898],[-122.178418,47.477763],[-122.175066,47.477815],[-122.173529,47.477694],[-122.164152,47.477711],[-122.164171,47.478704],[-122.16289,47.478693],[-122.162841,47.478524],[-122.162381,47.478133],[-122.1613,47.478083],[-122.15708,47.479202],[-122.156962,47.47931],[-122.156942,47.479485],[-122.157983,47.481253],[-122.160223,47.481295],[-122.160122,47.481791],[-122.159884,47.481994],[-122.159491,47.482158],[-122.159343,47.482377],[-122.159431,47.482651],[-122.159825,47.482786],[-122.159762,47.483282],[-122.159422,47.483695],[-122.159403,47.484448],[-122.158587,47.484837],[-122.158878,47.48522],[-122.158965,47.488526],[-122.132417,47.488299],[-122.132244,47.475888],[-122.132354,47.475667],[-122.132564,47.475529],[-122.134762,47.474948],[-122.13511,47.474632],[-122.135261,47.47427],[-122.13521,47.473926],[-122.135018,47.473641],[-122.133365,47.47212],[-122.133199,47.471773],[-122.13327,47.471282],[-122.133565,47.470919],[-122.135065,47.469978],[-122.135827,47.469363],[-122.136354,47.468675],[-122.136554,47.468194],[-122.138492,47.468859],[-122.139278,47.468955],[-122.140164,47.468775],[-122.141471,47.468171],[-122.141864,47.467833],[-122.142582,47.466076],[-122.153899,47.467871],[-122.156784,47.468524],[-122.161253,47.470134],[-122.163601,47.471092],[-122.172978,47.474596],[-122.177411,47.476113],[-122.179843,47.477247],[-122.180483,47.477433]]],"type":"Polygon"},"properties":{"tract_name":"Census Tract 256.02, King, WA","geoid":"14000US53033025602","ses_index":78,"access_index":8,"kids_per_pitch":458,"median_income":167760,"poverty_rate":1.28,"kids_5_17":1375,"facility_count":3,"nearest_facility_km":1.008,"data_year":"ACS 2023 5-year"},"type":"Feature"},{"geometry":{"coordinates":[[[-122.185866,47.466434],[-122.185766,47.46675],[-122.185613,47.466967],[-122.184654,47.467655],[-122.184204,47.468299],[-122.183631,47.468624],[-122.182875,47.467662],[-122.181905,47.466922],[-122.181101,47.467417],[-122.182111,47.468331],[-122.182113,47.46846],[-122.182046,47.46854],[-122.181356,47.468844],[-122.181135,47.468742],[-122.180341,47.468098],[-122.179224,47.467429],[-122.178096,47.467259],[-122.176751,47.466905],[-122.17657,47.466735],[-122.176373,47.466385],[-122.176035,47.46619],[-122.175785,47.46618],[-122.174557,47.466409],[-122.173846,47.466796],[-122.173267,47.466878],[-122.173235,47.467194],[-122.173142,47.467218],[-122.173141,47.4673],[-122.171549,47.469004],[-122.171544,47.469241],[-122.168883,47.47302],[-122.163601,47.471092],[-122.161253,47.470134],[-122.157561,47.468783],[-122.156366,47.468413],[-122.156428,47.468293],[-122.15646,47.467776],[-122.156427,47.46719],[-122.15603,47.466432],[-122.155643,47.466072],[-122.154572,47.465519],[-122.153026,47.464857],[-122.151162,47.463777],[-122.148721,47.463163],[-122.148065,47.462928],[-122.147362,47.462459],[-122.146948,47.462018],[-122.146706,47.461452],[-122.146706,47.460742],[-122.146905,47.460263],[-122.147225,47.459811],[-122.147584,47.459511],[-122.148219,47.459131],[-122.14895,47.458897],[-122.150405,47.458614],[-122.151548,47.458312],[-122.152354,47.45797],[-122.152923,47.457581],[-122.153415,47.45705],[-122.153739,47.456336],[-122.15384,47.454396],[-122.161558,47.4558],[-122.163569,47.456294],[-122.163788,47.456758],[-122.165239,47.457522],[-122.16633,47.457777],[-122.167925,47.459506],[-122.168448,47.460214],[-122.169153,47.460664],[-122.169836,47.460969],[-122.170579,47.461208],[-122.171396,47.461376],[-122.179418,47.462289],[-122.180572,47.462628],[-122.181054,47.462886],[-122.184241,47.46522],[-122.185877,47.466337],[-122.185866,47.466434]]],"type":"Polygon"},"properties":{"tract_name":"Census Tract 257.02, King, WA","geoid":"14000US53033025702","ses_index":70,"access_index":1,"kids_per_pitch":780,"median_income":139609,"poverty_rate":2.27,"kids_5_17":390,"facility_count":0,"nearest_facility_km":1.241,"data_year":"ACS 2023 5-year"},"type":"Feature"},{"geometry":{"coordinates":[[[-122.206432,47.469684],[-122.206423,47.46988],[-122.205836,47.470282],[-122.205431,47.470629],[-122.204905,47.471187],[-122.204632,47.471553],[-122.199399,47.469968],[-122.197043,47.470016],[-122.195514,47.468231],[-122.1951,47.468235],[-122.194858,47.467795],[-122.194636,47.46724],[-122.194571,47.466984],[-122.194427,47.466883],[-122.193139,47.466858],[-122.192589,47.46693],[-122.191415,47.466971],[-122.191233,47.467024],[-122.191121,47.467098],[-122.190849,47.467048],[-122.188414,47.467098],[-122.187852,47.467015],[-122.187748,47.466955],[-122.187696,47.466844],[-122.18779,47.466566],[-122.187777,47.466483],[-122.188154,47.466351],[-122.18846,47.466174],[-122.19336,47.462084],[-122.193861,47.461774],[-122.194159,47.461652],[-122.194885,47.461476],[-122.195398,47.461432],[-122.197854,47.461386],[-122.198543,47.461461],[-122.200096,47.461794],[-122.200565,47.461831],[-122.203477,47.461844],[-122.204308,47.463298],[-122.206078,47.467204],[-122.206331,47.46797],[-122.206427,47.468457],[-122.206446,47.468809],[-122.206413,47.469282],[-122.206452,47.469393],[-122.206432,47.469684]]],"type":"Polygon"},"properties":{"tract_name":"Census Tract 257.03, King, WA","geoid":"14000US53033025703","ses_index":49,"access_index":1,"kids_per_pitch":362,"median_income":84346,"poverty_rate":13.36,"kids_5_17":181,"facility_count":0,"nearest_facility_km":1.133,"data_year":"ACS 2023 5-year"},"type":"Feature"},{"geometry":{"coordinates":[[[-122.204632,47.471553],[-122.20422,47.472279],[-122.204024,47.472933],[-122.203662,47.477075],[-122.203509,47.477619],[-122.203064,47.478433],[-122.202384,47.479137],[-122.199362,47.481236],[-122.198589,47.481946],[-122.196577,47.48405],[-122.196141,47.483851],[-122.193763,47.48194],[-122.189774,47.479062],[-122.188528,47.47841],[-122.185203,47.47696],[-122.184588,47.476821],[-122.18381,47.476828],[-122.181594,47.477444],[-122.180849,47.477472],[-122.180258,47.477384],[-122.179843,47.477247],[-122.177411,47.476113],[-122.172978,47.474596],[-122.168883,47.47302],[-122.171544,47.469241],[-122.171549,47.469004],[-122.173141,47.4673],[-122.173142,47.467218],[-122.173235,47.467194],[-122.173267,47.466878],[-122.173846,47.466796],[-122.174557,47.466409],[-122.175785,47.46618],[-122.176035,47.46619],[-122.176263,47.466278],[-122.176676,47.466852],[-122.176927,47.466975],[-122.178096,47.467259],[-122.179224,47.467429],[-122.180341,47.468098],[-122.181135,47.468742],[-122.181356,47.468844],[-122.182046,47.46854],[-122.182113,47.46846],[-122.182111,47.468331],[-122.181101,47.467417],[-122.181905,47.466922],[-122.182875,47.467662],[-122.183631,47.468624],[-122.184204,47.468299],[-122.184654,47.467655],[-122.185613,47.466967],[-122.185805,47.466661],[-122.185877,47.466337],[-122.186298,47.46647],[-122.186936,47.466569],[-122.187777,47.466483],[-122.187696,47.466844],[-122.187748,47.466955],[-122.188276,47.467092],[-122.190849,47.467048],[-122.191121,47.467098],[-122.191415,47.466971],[-122.193139,47.466858],[-122.194427,47.466883],[-122.194571,47.466984],[-122.194858,47.467795],[-122.1951,47.468235],[-122.195514,47.468231],[-122.197043,47.470016],[-122.199399,47.469968],[-122.204632,47.471553]]],"type":"Polygon"},"properties":{"tract_name":"Census Tract 257.04, King, WA","geoid":"14000US53033025704","ses_index":57,"access_index":5,"kids_per_pitch":828,"median_income":100422,"poverty_rate":6.25,"kids_5_17":828,"facility_count":1,"nearest_facility_km":1.476,"data_year":"ACS 2023 5-year"},"type":"Feature"},{"geometry":{"coordinates":[[[-122.186158,47.445615],[-122.186181,47.44614],[-122.185965,47.456333],[-122.185397,47.456121],[-122.17518,47.456062],[-122.175096,47.456203],[-122.175004,47.456266],[-122.17464,47.456359],[-122.174097,47.456239],[-122.173779,47.456216],[-122.173809,47.455942],[-122.174069,47.455592],[-122.174124,47.455461],[-122.174221,47.452359],[-122.169872,47.452318],[-122.169949,47.450167],[-122.168611,47.450154],[-122.16877,47.445858],[-122.170858,47.446206],[-122.171651,47.446243],[-122.172069,47.44621],[-122.172527,47.446125],[-122.174791,47.445552],[-122.175318,47.445485],[-122.186187,47.44517],[-122.186158,47.445615]]],"type":"Polygon"},"properties":{"tract_name":"Census Tract 258.03, King, WA","geoid":"14000US53033025803","ses_index":51,"access_index":6,"kids_per_pitch":886,"median_income":83284,"poverty_rate":9.02,"kids_5_17":886,"facility_count":1,"nearest_facility_km":0.699,"data_year":"ACS 2023 5-year"},"type":"Feature"},{"geometry":{"coordinates":[[[-122.185953,47.457004],[-122.185849,47.462865],[-122.185923,47.464435],[-122.185877,47.466337],[-122.184241,47.46522],[-122.181054,47.462886],[-122.180572,47.462628],[-122.179418,47.462289],[-122.171396,47.461376],[-122.170579,47.461208],[-122.169836,47.460969],[-122.169153,47.460664],[-122.168448,47.460214],[-122.167925,47.459506],[-122.16633,47.457777],[-122.165239,47.457522],[-122.163788,47.456758],[-122.163569,47.456294],[-122.161558,47.4558],[-122.15384,47.454396],[-122.15417,47.445531],[-122.159407,47.446725],[-122.160723,47.446857],[-122.161616,47.446829],[-122.162585,47.446688],[-122.166574,47.445693],[-122.16758,47.445671],[-122.16877,47.445858],[-122.168611,47.450154],[-122.169949,47.450167],[-122.169872,47.452318],[-122.174221,47.452359],[-122.174124,47.455461],[-122.173809,47.455942],[-122.173779,47.456216],[-122.17464,47.456359],[-122.175004,47.456266],[-122.17518,47.456062],[-122.185397,47.456121],[-122.185965,47.456333],[-122.185953,47.457004]]],"type":"Polygon"},"properties":{"tract_name":"Census Tract 258.04, King, WA","geoid":"14000US53033025804","ses_index":60,"access_index":8,"kids_per_pitch":561,"median_income":98281,"poverty_rate":2.22,"kids_5_17":561,"facility_count":1,"nearest_facility_km":0.547,"data_year":"ACS 2023 5-year"},"type":"Feature"},{"geometry":{"coordinates":[[[-122.204914,47.456195],[-122.2046,47.456277],[-122.204424,47.456377],[-122.203829,47.457008],[-122.203489,47.456928],[-122.203071,47.456904],[-122.202282,47.457044],[-122.201702,47.457006],[-122.201622,47.457266],[-122.201547,47.457605],[-122.201537,47.458087],[-122.201626,47.458514],[-122.201802,47.459009],[-122.202319,47.459959],[-122.203477,47.461844],[-122.200096,47.461794],[-122.198543,47.461461],[-122.197854,47.461386],[-122.195398,47.461432],[-122.1946,47.461527],[-122.193861,47.461774],[-122.19336,47.462084],[-122.188273,47.46629],[-122.187777,47.466483],[-122.187186,47.46657],[-122.186726,47.46655],[-122.185877,47.466337],[-122.185923,47.464435],[-122.185849,47.46302],[-122.185871,47.460642],[-122.186187,47.44517],[-122.196919,47.445265],[-122.196931,47.445589],[-122.197044,47.446006],[-122.197229,47.446342],[-122.197572,47.446732],[-122.198249,47.447203],[-122.201292,47.448804],[-122.201879,47.449217],[-122.202407,47.449805],[-122.205662,47.45602],[-122.204914,47.456195]]],"type":"Polygon"},"properties":{"tract_name":"Census Tract 258.05, King, WA","geoid":"14000US53033025805","ses_index":53,"access_index":12,"kids_per_pitch":643,"median_income":97161,"poverty_rate":11.08,"kids_5_17":643,"facility_count":1,"nearest_facility_km":0.182,"data_year":"ACS 2023 5-year"},"type":"Feature"},{"geometry":{"coordinates":[[[-122.217959,47.464144],[-122.217909,47.467935],[-122.213927,47.468195],[-122.209783,47.468677],[-122.208877,47.468863],[-122.207943,47.469141],[-122.20697,47.469567],[-122.206423,47.46988],[-122.206427,47.468457],[-122.206331,47.46797],[-122.206078,47.467204],[-122.204308,47.463298],[-122.201893,47.459207],[-122.201683,47.458698],[-122.201537,47.458087],[-122.201547,47.457605],[-122.201702,47.457006],[-122.202282,47.457044],[-122.203071,47.456904],[-122.203829,47.457008],[-122.204326,47.456457],[-122.2046,47.456277],[-122.205662,47.45602],[-122.202544,47.450043],[-122.202258,47.449602],[-122.201879,47.449217],[-122.201292,47.448804],[-122.198249,47.447203],[-122.197791,47.446912],[-122.197349,47.446502],[-122.197095,47.446116],[-122.196968,47.44578],[-122.196919,47.445265],[-122.197634,47.445267],[-122.198686,47.445163],[-122.19948,47.445015],[-122.200768,47.444648],[-122.201236,47.444475],[-122.202343,47.443911],[-122.202957,47.443493],[-122.203818,47.442766],[-122.20457,47.442439],[-122.205028,47.442365],[-122.207465,47.442402],[-122.208739,47.442309],[-122.209652,47.442058],[-122.211121,47.441311],[-122.211883,47.44112],[-122.217459,47.441169],[-122.21559,47.448562],[-122.215342,47.450012],[-122.215291,47.451147],[-122.215373,47.452408],[-122.215541,47.453384],[-122.217432,47.460322],[-122.217825,47.462012],[-122.217951,47.463236],[-122.217959,47.464144]]],"type":"Polygon"},"properties":{"tract_name":"Census Tract 258.06, King, WA","geoid":"14000US53033025806","ses_index":52,"access_index":2,"kids_per_pitch":1916,"median_income":90750,"poverty_rate":10.64,"kids_5_17":958,"facility_count":0,"nearest_facility_km":0.589,"data_year":"ACS 2023 5-year"},"type":"Feature"},{"geometry":{"coordinates":[[[-122.249635,47.499343],[-122.24087,47.499245],[-122.240819,47.502883],[-122.245644,47.502953],[-122.245485,47.503886],[-122.246278,47.505232],[-122.24603,47.506169],[-122.246079,47.507236],[-122.246972,47.508211],[-122.246742,47.508968],[-122.246945,47.50915],[-122.247146,47.509734],[-122.24336,47.509682],[-122.243218,47.509604],[-122.243034,47.509597],[-122.237053,47.509524],[-122.228902,47.505089],[-122.227412,47.504365],[-122.227644,47.494705],[-122.22755,47.488166],[-122.227563,47.485152],[-122.227478,47.484866],[-122.227151,47.484627],[-122.22763,47.484564],[-122.229602,47.485957],[-122.230403,47.486409],[-122.23436,47.48798],[-122.237481,47.489453],[-122.23831,47.489934],[-122.239448,47.49076],[-122.240021,47.491388],[-122.240326,47.491983],[-122.240415,47.492322],[-122.240581,47.494208],[-122.240793,47.494707],[-122.241573,47.495622],[-122.242087,47.496068],[-122.243062,47.496574],[-122.243832,47.496791],[-122.247215,47.497143],[-122.248001,47.497328],[-122.248398,47.497529],[-122.248925,47.497997],[-122.249357,47.498625],[-122.249635,47.499343]]],"type":"Polygon"},"properties":{"tract_name":"Census Tract 260.01, King, WA","geoid":"14000US53033026001","ses_index":62,"access_index":8,"kids_per_pitch":686,"median_income":120813,"poverty_rate":7.01,"kids_5_17":686,"facility_count":1,"nearest_facility_km":0.396,"data_year":"ACS 2023 5-year"},"type":"Feature"},{"geometry":{"coordinates":[[[-122.251718,47.479674],[-122.251642,47.479878],[-122.251346,47.480318],[-122.250115,47.481508],[-122.249326,47.482194],[-122.249113,47.482455],[-122.248969,47.483012],[-122.242431,47.481198],[-122.241049,47.481064],[-122.238319,47.481217],[-122.236718,47.481128],[-122.235263,47.480839],[-122.23381,47.480315],[-122.23329,47.480765],[-122.233171,47.480928],[-122.233114,47.481213],[-122.23318,47.481371],[-122.233307,47.481474],[-122.232785,47.482459],[-122.23236,47.482752],[-122.232081,47.482803],[-122.23177,47.482784],[-122.227568,47.482166],[-122.227558,47.481951],[-122.227652,47.481694],[-122.226967,47.481544],[-122.225354,47.480947],[-122.223419,47.480513],[-122.218989,47.479636],[-122.219672,47.479445],[-122.220958,47.47881],[-122.220888,47.478605],[-122.221016,47.478291],[-122.222624,47.476312],[-122.222679,47.476055],[-122.222609,47.475785],[-122.222261,47.475384],[-122.222765,47.47496],[-122.223954,47.475033],[-122.225004,47.475204],[-122.231093,47.47654],[-122.231763,47.476794],[-122.232502,47.477225],[-122.233676,47.478181],[-122.234399,47.478581],[-122.23523,47.478919],[-122.235687,47.479028],[-122.236427,47.479168],[-122.237113,47.479189],[-122.238918,47.479075],[-122.239756,47.478956],[-122.241722,47.478473],[-122.243574,47.477751],[-122.244587,47.477211],[-122.24653,47.475837],[-122.246956,47.475613],[-122.247794,47.475322],[-122.248625,47.475198],[-122.249997,47.476548],[-122.250851,47.477889],[-122.25169,47.47947],[-122.251718,47.479674]]],"type":"Polygon"},"properties":{"tract_name":"Census Tract 260.03, King, WA","geoid":"14000US53033026003","ses_index":38,"access_index":1,"kids_per_pitch":1938,"median_income":71429,"poverty_rate":24.36,"kids_5_17":969,"facility_count":0,"nearest_facility_km":1.315,"data_year":"ACS 2023 5-year"},"type":"Feature"},{"geometry":{"coordinates":[[[-122.227583,47.481853],[-122.227571,47.483676],[-122.227561,47.483826],[-122.227504,47.483908],[-122.227636,47.48391],[-122.22763,47.484564],[-122.227151,47.484627],[-122.227367,47.484751],[-122.227478,47.484866],[-122.227542,47.484987],[-122.227563,47.485152],[-122.22755,47.488166],[-122.227644,47.494705],[-122.227412,47.504365],[-122.22542,47.503387],[-122.222021,47.501209],[-122.22156,47.50084],[-122.221254,47.500484],[-122.220925,47.499898],[-122.220591,47.499166],[-122.220426,47.49876],[-122.218874,47.493147],[-122.218038,47.491199],[-122.21786,47.490599],[-122.217862,47.489975],[-122.217957,47.488728],[-122.21795,47.487722],[-122.217846,47.486795],[-122.217517,47.485201],[-122.217223,47.483326],[-122.217154,47.482055],[-122.217266,47.480564],[-122.21724,47.480225],[-122.217096,47.479747],[-122.218115,47.479736],[-122.218989,47.479636],[-122.220049,47.479825],[-122.225037,47.480857],[-122.226967,47.481544],[-122.227652,47.481694],[-122.227583,47.481853]]],"type":"Polygon"},"properties":{"tract_name":"Census Tract 260.04, King, WA","geoid":"14000US53033026004","ses_index":57,"access_index":1,"kids_per_pitch":1046,"median_income":108125,"poverty_rate":9.64,"kids_5_17":523,"facility_count":0,"nearest_facility_km":1.012,"data_year":"ACS 2023 5-year"},"type":"Feature"},{"geometry":{"coordinates":[[[-122.270583,47.495585],[-122.268426,47.495523],[-122.259007,47.495626],[-122.257876,47.494917],[-122.256793,47.49405],[-122.254078,47.491114],[-122.253443,47.490736],[-122.251988,47.490266],[-122.251312,47.489925],[-122.250748,47.489357],[-122.250369,47.488456],[-122.235035,47.488291],[-122.232952,47.487394],[-122.230403,47.486409],[-122.229602,47.485957],[-122.22763,47.484564],[-122.227636,47.48391],[-122.227504,47.483908],[-122.227571,47.483676],[-122.227568,47.482166],[-122.230718,47.482654],[-122.232231,47.482791],[-122.232785,47.482459],[-122.233307,47.481474],[-122.233114,47.481213],[-122.233171,47.480928],[-122.23381,47.480315],[-122.235263,47.480839],[-122.236718,47.481128],[-122.238319,47.481217],[-122.241049,47.481064],[-122.242431,47.481198],[-122.248969,47.483012],[-122.249113,47.482455],[-122.249326,47.482194],[-122.251346,47.480318],[-122.251718,47.479674],[-122.25169,47.47947],[-122.250851,47.477889],[-122.249997,47.476548],[-122.248625,47.475198],[-122.24961,47.47528],[-122.250388,47.475478],[-122.25113,47.4758],[-122.25206,47.476018],[-122.253596,47.477545],[-122.257793,47.482983],[-122.258111,47.4833],[-122.258928,47.483977],[-122.262447,47.486013],[-122.263592,47.486931],[-122.264176,47.487535],[-122.264726,47.488246],[-122.266977,47.491672],[-122.268018,47.493049],[-122.269015,47.493997],[-122.271056,47.495655],[-122.270583,47.495585]]],"type":"Polygon"},"properties":{"tract_name":"Census Tract 261.01, King, WA","geoid":"14000US53033026101","ses_index":53,"access_index":1,"kids_per_pitch":1040,"median_income":91823,"poverty_rate":10.36,"kids_5_17":520,"facility_count":0,"nearest_facility_km":0.955,"data_year":"ACS 2023 5-year"},"type":"Feature"},{"geometry":{"coordinates":[[[-122.259638,47.495987],[-122.259515,47.502537],[-122.250814,47.502831],[-122.250625,47.502519],[-122.250506,47.502219],[-122.249547,47.499071],[-122.249357,47.498625],[-122.248973,47.498059],[-122.248725,47.497784],[-122.248398,47.497529],[-122.247784,47.497252],[-122.247215,47.497143],[-122.243832,47.496791],[-122.243062,47.496574],[-122.242579,47.496364],[-122.242087,47.496068],[-122.241573,47.495622],[-122.241143,47.495165],[-122.240793,47.494707],[-122.240581,47.494208],[-122.240415,47.492322],[-122.240326,47.491983],[-122.240021,47.491388],[-122.239762,47.491063],[-122.239143,47.490526],[-122.237771,47.489603],[-122.235035,47.488291],[-122.250369,47.488456],[-122.250566,47.488995],[-122.250748,47.489357],[-122.25097,47.489631],[-122.251312,47.489925],[-122.251988,47.490266],[-122.253443,47.490736],[-122.254078,47.491114],[-122.254397,47.491413],[-122.256138,47.493406],[-122.256793,47.49405],[-122.257315,47.494503],[-122.257876,47.494917],[-122.259007,47.495626],[-122.259643,47.495601],[-122.259638,47.495987]]],"type":"Polygon"},"properties":{"tract_name":"Census Tract 261.02, King, WA","geoid":"14000US53033026102","ses_index":35,"access_index":16,"kids_per_pitch":320,"median_income":57092,"poverty_rate":23.72,"kids_5_17":639,"facility_count":2,"nearest_facility_km":0.242,"data_year":"ACS 2023 5-year"},"type":"Feature"},{"geometry":{"coordinates":[[[-122.27274,47.48097],[-122.272426,47.481892],[-122.271586,47.483022],[-122.265931,47.487496],[-122.264954,47.488628],[-122.264176,47.487535],[-122.263121,47.486503],[-122.261875,47.485646],[-122.258928,47.483977],[-122.258111,47.4833],[-122.253596,47.477545],[-122.25206,47.476018],[-122.25113,47.4758],[-122.250388,47.475478],[-122.248625,47.475198],[-122.247794,47.475322],[-122.24653,47.475837],[-122.244587,47.477211],[-122.242431,47.478224],[-122.239756,47.478956],[-122.237113,47.479189],[-122.235687,47.479028],[-122.234399,47.478581],[-122.233676,47.478181],[-122.232502,47.477225],[-122.231093,47.47654],[-122.225004,47.475204],[-122.223306,47.474965],[-122.222292,47.47496],[-122.218853,47.475431],[-122.217893,47.474325],[-122.217927,47.472457],[-122.217769,47.472212],[-122.217947,47.471658],[-122.217963,47.470738],[-122.217881,47.470046],[-122.217951,47.463236],[-122.217858,47.462211],[-122.215541,47.453384],[-122.215291,47.451147],[-122.215342,47.450012],[-122.21559,47.448562],[-122.217459,47.441169],[-122.249194,47.44126],[-122.251226,47.441853],[-122.251816,47.441798],[-122.252734,47.441416],[-122.253326,47.441306],[-122.262385,47.441443],[-122.262746,47.44162],[-122.262988,47.442119],[-122.263497,47.4424],[-122.268169,47.443836],[-122.267347,47.446971],[-122.264732,47.45366],[-122.264011,47.456265],[-122.26388,47.460703],[-122.264237,47.461671],[-122.26647,47.464512],[-122.267225,47.465794],[-122.267925,47.467726],[-122.269375,47.473104],[-122.270092,47.474813],[-122.272553,47.479236],[-122.272815,47.480364],[-122.27274,47.48097]]],"type":"Polygon"},"properties":{"tract_name":"Census Tract 262, King, WA","geoid":"14000US53033026200","ses_index":49,"access_index":100,"kids_per_pitch":34,"median_income":76399,"poverty_rate":9.4,"kids_5_17":582,"facility_count":17,"nearest_facility_km":0.211,"data_year":"ACS 2023 5-year"},"type":"Feature"},{"geometry":{"coordinates":[[[-122.307587,47.524276],[-122.301841,47.52425],[-122.300501,47.524453],[-122.293827,47.524325],[-122.29365,47.52446],[-122.291296,47.524463],[-122.29134,47.510146],[-122.278235,47.509852],[-122.278229,47.507991],[-122.277225,47.507839],[-122.276241,47.507231],[-122.27543,47.507142],[-122.275411,47.509784],[-122.270069,47.509663],[-122.270175,47.503177],[-122.270327,47.500303],[-122.270227,47.500282],[-122.270302,47.495543],[-122.271056,47.495655],[-122.269015,47.493997],[-122.267648,47.492598],[-122.264954,47.488628],[-122.265321,47.48809],[-122.266075,47.488833],[-122.266792,47.489108],[-122.267835,47.489244],[-122.268647,47.489085],[-122.269249,47.488818],[-122.270075,47.488694],[-122.270741,47.488979],[-122.271057,47.489745],[-122.271035,47.490088],[-122.271222,47.490541],[-122.27141,47.49073],[-122.271648,47.49091],[-122.272691,47.491309],[-122.27335,47.491444],[-122.274371,47.491395],[-122.276437,47.490955],[-122.278577,47.490162],[-122.279338,47.490014],[-122.279722,47.490014],[-122.280192,47.490224],[-122.28056,47.49098],[-122.280644,47.49198],[-122.280911,47.492493],[-122.280729,47.492716],[-122.280794,47.493005],[-122.280721,47.493094],[-122.280851,47.493408],[-122.280849,47.494198],[-122.281172,47.495377],[-122.281364,47.49677],[-122.281283,47.496974],[-122.281325,47.497606],[-122.281231,47.497775],[-122.281046,47.499316],[-122.281182,47.499779],[-122.281384,47.500003],[-122.281985,47.500262],[-122.284977,47.50047],[-122.285282,47.500411],[-122.286404,47.500606],[-122.288317,47.500722],[-122.289665,47.500535],[-122.291252,47.500527],[-122.292789,47.500265],[-122.294199,47.50016],[-122.295065,47.500198],[-122.295919,47.500408],[-122.29665,47.500717],[-122.297257,47.501389],[-122.297524,47.502165],[-122.297335,47.502503],[-122.297196,47.503095],[-122.29633,47.504317],[-122.295779,47.504575],[-122.29469,47.50539],[-122.293827,47.505822],[-122.29321,47.506318],[-122.29265,47.506954],[-122.292354,47.507896],[-122.292357,47.508366],[-122.292732,47.509272],[-122.2931,47.509765],[-122.293512,47.510099],[-122.299407,47.512149],[-122.300421,47.512215],[-122.30148,47.512122],[-122.301905,47.512267],[-122.302688,47.512185],[-122.303754,47.512582],[-122.304974,47.5137],[-122.305244,47.514236],[-122.306033,47.51733],[-122.306218,47.518758],[-122.308347,47.524281],[-122.307587,47.524276]]],"type":"Polygon"},"properties":{"tract_name":"Census Tract 263, King, WA","geoid":"14000US53033026300","ses_index":56,"access_index":1,"kids_per_pitch":616,"median_income":89483,"poverty_rate":3.49,"kids_5_17":308,"facility_count":0,"nearest_facility_km":2.317,"data_year":"ACS 2023 5-year"},"type":"Feature"},{"geometry":{"coordinates":[[[-122.3315,47.520955],[-122.325876,47.52092],[-122.325879,47.518691],[-122.317526,47.518725],[-122.317656,47.522222],[-122.309671,47.522145],[-122.309518,47.5234],[-122.309595,47.524004],[-122.309972,47.524754],[-122.311836,47.526557],[-122.314898,47.527369],[-122.317554,47.52821],[-122.317602,47.529769],[-122.316098,47.529798],[-122.315336,47.529978],[-122.31364,47.529006],[-122.312778,47.528346],[-122.311683,47.528078],[-122.310706,47.527635],[-122.309571,47.526756],[-122.308984,47.526023],[-122.306218,47.518758],[-122.306053,47.517965],[-122.306033,47.51733],[-122.305244,47.514236],[-122.304974,47.5137],[-122.303754,47.512582],[-122.302688,47.512185],[-122.301905,47.512267],[-122.30148,47.512122],[-122.300421,47.512215],[-122.299407,47.512149],[-122.293512,47.510099],[-122.2931,47.509765],[-122.292732,47.509272],[-122.292357,47.508366],[-122.292354,47.507896],[-122.29265,47.506954],[-122.29321,47.506318],[-122.293827,47.505822],[-122.29469,47.50539],[-122.295779,47.504575],[-122.29633,47.504317],[-122.297196,47.503095],[-122.297335,47.502503],[-122.297524,47.502165],[-122.297257,47.501389],[-122.29665,47.500717],[-122.295919,47.500408],[-122.295065,47.500198],[-122.294562,47.500214],[-122.29516,47.49874],[-122.295273,47.497638],[-122.296168,47.497643],[-122.296594,47.497738],[-122.296857,47.497936],[-122.297516,47.498926],[-122.299329,47.500001],[-122.301075,47.500176],[-122.301505,47.500015],[-122.302068,47.499464],[-122.30245,47.49931],[-122.304637,47.499293],[-122.304435,47.498005],[-122.304078,47.497211],[-122.303364,47.496378],[-122.302308,47.495639],[-122.310317,47.49579],[-122.31075,47.49605],[-122.314087,47.50173],[-122.314486,47.5021],[-122.315269,47.502577],[-122.316341,47.502902],[-122.317081,47.503004],[-122.323148,47.503049],[-122.324035,47.50275],[-122.324759,47.502714],[-122.324705,47.506421],[-122.324916,47.50763],[-122.326255,47.510385],[-122.329696,47.516629],[-122.330564,47.519354],[-122.3315,47.520955]]],"type":"Polygon"},"properties":{"tract_name":"Census Tract 264, King, WA","geoid":"14000US53033026400","ses_index":38,"access_index":1,"kids_per_pitch":2642,"median_income":79378,"poverty_rate":27.52,"kids_5_17":1321,"facility_count":0,"nearest_facility_km":1.199,"data_year":"ACS 2023 5-year"},"type":"Feature"},{"geometry":{"coordinates":[[[-122.355167,47.51738],[-122.34161,47.517281],[-122.34075,47.51722],[-122.340134,47.517277],[-122.339913,47.517586],[-122.339442,47.518546],[-122.339045,47.51919],[-122.336303,47.521242],[-122.335905,47.520992],[-122.335796,47.520853],[-122.335837,47.520631],[-122.336194,47.520252],[-122.334991,47.51973],[-122.334762,47.519679],[-122.333866,47.519824],[-122.33436,47.520818],[-122.3315,47.520955],[-122.330885,47.519981],[-122.330564,47.519354],[-122.329981,47.517388],[-122.329696,47.516629],[-122.328194,47.514014],[-122.326255,47.510385],[-122.324916,47.50763],[-122.324732,47.506852],[-122.324705,47.506421],[-122.324759,47.502714],[-122.32552,47.502715],[-122.326052,47.502556],[-122.326441,47.502219],[-122.32649,47.501921],[-122.326864,47.502049],[-122.327825,47.502742],[-122.327941,47.502844],[-122.328039,47.503097],[-122.333654,47.503154],[-122.333624,47.510381],[-122.333953,47.512159],[-122.35511,47.511865],[-122.355167,47.51738]]],"type":"Polygon"},"properties":{"tract_name":"Census Tract 265, King, WA","geoid":"14000US53033026500","ses_index":47,"access_index":1,"kids_per_pitch":1586,"median_income":85952,"poverty_rate":15.71,"kids_5_17":793,"facility_count":0,"nearest_facility_km":1.477,"data_year":"ACS 2023 5-year"},"type":"Feature"},{"geometry":{"coordinates":[[[-122.3714,47.517424],[-122.365915,47.517361],[-122.360542,47.51736],[-122.360495,47.515528],[-122.358564,47.515528],[-122.358557,47.517347],[-122.355167,47.51738],[-122.355091,47.510047],[-122.355102,47.508557],[-122.365821,47.508585],[-122.365817,47.508209],[-122.370877,47.508199],[-122.37086,47.509458],[-122.370984,47.512047],[-122.371316,47.516653],[-122.3714,47.517424]]],"type":"Polygon"},"properties":{"tract_name":"Census Tract 266, King, WA","geoid":"14000US53033026600","ses_index":63,"access_index":2,"kids_per_pitch":372,"median_income":116250,"poverty_rate":4.5,"kids_5_17":186,"facility_count":0,"nearest_facility_km":0.831,"data_year":"ACS 2023 5-year"},"type":"Feature"},{"geometry":{"coordinates":[[[-122.380128,47.493203],[-122.375652,47.496434],[-122.375312,47.496869],[-122.37485,47.497659],[-122.374133,47.499617],[-122.373923,47.500697],[-122.372051,47.502182],[-122.370694,47.503511],[-122.370561,47.503866],[-122.37054,47.505135],[-122.370394,47.505821],[-122.370465,47.506409],[-122.370714,47.507259],[-122.370877,47.508199],[-122.365817,47.508209],[-122.365821,47.508585],[-122.355102,47.508557],[-122.355179,47.499483],[-122.355109,47.499249],[-122.354852,47.498875],[-122.353612,47.497867],[-122.352565,47.496634],[-122.352185,47.496393],[-122.351291,47.496054],[-122.350694,47.495736],[-122.350255,47.495315],[-122.350037,47.494974],[-122.349959,47.494752],[-122.349993,47.48843],[-122.352627,47.488388],[-122.352623,47.487434],[-122.355856,47.487319],[-122.356236,47.488221],[-122.358236,47.49022],[-122.358793,47.49022],[-122.362167,47.489725],[-122.363896,47.489196],[-122.3643,47.48883],[-122.365236,47.48842],[-122.37141,47.487839],[-122.375652,47.491237],[-122.380128,47.493203]]],"type":"Polygon"},"properties":{"tract_name":"Census Tract 267, King, WA","geoid":"14000US53033026700","ses_index":51,"access_index":1,"kids_per_pitch":2972,"median_income":101836,"poverty_rate":16.23,"kids_5_17":1486,"facility_count":0,"nearest_facility_km":1.453,"data_year":"ACS 2023 5-year"},"type":"Feature"},{"geometry":{"coordinates":[[[-122.355129,47.504937],[-122.35511,47.511865],[-122.333953,47.512159],[-122.333624,47.510381],[-122.333698,47.499488],[-122.339065,47.49939],[-122.339026,47.503058],[-122.339148,47.506673],[-122.347319,47.506539],[-122.347087,47.502921],[-122.355145,47.50278],[-122.355129,47.504937]]],"type":"Polygon"},"properties":{"tract_name":"Census Tract 268.01, King, WA","geoid":"14000US53033026801","ses_index":46,"access_index":6,"kids_per_pitch":1207,"median_income":82434,"poverty_rate":16.69,"kids_5_17":1207,"facility_count":1,"nearest_facility_km":0.452,"data_year":"ACS 2023 5-year"},"type":"Feature"},{"geometry":{"coordinates":[[[-122.355193,47.499577],[-122.355145,47.50278],[-122.347087,47.502921],[-122.347319,47.506539],[-122.339148,47.506673],[-122.339026,47.503058],[-122.339065,47.49939],[-122.333698,47.499488],[-122.333805,47.490526],[-122.334913,47.49058],[-122.338342,47.49055],[-122.339165,47.490357],[-122.339627,47.490302],[-122.34451,47.490332],[-122.349978,47.490241],[-122.349959,47.494752],[-122.350133,47.495153],[-122.350694,47.495736],[-122.351291,47.496054],[-122.352185,47.496393],[-122.352565,47.496634],[-122.352832,47.496896],[-122.353421,47.497679],[-122.353612,47.497867],[-122.354852,47.498875],[-122.355109,47.499249],[-122.355193,47.499577]]],"type":"Polygon"},"properties":{"tract_name":"Census Tract 268.02, King, WA","geoid":"14000US53033026802","ses_index":51,"access_index":9,"kids_per_pitch":480,"median_income":85284,"poverty_rate":9.62,"kids_5_17":959,"facility_count":2,"nearest_facility_km":0.513,"data_year":"ACS 2023 5-year"},"type":"Feature"},{"geometry":{"coordinates":[[[-122.333782,47.492462],[-122.333654,47.503154],[-122.328039,47.503097],[-122.327941,47.502844],[-122.327825,47.502742],[-122.326864,47.502049],[-122.326676,47.501945],[-122.32649,47.501921],[-122.326441,47.502219],[-122.326254,47.502417],[-122.325802,47.502665],[-122.32552,47.502715],[-122.324035,47.50275],[-122.323148,47.503049],[-122.317081,47.503004],[-122.316341,47.502902],[-122.315848,47.502784],[-122.315269,47.502577],[-122.314972,47.502421],[-122.314486,47.5021],[-122.314087,47.50173],[-122.313756,47.501255],[-122.31075,47.49605],[-122.310553,47.495867],[-122.310438,47.495819],[-122.310442,47.495469],[-122.310122,47.493921],[-122.309914,47.492179],[-122.325872,47.492193],[-122.32808,47.491332],[-122.328761,47.491181],[-122.329063,47.491194],[-122.329308,47.491258],[-122.331025,47.492083],[-122.331488,47.492162],[-122.333786,47.492145],[-122.333782,47.492462]]],"type":"Polygon"},"properties":{"tract_name":"Census Tract 270, King, WA","geoid":"14000US53033027000","ses_index":64,"access_index":9,"kids_per_pitch":516,"median_income":113611,"poverty_rate":2.25,"kids_5_17":516,"facility_count":1,"nearest_facility_km":0.563,"data_year":"ACS 2023 5-year"},"type":"Feature"},{"geometry":{"coordinates":[[[-122.31158,47.488569],[-122.310038,47.491438],[-122.309932,47.491805],[-122.309914,47.492179],[-122.310122,47.493921],[-122.310442,47.495469],[-122.310438,47.495819],[-122.306044,47.495761],[-122.304738,47.495634],[-122.302308,47.495639],[-122.302964,47.49606],[-122.303364,47.496378],[-122.303684,47.496694],[-122.304078,47.497211],[-122.304435,47.498005],[-122.304637,47.499293],[-122.30245,47.49931],[-122.302068,47.499464],[-122.301505,47.500015],[-122.301075,47.500176],[-122.2997,47.500057],[-122.299329,47.500001],[-122.299085,47.49988],[-122.297651,47.49903],[-122.297516,47.498926],[-122.296857,47.497936],[-122.296594,47.497738],[-122.296168,47.497643],[-122.295273,47.497638],[-122.295054,47.49674],[-122.294715,47.495929],[-122.293125,47.49361],[-122.292496,47.492384],[-122.292156,47.491219],[-122.291575,47.489546],[-122.291156,47.488795],[-122.290821,47.488331],[-122.29037,47.487878],[-122.289241,47.486992],[-122.289193,47.486896],[-122.287619,47.48561],[-122.288426,47.4853],[-122.290376,47.484678],[-122.291083,47.484314],[-122.29175,47.484251],[-122.295656,47.484204],[-122.296371,47.486497],[-122.297234,47.48873],[-122.31158,47.488569]]],"type":"Polygon"},"properties":{"tract_name":"Census Tract 271, King, WA","geoid":"14000US53033027100","ses_index":38,"access_index":1,"kids_per_pitch":1016,"median_income":72386,"poverty_rate":25.11,"kids_5_17":508,"facility_count":0,"nearest_facility_km":1.011,"data_year":"ACS 2023 5-year"},"type":"Feature"},{"geometry":{"coordinates":[[[-122.29528,47.497969],[-122.29522,47.498494],[-122.294983,47.499327],[-122.294562,47.500214],[-122.294199,47.50016],[-122.29334,47.500271],[-122.292789,47.500265],[-122.291252,47.500527],[-122.289665,47.500535],[-122.288317,47.500722],[-122.287788,47.500637],[-122.286404,47.500606],[-122.285912,47.500476],[-122.285282,47.500411],[-122.284977,47.50047],[-122.283369,47.500294],[-122.282565,47.500338],[-122.281985,47.500262],[-122.281384,47.500003],[-122.281182,47.499779],[-122.281046,47.499316],[-122.281142,47.498357],[-122.281244,47.498073],[-122.281201,47.497969],[-122.281274,47.497879],[-122.281231,47.497775],[-122.281325,47.497606],[-122.281283,47.497238],[-122.281355,47.497148],[-122.281283,47.496974],[-122.281364,47.49677],[-122.281256,47.496377],[-122.281172,47.495377],[-122.280849,47.494198],[-122.280851,47.493408],[-122.280721,47.493094],[-122.280794,47.493005],[-122.280729,47.492716],[-122.280911,47.492493],[-122.280644,47.49198],[-122.28056,47.49098],[-122.280192,47.490224],[-122.279722,47.490014],[-122.279338,47.490014],[-122.278577,47.490162],[-122.278025,47.49042],[-122.276437,47.490955],[-122.274371,47.491395],[-122.27335,47.491444],[-122.272691,47.491309],[-122.271648,47.49091],[-122.27141,47.49073],[-122.271222,47.490541],[-122.271035,47.490088],[-122.271057,47.489745],[-122.270741,47.488979],[-122.270075,47.488694],[-122.269249,47.488818],[-122.268647,47.489085],[-122.267835,47.489244],[-122.266792,47.489108],[-122.266075,47.488833],[-122.265663,47.4885],[-122.265321,47.48809],[-122.265433,47.487967],[-122.265931,47.487496],[-122.271371,47.483231],[-122.272216,47.482236],[-122.272426,47.481892],[-122.272676,47.481242],[-122.272815,47.480364],[-122.272553,47.479236],[-122.270092,47.474813],[-122.26974,47.474052],[-122.284393,47.474228],[-122.283997,47.474955],[-122.283641,47.476022],[-122.283612,47.476762],[-122.28369,47.47731],[-122.283876,47.477947],[-122.286207,47.483551],[-122.286688,47.484464],[-122.287619,47.48561],[-122.29037,47.487878],[-122.290821,47.488331],[-122.291409,47.489194],[-122.292156,47.491219],[-122.292496,47.492384],[-122.292699,47.492809],[-122.293125,47.49361],[-122.294715,47.495929],[-122.29517,47.497097],[-122.29528,47.497969]]],"type":"Polygon"},"properties":{"tract_name":"Census Tract 272, King, WA","geoid":"14000US53033027200","ses_index":48,"access_index":1,"kids_per_pitch":714,"median_income":79871,"poverty_rate":12.86,"kids_5_17":357,"facility_count":0,"nearest_facility_km":1.657,"data_year":"ACS 2023 5-year"},"type":"Feature"},{"geometry":{"coordinates":[[[-122.315404,47.474159],[-122.313466,47.484647],[-122.31302,47.485858],[-122.31158,47.488569],[-122.297234,47.48873],[-122.296371,47.486497],[-122.295656,47.484204],[-122.29175,47.484251],[-122.291083,47.484314],[-122.290376,47.484678],[-122.287619,47.48561],[-122.286688,47.484464],[-122.286207,47.483551],[-122.283876,47.477947],[-122.283629,47.476971],[-122.283641,47.476022],[-122.283806,47.475473],[-122.283997,47.474955],[-122.285295,47.472434],[-122.291379,47.472511],[-122.312716,47.472325],[-122.312921,47.472344],[-122.312896,47.474133],[-122.315404,47.474159]]],"type":"Polygon"},"properties":{"tract_name":"Census Tract 273, King, WA","geoid":"14000US53033027300","ses_index":52,"access_index":18,"kids_per_pitch":245,"median_income":110147,"poverty_rate":17.95,"kids_5_17":981,"facility_count":4,"nearest_facility_km":0.258,"data_year":"ACS 2023 5-year"},"type":"Feature"},{"geometry":{"coordinates":[[[-122.333843,47.474125],[-122.333786,47.492145],[-122.331291,47.492148],[-122.330864,47.492024],[-122.329308,47.491258],[-122.328761,47.491181],[-122.32808,47.491332],[-122.325872,47.492193],[-122.309914,47.492179],[-122.309932,47.491805],[-122.310038,47.491438],[-122.31302,47.485858],[-122.313385,47.484947],[-122.315404,47.474159],[-122.316612,47.474136],[-122.3167,47.474022],[-122.316756,47.473598],[-122.317015,47.473276],[-122.31726,47.473121],[-122.31809,47.472788],[-122.318511,47.47251],[-122.319086,47.47237],[-122.326875,47.472378],[-122.333854,47.472294],[-122.333843,47.474125]]],"type":"Polygon"},"properties":{"tract_name":"Census Tract 274, King, WA","geoid":"14000US53033027400","ses_index":54,"access_index":2,"kids_per_pitch":1598,"median_income":94617,"poverty_rate":8.58,"kids_5_17":799,"facility_count":0,"nearest_facility_km":0.764,"data_year":"ACS 2023 5-year"},"type":"Feature"},{"geometry":{"coordinates":[[[-122.349993,47.48843],[-122.349978,47.490241],[-122.34451,47.490332],[-122.339627,47.490302],[-122.339165,47.490357],[-122.338342,47.49055],[-122.334913,47.49058],[-122.333805,47.490526],[-122.333854,47.472294],[-122.339178,47.472277],[-122.347178,47.472178],[-122.348602,47.483867],[-122.34989,47.487252],[-122.349988,47.487678],[-122.349993,47.48843]]],"type":"Polygon"},"properties":{"tract_name":"Census Tract 275, King, WA","geoid":"14000US53033027500","ses_index":47,"access_index":1,"kids_per_pitch":1836,"median_income":78926,"poverty_rate":13.44,"kids_5_17":918,"facility_count":0,"nearest_facility_km":1.599,"data_year":"ACS 2023 5-year"},"type":"Feature"},{"geometry":{"coordinates":[[[-122.3737,47.4598],[-122.372786,47.460244],[-122.373408,47.463275],[-122.373159,47.465802],[-122.374156,47.468413],[-122.373035,47.471951],[-122.370916,47.475319],[-122.368647,47.478547],[-122.366306,47.481635],[-122.368923,47.485847],[-122.37141,47.487839],[-122.365236,47.48842],[-122.3643,47.48883],[-122.363896,47.489196],[-122.362167,47.489725],[-122.358793,47.49022],[-122.358236,47.49022],[-122.356236,47.488221],[-122.355856,47.487319],[-122.352623,47.487434],[-122.352627,47.488388],[-122.349993,47.48843],[-122.349988,47.487678],[-122.34989,47.487252],[-122.348602,47.483867],[-122.347178,47.472178],[-122.351164,47.472155],[-122.352601,47.472248],[-122.352592,47.473308],[-122.358377,47.471436],[-122.358995,47.471341],[-122.360648,47.471347],[-122.360793,47.466736],[-122.362664,47.466696],[-122.362965,47.466513],[-122.363388,47.465936],[-122.363722,47.46542],[-122.363793,47.465085],[-122.363499,47.464405],[-122.363536,47.46363],[-122.363268,47.463217],[-122.363305,47.463109],[-122.363593,47.463081],[-122.364813,47.463514],[-122.366177,47.463657],[-122.366815,47.463639],[-122.367163,47.463389],[-122.367178,47.463093],[-122.366643,47.461545],[-122.366644,47.459929],[-122.366959,47.459086],[-122.367042,47.4582],[-122.367212,47.45787],[-122.367493,47.457588],[-122.367966,47.457301],[-122.368868,47.456997],[-122.369548,47.457083],[-122.370179,47.457436],[-122.370956,47.457508],[-122.378823,47.457317],[-122.3737,47.4598]]],"type":"Polygon"},"properties":{"tract_name":"Census Tract 276, King, WA","geoid":"14000US53033027600","ses_index":52,"access_index":0,"kids_per_pitch":1130,"median_income":93649,"poverty_rate":12.39,"kids_5_17":565,"facility_count":0,"nearest_facility_km":2.875,"data_year":"ACS 2023 5-year"},"type":"Feature"},{"geometry":{"coordinates":[[[-122.524885,47.409153],[-122.521744,47.413143],[-122.518632,47.415754],[-122.51888,47.419038],[-122.516888,47.422911],[-122.517014,47.427376],[-122.516017,47.431671],[-122.518017,47.437358],[-122.518632,47.44144],[-122.517386,47.444388],[-122.518133,47.448176],[-122.51664,47.451967],[-122.515897,47.456949],[-122.511804,47.464136],[-122.507442,47.465989],[-122.506196,47.469273],[-122.502707,47.4718],[-122.502458,47.476348],[-122.501063,47.478852],[-122.491246,47.482958],[-122.485512,47.484558],[-122.485013,47.488348],[-122.483891,47.492896],[-122.483143,47.498538],[-122.481648,47.504097],[-122.4809,47.509318],[-122.480266,47.512112],[-122.478999,47.514006],[-122.468279,47.514135],[-122.451102,47.507604],[-122.44799,47.504097],[-122.449609,47.499633],[-122.453382,47.497131],[-122.455766,47.494731],[-122.455143,47.492372],[-122.45564,47.489593],[-122.454769,47.486983],[-122.444552,47.481592],[-122.441935,47.476035],[-122.439817,47.474519],[-122.430723,47.469634],[-122.429351,47.466854],[-122.42985,47.463655],[-122.432217,47.461129],[-122.438199,47.453464],[-122.435818,47.44963],[-122.434319,47.441549],[-122.435439,47.437591],[-122.433572,47.433717],[-122.430459,47.429674],[-122.426226,47.426136],[-122.425479,47.421842],[-122.425727,47.417705],[-122.445982,47.417558],[-122.446703,47.418076],[-122.446805,47.419492],[-122.447636,47.42082],[-122.449355,47.421088],[-122.450978,47.421972],[-122.476115,47.421885],[-122.476524,47.421526],[-122.476326,47.411923],[-122.476479,47.407544],[-122.476675,47.407357],[-122.517595,47.407451],[-122.51786,47.407322],[-122.517916,47.406774],[-122.517923,47.406247],[-122.517492,47.405851],[-122.517622,47.405682],[-122.521041,47.405549],[-122.522319,47.405212],[-122.52658,47.405127],[-122.524885,47.409153]]],"type":"Polygon"},"properties":{"tract_name":"Census Tract 277.01, King, WA","geoid":"14000US53033027701","ses_index":53,"access_index":20,"kids_per_pitch":167,"median_income":108101,"poverty_rate":15.42,"kids_5_17":667,"facility_count":4,"nearest_facility_km":1.63,"data_year":"ACS 2023 5-year"},"type":"Feature"},{"geometry":{"coordinates":[[[-122.531795,47.352718],[-122.530676,47.356338],[-122.529318,47.362782],[-122.527451,47.366656],[-122.524924,47.370033],[-122.521254,47.370869],[-122.519656,47.374823],[-122.520252,47.378718],[-122.524716,47.382404],[-122.528446,47.387204],[-122.531059,47.391667],[-122.531557,47.396805],[-122.530436,47.401436],[-122.527575,47.403374],[-122.52658,47.405127],[-122.517622,47.405682],[-122.517916,47.406774],[-122.517595,47.407451],[-122.476603,47.407384],[-122.476326,47.411923],[-122.476524,47.421526],[-122.476115,47.421885],[-122.450978,47.421972],[-122.449355,47.421088],[-122.447636,47.42082],[-122.446805,47.419492],[-122.446703,47.418076],[-122.445982,47.417558],[-122.432437,47.417678],[-122.434304,47.415905],[-122.433183,47.412451],[-122.433431,47.409251],[-122.429112,47.40708],[-122.423352,47.405715],[-122.417752,47.404956],[-122.405887,47.404466],[-122.394105,47.403441],[-122.384025,47.398725],[-122.379296,47.395946],[-122.374567,47.393756],[-122.370295,47.391171],[-122.369966,47.387223],[-122.372036,47.383617],[-122.379429,47.380813],[-122.386527,47.380513],[-122.390813,47.37851],[-122.398799,47.378208],[-122.402198,47.375205],[-122.415357,47.371499],[-122.41802,47.368695],[-122.422307,47.366892],[-122.428369,47.365891],[-122.431326,47.363487],[-122.435318,47.362185],[-122.440494,47.358179],[-122.441084,47.354974],[-122.444781,47.352771],[-122.445816,47.349666],[-122.448625,47.345159],[-122.45043,47.340145],[-122.458088,47.338449],[-122.465804,47.339472],[-122.470513,47.340448],[-122.47481,47.342381],[-122.483531,47.338554],[-122.483996,47.331914],[-122.488658,47.328067],[-122.494318,47.325896],[-122.502836,47.326274],[-122.508933,47.327892],[-122.516135,47.328548],[-122.520982,47.329558],[-122.522971,47.3313],[-122.52645,47.335117],[-122.52931,47.339412],[-122.531546,47.343622],[-122.531795,47.352718]]],"type":"Polygon"},"properties":{"tract_name":"Census Tract 277.02, King, WA","geoid":"14000US53033027702","ses_index":65,"access_index":0,"kids_per_pitch":1260,"median_income":130625,"poverty_rate":6.44,"kids_5_17":630,"facility_count":0,"nearest_facility_km":5.401,"data_year":"ACS 2023 5-year"},"type":"Feature"},{"geometry":{"coordinates":[[[-122.387382,47.451739],[-122.384145,47.454603],[-122.378823,47.457317],[-122.370956,47.457508],[-122.370179,47.457436],[-122.369548,47.457083],[-122.368868,47.456997],[-122.367745,47.457413],[-122.367212,47.45787],[-122.367042,47.4582],[-122.366959,47.459086],[-122.366644,47.459929],[-122.366643,47.461545],[-122.367178,47.463093],[-122.367163,47.463389],[-122.366815,47.463639],[-122.366177,47.463657],[-122.364813,47.463514],[-122.36421,47.463352],[-122.363593,47.463081],[-122.363305,47.463109],[-122.363268,47.463217],[-122.363536,47.46363],[-122.363484,47.464334],[-122.363775,47.464949],[-122.363763,47.465296],[-122.362965,47.466513],[-122.362503,47.466734],[-122.360615,47.466736],[-122.360604,47.462372],[-122.360261,47.46196],[-122.360218,47.461765],[-122.360557,47.460948],[-122.360538,47.455964],[-122.355417,47.455924],[-122.347272,47.456044],[-122.347451,47.45507],[-122.347324,47.454177],[-122.347341,47.452053],[-122.349214,47.451114],[-122.349469,47.450868],[-122.350163,47.449888],[-122.351103,47.449151],[-122.35165,47.448946],[-122.352906,47.44877],[-122.356139,47.447626],[-122.358839,47.445702],[-122.359115,47.445577],[-122.359307,47.445601],[-122.359486,47.445457],[-122.359481,47.445284],[-122.359346,47.445163],[-122.377084,47.445258],[-122.38315,47.446349],[-122.38651,47.447865],[-122.387382,47.451739]]],"type":"Polygon"},"properties":{"tract_name":"Census Tract 278, King, WA","geoid":"14000US53033027800","ses_index":75,"access_index":0,"kids_per_pitch":754,"median_income":163182,"poverty_rate":3.53,"kids_5_17":377,"facility_count":0,"nearest_facility_km":2.893,"data_year":"ACS 2023 5-year"},"type":"Feature"},{"geometry":{"coordinates":[[[-122.360742,47.468067],[-122.360648,47.471347],[-122.358995,47.471341],[-122.358377,47.471436],[-122.352592,47.473308],[-122.352658,47.466707],[-122.345032,47.46678],[-122.344523,47.465857],[-122.344535,47.459756],[-122.339234,47.459719],[-122.33925,47.459555],[-122.341193,47.457035],[-122.342044,47.456111],[-122.34591,47.452815],[-122.346401,47.452508],[-122.347341,47.452053],[-122.347371,47.452737],[-122.347324,47.454177],[-122.347451,47.45507],[-122.347272,47.456044],[-122.355417,47.455924],[-122.360538,47.455964],[-122.360557,47.460948],[-122.360218,47.461765],[-122.360261,47.46196],[-122.360545,47.462249],[-122.360604,47.462372],[-122.360615,47.466736],[-122.360793,47.466736],[-122.360742,47.468067]]],"type":"Polygon"},"properties":{"tract_name":"Census Tract 279.01, King, WA","geoid":"14000US53033027901","ses_index":66,"access_index":1,"kids_per_pitch":1050,"median_income":140000,"poverty_rate":9.18,"kids_5_17":525,"facility_count":0,"nearest_facility_km":1.951,"data_year":"ACS 2023 5-year"},"type":"Feature"},{"geometry":{"coordinates":[[[-122.352653,47.467142],[-122.352601,47.472248],[-122.351164,47.472155],[-122.349898,47.472144],[-122.339178,47.472277],[-122.333854,47.472294],[-122.333943,47.459679],[-122.344535,47.459756],[-122.344523,47.465857],[-122.345032,47.46678],[-122.352658,47.466707],[-122.352653,47.467142]]],"type":"Polygon"},"properties":{"tract_name":"Census Tract 279.02, King, WA","geoid":"14000US53033027902","ses_index":39,"access_index":1,"kids_per_pitch":352,"median_income":73393,"poverty_rate":23.69,"kids_5_17":176,"facility_count":0,"nearest_facility_km":1.508,"data_year":"ACS 2023 5-year"},"type":"Feature"},{"geometry":{"coordinates":[[[-122.333934,47.460712],[-122.333854,47.472294],[-122.326875,47.472378],[-122.319086,47.47237],[-122.318746,47.472422],[-122.318511,47.47251],[-122.31809,47.472788],[-122.31726,47.473121],[-122.317015,47.473276],[-122.316756,47.473598],[-122.3167,47.474022],[-122.316612,47.474136],[-122.316443,47.474169],[-122.312896,47.474133],[-122.312965,47.470857],[-122.312939,47.470727],[-122.312384,47.470094],[-122.313135,47.469718],[-122.31284,47.468587],[-122.312929,47.468502],[-122.312988,47.467784],[-122.312931,47.46734],[-122.312951,47.466826],[-122.315455,47.466872],[-122.317808,47.467019],[-122.3187,47.466925],[-122.319395,47.466716],[-122.31823,47.461433],[-122.318238,47.459628],[-122.333943,47.459679],[-122.333934,47.460712]]],"type":"Polygon"},"properties":{"tract_name":"Census Tract 280, King, WA","geoid":"14000US53033028000","ses_index":47,"access_index":21,"kids_per_pitch":167,"median_income":85482,"poverty_rate":16.65,"kids_5_17":501,"facility_count":3,"nearest_facility_km":0.722,"data_year":"ACS 2023 5-year"},"type":"Feature"},{"geometry":{"coordinates":[[[-122.313135,47.469718],[-122.312384,47.470094],[-122.312939,47.470727],[-122.312965,47.470857],[-122.312921,47.472344],[-122.291379,47.472511],[-122.285295,47.472434],[-122.288108,47.466962],[-122.28795,47.466961],[-122.289725,47.463443],[-122.291,47.463502],[-122.294167,47.463528],[-122.295284,47.463632],[-122.296502,47.463874],[-122.297633,47.464243],[-122.299585,47.465129],[-122.302426,47.465122],[-122.304026,47.465205],[-122.304556,47.465273],[-122.305093,47.465414],[-122.30534,47.465553],[-122.305889,47.466158],[-122.306197,47.466363],[-122.306858,47.466701],[-122.307196,47.466774],[-122.312951,47.466826],[-122.312931,47.46734],[-122.312988,47.467784],[-122.312929,47.468502],[-122.31284,47.468587],[-122.313135,47.469718]]],"type":"Polygon"},"properties":{"tract_name":"Census Tract 281, King, WA","geoid":"14000US53033028100","ses_index":48,"access_index":1,"kids_per_pitch":1156,"median_income":68284,"poverty_rate":7.26,"kids_5_17":578,"facility_count":0,"nearest_facility_km":1.297,"data_year":"ACS 2023 5-year"},"type":"Feature"},{"geometry":{"coordinates":[[[-122.291581,47.459652],[-122.290014,47.462918],[-122.28795,47.466961],[-122.288108,47.466962],[-122.284393,47.474228],[-122.26974,47.474052],[-122.26917,47.472436],[-122.268986,47.471561],[-122.267925,47.467726],[-122.267225,47.465794],[-122.266733,47.464893],[-122.26647,47.464512],[-122.264385,47.461882],[-122.264161,47.461532],[-122.26397,47.4611],[-122.26387,47.460573],[-122.263952,47.456696],[-122.264011,47.456265],[-122.265257,47.456754],[-122.267001,47.456774],[-122.267427,47.456885],[-122.267733,47.457114],[-122.267869,47.457316],[-122.267938,47.457527],[-122.267935,47.457685],[-122.267689,47.458376],[-122.268869,47.458652],[-122.270429,47.459488],[-122.270729,47.459594],[-122.285652,47.45965],[-122.285857,47.459604],[-122.28604,47.459495],[-122.286734,47.459637],[-122.291581,47.459652]]],"type":"Polygon"},"properties":{"tract_name":"Census Tract 282, King, WA","geoid":"14000US53033028200","ses_index":45,"access_index":1,"kids_per_pitch":1458,"median_income":68702,"poverty_rate":12.05,"kids_5_17":729,"facility_count":0,"nearest_facility_km":1.843,"data_year":"ACS 2023 5-year"},"type":"Feature"},{"geometry":{"coordinates":[[[-122.292046,47.408771],[-122.289932,47.416514],[-122.289078,47.418231],[-122.288168,47.419499],[-122.286856,47.420885],[-122.285188,47.422203],[-122.277053,47.427915],[-122.272712,47.43069],[-122.271198,47.432324],[-122.270584,47.433414],[-122.270268,47.434315],[-122.2711,47.434481],[-122.271266,47.437394],[-122.272468,47.44087],[-122.27419,47.44321],[-122.275884,47.446978],[-122.280149,47.453202],[-122.28124,47.456275],[-122.28604,47.459495],[-122.285951,47.459561],[-122.285652,47.45965],[-122.270729,47.459594],[-122.268869,47.458652],[-122.267689,47.458376],[-122.267938,47.457527],[-122.267733,47.457114],[-122.267427,47.456885],[-122.267001,47.456774],[-122.265257,47.456754],[-122.264011,47.456265],[-122.264732,47.45366],[-122.267347,47.446971],[-122.268169,47.443836],[-122.263497,47.4424],[-122.262988,47.442119],[-122.262746,47.44162],[-122.262385,47.441443],[-122.253326,47.441306],[-122.251816,47.441798],[-122.251226,47.441853],[-122.250625,47.441755],[-122.249331,47.441267],[-122.245629,47.441233],[-122.245346,47.43992],[-122.245384,47.439411],[-122.245871,47.438657],[-122.246973,47.437903],[-122.247403,47.437355],[-122.24926,47.430596],[-122.249396,47.426702],[-122.257102,47.426736],[-122.260589,47.426625],[-122.262029,47.426024],[-122.264082,47.423791],[-122.265335,47.423069],[-122.265154,47.42256],[-122.265275,47.421793],[-122.265739,47.42107],[-122.266845,47.420039],[-122.267268,47.419397],[-122.268025,47.417671],[-122.268208,47.416921],[-122.267898,47.416304],[-122.266091,47.41564],[-122.265347,47.415033],[-122.264894,47.414067],[-122.264715,47.413237],[-122.264795,47.412626],[-122.265177,47.411303],[-122.265764,47.410737],[-122.268751,47.408951],[-122.269663,47.408079],[-122.270819,47.40846],[-122.280512,47.40829],[-122.281374,47.408385],[-122.28187,47.408226],[-122.283147,47.407249],[-122.284027,47.407158],[-122.284748,47.407527],[-122.286258,47.409777],[-122.286883,47.411325],[-122.287226,47.411467],[-122.287577,47.411251],[-122.288948,47.408256],[-122.292183,47.408186],[-122.292046,47.408771]]],"type":"Polygon"},"properties":{"tract_name":"Census Tract 283, King, WA","geoid":"14000US53033028300","ses_index":62,"access_index":2,"kids_per_pitch":1434,"median_income":115700,"poverty_rate":5.43,"kids_5_17":717,"facility_count":0,"nearest_facility_km":0.752,"data_year":"ACS 2023 5-year"},"type":"Feature"},{"geometry":{"coordinates":[[[-122.328959,47.443562],[-122.328272,47.444471],[-122.32805,47.44518],[-122.318732,47.44519],[-122.318408,47.445359],[-122.31823,47.461433],[-122.319395,47.466716],[-122.3187,47.466925],[-122.317808,47.467019],[-122.314288,47.466835],[-122.307196,47.466774],[-122.306197,47.466363],[-122.30534,47.465553],[-122.304556,47.465273],[-122.302426,47.465122],[-122.299585,47.465129],[-122.297633,47.464243],[-122.296502,47.463874],[-122.295284,47.463632],[-122.294167,47.463528],[-122.289725,47.463443],[-122.291581,47.459652],[-122.286734,47.459637],[-122.28604,47.459495],[-122.285634,47.459307],[-122.28124,47.456275],[-122.280149,47.453202],[-122.275884,47.446978],[-122.275035,47.445195],[-122.296143,47.445286],[-122.295374,47.434532],[-122.313698,47.434651],[-122.314509,47.434778],[-122.315131,47.435019],[-122.328092,47.442067],[-122.328718,47.442688],[-122.328959,47.443562]]],"type":"Polygon"},"properties":{"tract_name":"Census Tract 284.02, King, WA","geoid":"14000US53033028402","ses_index":53,"access_index":1,"kids_per_pitch":1928,"median_income":82256,"poverty_rate":6.63,"kids_5_17":964,"facility_count":0,"nearest_facility_km":1.902,"data_year":"ACS 2023 5-year"},"type":"Feature"},{"geometry":{"coordinates":[[[-122.296143,47.445286],[-122.282773,47.445194],[-122.275035,47.445195],[-122.27452,47.443895],[-122.27419,47.44321],[-122.273655,47.442412],[-122.2726,47.441114],[-122.272468,47.44087],[-122.272201,47.440147],[-122.271391,47.437863],[-122.271266,47.437394],[-122.271152,47.436566],[-122.2711,47.434481],[-122.271383,47.434388],[-122.271681,47.434353],[-122.274614,47.434369],[-122.275201,47.434321],[-122.295374,47.434532],[-122.295786,47.439642],[-122.295899,47.442188],[-122.296143,47.445286]]],"type":"Polygon"},"properties":{"tract_name":"Census Tract 284.03, King, WA","geoid":"14000US53033028403","ses_index":44,"access_index":18,"kids_per_pitch":246,"median_income":61188,"poverty_rate":11.9,"kids_5_17":982,"facility_count":4,"nearest_facility_km":0.303,"data_year":"ACS 2023 5-year"},"type":"Feature"},{"geometry":{"coordinates":[[[-122.335788,47.431552],[-122.333961,47.445243],[-122.33388,47.457167],[-122.333943,47.459679],[-122.318238,47.459628],[-122.318408,47.445359],[-122.318732,47.44519],[-122.32805,47.44518],[-122.328272,47.444471],[-122.328959,47.443562],[-122.328718,47.442688],[-122.328448,47.442356],[-122.328092,47.442067],[-122.315131,47.435019],[-122.314509,47.434778],[-122.313823,47.434658],[-122.314205,47.431292],[-122.314459,47.431146],[-122.314688,47.431137],[-122.335804,47.431269],[-122.335788,47.431552]]],"type":"Polygon"},"properties":{"tract_name":"Census Tract 285, King, WA","geoid":"14000US53033028500","ses_index":54,"access_index":13,"kids_per_pitch":340,"median_income":98478,"poverty_rate":10.07,"kids_5_17":679,"facility_count":2,"nearest_facility_km":0.438,"data_year":"ACS 2023 5-year"},"type":"Feature"},{"geometry":{"coordinates":[[[-122.37537,47.445253],[-122.359346,47.445163],[-122.359486,47.445457],[-122.359307,47.445601],[-122.358839,47.445702],[-122.356139,47.447626],[-122.352906,47.44877],[-122.35165,47.448946],[-122.351103,47.449151],[-122.350163,47.449888],[-122.349469,47.450868],[-122.349117,47.451184],[-122.34591,47.452815],[-122.341684,47.456463],[-122.33925,47.459555],[-122.339234,47.459719],[-122.333943,47.459679],[-122.333961,47.445243],[-122.335804,47.431269],[-122.335204,47.423094],[-122.335252,47.416043],[-122.33447,47.411579],[-122.334215,47.411111],[-122.333255,47.410256],[-122.332782,47.40858],[-122.332239,47.408163],[-122.331428,47.40799],[-122.329108,47.408474],[-122.329082,47.407086],[-122.333081,47.406941],[-122.340833,47.406927],[-122.347435,47.410684],[-122.351294,47.413209],[-122.35341,47.417589],[-122.355773,47.426685],[-122.356893,47.432749],[-122.358139,47.437718],[-122.360702,47.440079],[-122.368209,47.443738],[-122.377084,47.445258],[-122.37537,47.445253]]],"type":"Polygon"},"properties":{"tract_name":"Census Tract 286, King, WA","geoid":"14000US53033028600","ses_index":73,"access_index":1,"kids_per_pitch":1862,"median_income":158482,"poverty_rate":5.58,"kids_5_17":931,"facility_count":0,"nearest_facility_km":1.525,"data_year":"ACS 2023 5-year"},"type":"Feature"},{"geometry":{"coordinates":[[[-122.335804,47.431269],[-122.318285,47.431182],[-122.318208,47.431038],[-122.318179,47.430413],[-122.318308,47.427916],[-122.318395,47.427337],[-122.318519,47.42695],[-122.319779,47.423998],[-122.320269,47.421974],[-122.320296,47.421629],[-122.32017,47.416803],[-122.32022,47.416175],[-122.320356,47.415752],[-122.320804,47.415043],[-122.321497,47.414424],[-122.324421,47.412484],[-122.325579,47.41199],[-122.326159,47.41158],[-122.326293,47.411242],[-122.326321,47.410572],[-122.326732,47.40943],[-122.326915,47.408541],[-122.327603,47.408571],[-122.329108,47.408474],[-122.331239,47.407995],[-122.331852,47.408038],[-122.332239,47.408163],[-122.332601,47.408387],[-122.332873,47.40873],[-122.33315,47.410015],[-122.33331,47.41034],[-122.333522,47.410574],[-122.3341,47.410991],[-122.334412,47.411416],[-122.334581,47.412167],[-122.335252,47.416043],[-122.335268,47.420183],[-122.335204,47.423094],[-122.335804,47.431269]]],"type":"Polygon"},"properties":{"tract_name":"Census Tract 287, King, WA","geoid":"14000US53033028700","ses_index":68,"access_index":6,"kids_per_pitch":954,"median_income":132207,"poverty_rate":2.82,"kids_5_17":954,"facility_count":1,"nearest_facility_km":0.568,"data_year":"ACS 2023 5-year"},"type":"Feature"},{"geometry":{"coordinates":[[[-122.326853,47.408917],[-122.326321,47.410572],[-122.326293,47.411242],[-122.326159,47.41158],[-122.325579,47.41199],[-122.324421,47.412484],[-122.321497,47.414424],[-122.320804,47.415043],[-122.320356,47.415752],[-122.32022,47.416175],[-122.32017,47.416803],[-122.320269,47.421974],[-122.319779,47.423998],[-122.318395,47.427337],[-122.318308,47.427916],[-122.318179,47.430413],[-122.318172,47.430885],[-122.318285,47.431182],[-122.314688,47.431137],[-122.31428,47.431218],[-122.314188,47.431329],[-122.313823,47.434658],[-122.295374,47.434532],[-122.295201,47.431457],[-122.295392,47.429273],[-122.297668,47.411786],[-122.297829,47.411796],[-122.298321,47.408234],[-122.324283,47.408471],[-122.324657,47.408425],[-122.324776,47.408337],[-122.324861,47.408136],[-122.324881,47.407772],[-122.325132,47.407501],[-122.326243,47.408312],[-122.326915,47.408541],[-122.326853,47.408917]]],"type":"Polygon"},"properties":{"tract_name":"Census Tract 288.01, King, WA","geoid":"14000US53033028801","ses_index":50,"access_index":2,"kids_per_pitch":614,"median_income":71682,"poverty_rate":6.06,"kids_5_17":307,"facility_count":0,"nearest_facility_km":0.878,"data_year":"ACS 2023 5-year"},"type":"Feature"},{"geometry":{"coordinates":[[[-122.298306,47.40839],[-122.297829,47.411796],[-122.297668,47.411786],[-122.295392,47.429273],[-122.295201,47.431457],[-122.295374,47.434532],[-122.275201,47.434321],[-122.274614,47.434369],[-122.271681,47.434353],[-122.2711,47.434481],[-122.270697,47.434317],[-122.270268,47.434315],[-122.270584,47.433414],[-122.271198,47.432324],[-122.271762,47.431599],[-122.272712,47.43069],[-122.273936,47.429831],[-122.277053,47.427915],[-122.285188,47.422203],[-122.286856,47.420885],[-122.287685,47.420065],[-122.288168,47.419499],[-122.289078,47.418231],[-122.28952,47.417446],[-122.289932,47.416514],[-122.290651,47.414032],[-122.292183,47.408186],[-122.298321,47.408234],[-122.298306,47.40839]]],"type":"Polygon"},"properties":{"tract_name":"Census Tract 288.02, King, WA","geoid":"14000US53033028802","ses_index":41,"access_index":1,"kids_per_pitch":3476,"median_income":59208,"poverty_rate":14.68,"kids_5_17":1738,"facility_count":0,"nearest_facility_km":1.516,"data_year":"ACS 2023 5-year"},"type":"Feature"},{"geometry":{"coordinates":[[[-122.340833,47.406927],[-122.333081,47.406941],[-122.329213,47.407026],[-122.329047,47.407132],[-122.329108,47.408474],[-122.327603,47.408571],[-122.327058,47.40857],[-122.326483,47.408431],[-122.325757,47.407991],[-122.325132,47.407501],[-122.324881,47.407772],[-122.324861,47.408136],[-122.324776,47.408337],[-122.324657,47.408425],[-122.324283,47.408471],[-122.302515,47.408261],[-122.302503,47.402034],[-122.31308,47.402162],[-122.313177,47.400211],[-122.313199,47.393462],[-122.314328,47.394358],[-122.315112,47.39465],[-122.315926,47.394726],[-122.318432,47.394572],[-122.319027,47.394652],[-122.319393,47.394822],[-122.322213,47.396636],[-122.322672,47.396795],[-122.323834,47.397045],[-122.324054,47.397193],[-122.324269,47.397457],[-122.324356,47.397923],[-122.332137,47.397852],[-122.33589,47.403215],[-122.340833,47.406927]]],"type":"Polygon"},"properties":{"tract_name":"Census Tract 289.01, King, WA","geoid":"14000US53033028901","ses_index":51,"access_index":30,"kids_per_pitch":127,"median_income":86140,"poverty_rate":10.52,"kids_5_17":507,"facility_count":4,"nearest_facility_km":0.308,"data_year":"ACS 2023 5-year"},"type":"Feature"},{"geometry":{"coordinates":[[[-122.313202,47.39358],[-122.313177,47.400211],[-122.31308,47.402162],[-122.302503,47.402034],[-122.302515,47.408261],[-122.292183,47.408186],[-122.292436,47.40687],[-122.292612,47.405284],[-122.292665,47.403568],[-122.292601,47.402256],[-122.29253,47.40145],[-122.291051,47.391664],[-122.291873,47.391859],[-122.293332,47.392457],[-122.293892,47.392794],[-122.294739,47.39348],[-122.295396,47.394057],[-122.295481,47.394221],[-122.295964,47.39463],[-122.296833,47.395095],[-122.297878,47.395378],[-122.30145,47.395916],[-122.302037,47.395902],[-122.302409,47.39582],[-122.302822,47.395648],[-122.303141,47.39544],[-122.304119,47.394325],[-122.306413,47.391473],[-122.306687,47.391216],[-122.307107,47.39103],[-122.310123,47.390929],[-122.310575,47.390963],[-122.310836,47.391039],[-122.311069,47.391165],[-122.311349,47.391432],[-122.312624,47.392895],[-122.313199,47.393462],[-122.313202,47.39358]]],"type":"Polygon"},"properties":{"tract_name":"Census Tract 289.02, King, WA","geoid":"14000US53033028902","ses_index":35,"access_index":5,"kids_per_pitch":1506,"median_income":57651,"poverty_rate":23.42,"kids_5_17":1506,"facility_count":1,"nearest_facility_km":0.435,"data_year":"ACS 2023 5-year"},"type":"Feature"},{"geometry":{"coordinates":[[[-122.330798,47.397874],[-122.327934,47.397921],[-122.327686,47.397859],[-122.324356,47.397923],[-122.324269,47.397457],[-122.324054,47.397193],[-122.323834,47.397045],[-122.322672,47.396795],[-122.322213,47.396636],[-122.319393,47.394822],[-122.319027,47.394652],[-122.318432,47.394572],[-122.315668,47.394721],[-122.315112,47.39465],[-122.31454,47.394464],[-122.313696,47.393903],[-122.312937,47.393237],[-122.31138,47.391466],[-122.311582,47.391486],[-122.311726,47.39132],[-122.311797,47.39098],[-122.311814,47.390273],[-122.311887,47.389963],[-122.313025,47.38757],[-122.313153,47.387117],[-122.3132,47.383191],[-122.313186,47.373593],[-122.314445,47.372225],[-122.320106,47.372222],[-122.3244,47.372094],[-122.331037,47.372071],[-122.330653,47.374977],[-122.329545,47.378153],[-122.331523,47.388198],[-122.33028,47.391736],[-122.332137,47.397852],[-122.330798,47.397874]]],"type":"Polygon"},"properties":{"tract_name":"Census Tract 290.01, King, WA","geoid":"14000US53033029001","ses_index":58,"access_index":1,"kids_per_pitch":838,"median_income":105087,"poverty_rate":7.03,"kids_5_17":419,"facility_count":0,"nearest_facility_km":1.576,"data_year":"ACS 2023 5-year"},"type":"Feature"},{"geometry":{"coordinates":[[[-122.313207,47.369291],[-122.313172,47.386988],[-122.313025,47.38757],[-122.311887,47.389963],[-122.311814,47.390273],[-122.311797,47.39098],[-122.311693,47.391389],[-122.311582,47.391486],[-122.31138,47.391466],[-122.310917,47.391074],[-122.310376,47.390934],[-122.307594,47.390986],[-122.307019,47.391054],[-122.306687,47.391216],[-122.306413,47.391473],[-122.303359,47.395231],[-122.302822,47.395648],[-122.302222,47.395869],[-122.301545,47.395921],[-122.298848,47.39553],[-122.29879,47.39374],[-122.297187,47.393721],[-122.297191,47.392464],[-122.295111,47.392437],[-122.295445,47.390965],[-122.297204,47.390962],[-122.297198,47.390426],[-122.295579,47.390403],[-122.295921,47.38901],[-122.29722,47.389033],[-122.297244,47.387384],[-122.296326,47.387371],[-122.296543,47.386522],[-122.2986,47.386518],[-122.298656,47.384682],[-122.29762,47.38467],[-122.29762,47.384257],[-122.297105,47.384233],[-122.297511,47.382589],[-122.298671,47.382586],[-122.298709,47.381147],[-122.300599,47.381147],[-122.300616,47.379451],[-122.30212,47.379429],[-122.307899,47.37956],[-122.307822,47.375981],[-122.302557,47.3759],[-122.302557,47.374809],[-122.300675,47.374788],[-122.303848,47.368703],[-122.313211,47.368811],[-122.313207,47.369291]]],"type":"Polygon"},"properties":{"tract_name":"Census Tract 290.03, King, WA","geoid":"14000US53033029003","ses_index":54,"access_index":1,"kids_per_pitch":1704,"median_income":96970,"poverty_rate":10.2,"kids_5_17":852,"facility_count":0,"nearest_facility_km":1.47,"data_year":"ACS 2023 5-year"},"type":"Feature"},{"geometry":{"coordinates":[[[-122.307899,47.37956],[-122.30212,47.379429],[-122.300616,47.379451],[-122.300599,47.381147],[-122.298709,47.381147],[-122.298671,47.382586],[-122.297511,47.382589],[-122.297105,47.384233],[-122.29762,47.384257],[-122.29762,47.38467],[-122.298656,47.384682],[-122.2986,47.386518],[-122.296543,47.386522],[-122.296326,47.387371],[-122.297244,47.387384],[-122.29722,47.389033],[-122.295921,47.38901],[-122.295579,47.390403],[-122.297198,47.390426],[-122.297204,47.390962],[-122.295445,47.390965],[-122.295111,47.392437],[-122.297191,47.392464],[-122.297187,47.393721],[-122.29879,47.39374],[-122.298848,47.39553],[-122.297437,47.395286],[-122.296511,47.394954],[-122.29592,47.394594],[-122.295481,47.394221],[-122.295396,47.394057],[-122.293892,47.392794],[-122.292806,47.392218],[-122.291873,47.391859],[-122.291051,47.391664],[-122.290587,47.388729],[-122.290422,47.38709],[-122.290384,47.385379],[-122.290555,47.382947],[-122.290974,47.380473],[-122.293761,47.36973],[-122.294861,47.369845],[-122.295863,47.369772],[-122.29659,47.369546],[-122.298233,47.368832],[-122.299024,47.368662],[-122.303848,47.368703],[-122.300675,47.374788],[-122.302557,47.374809],[-122.302557,47.3759],[-122.307822,47.375981],[-122.307899,47.37956]]],"type":"Polygon"},"properties":{"tract_name":"Census Tract 290.04, King, WA","geoid":"14000US53033029004","ses_index":19,"access_index":1,"kids_per_pitch":1994,"median_income":47988,"poverty_rate":43.79,"kids_5_17":997,"facility_count":0,"nearest_facility_km":1.763,"data_year":"ACS 2023 5-year"},"type":"Feature"},{"geometry":{"coordinates":[[[-122.292664,47.403619],[-122.292548,47.405992],[-122.292183,47.408186],[-122.288948,47.408256],[-122.288787,47.408425],[-122.288435,47.409463],[-122.287577,47.411251],[-122.287313,47.411454],[-122.287068,47.411446],[-122.286883,47.411325],[-122.286258,47.409777],[-122.284748,47.407527],[-122.284464,47.407304],[-122.284027,47.407158],[-122.283546,47.407148],[-122.283147,47.407249],[-122.28187,47.408226],[-122.281374,47.408385],[-122.281193,47.408286],[-122.280999,47.408374],[-122.280512,47.40829],[-122.270819,47.40846],[-122.269663,47.408079],[-122.270144,47.407551],[-122.270615,47.407233],[-122.270992,47.407085],[-122.272664,47.406759],[-122.273338,47.406402],[-122.273788,47.4059],[-122.274173,47.40511],[-122.27419,47.404354],[-122.273969,47.403156],[-122.273956,47.40233],[-122.274139,47.401843],[-122.274706,47.40083],[-122.27507,47.399856],[-122.275375,47.39927],[-122.275811,47.398733],[-122.275957,47.398291],[-122.275849,47.397898],[-122.275395,47.39746],[-122.273855,47.396782],[-122.273588,47.396533],[-122.27343,47.39615],[-122.273431,47.395886],[-122.274491,47.394476],[-122.274659,47.393954],[-122.274624,47.393472],[-122.274437,47.393019],[-122.274011,47.392651],[-122.272263,47.391863],[-122.271772,47.391469],[-122.27162,47.391236],[-122.271527,47.390877],[-122.271702,47.390505],[-122.272065,47.390058],[-122.272594,47.389616],[-122.273015,47.389045],[-122.27302,47.388807],[-122.272879,47.388582],[-122.272188,47.388317],[-122.269646,47.38831],[-122.266703,47.387943],[-122.265669,47.387693],[-122.264694,47.387319],[-122.264311,47.387055],[-122.264095,47.386796],[-122.263966,47.386483],[-122.264119,47.385926],[-122.264482,47.385479],[-122.264917,47.385206],[-122.26551,47.385053],[-122.266111,47.385049],[-122.267853,47.385424],[-122.26922,47.385421],[-122.270523,47.385129],[-122.271081,47.384757],[-122.271575,47.384096],[-122.271764,47.383495],[-122.271469,47.382913],[-122.269382,47.381702],[-122.268711,47.381269],[-122.268271,47.380866],[-122.268141,47.380552],[-122.268164,47.380209],[-122.26855,47.379156],[-122.268649,47.378548],[-122.271715,47.377557],[-122.275153,47.380047],[-122.276109,47.381209],[-122.276634,47.382031],[-122.276897,47.382621],[-122.277225,47.383805],[-122.277734,47.386728],[-122.27814,47.388113],[-122.279256,47.38991],[-122.27976,47.390316],[-122.280943,47.390948],[-122.282464,47.391148],[-122.283653,47.391073],[-122.286502,47.390555],[-122.287769,47.390682],[-122.291051,47.391664],[-122.29253,47.40145],[-122.292664,47.403619]]],"type":"Polygon"},"properties":{"tract_name":"Census Tract 291.01, King, WA","geoid":"14000US53033029101","ses_index":56,"access_index":1,"kids_per_pitch":2120,"median_income":111298,"poverty_rate":12.52,"kids_5_17":1060,"facility_count":0,"nearest_facility_km":1.704,"data_year":"ACS 2023 5-year"},"type":"Feature"},{"geometry":{"coordinates":[[[-122.293607,47.370334],[-122.291496,47.378599],[-122.290974,47.380473],[-122.290555,47.382947],[-122.29043,47.384157],[-122.290384,47.385379],[-122.290422,47.38709],[-122.290587,47.388729],[-122.291051,47.391664],[-122.287769,47.390682],[-122.286502,47.390555],[-122.285705,47.390659],[-122.283653,47.391073],[-122.283089,47.391152],[-122.282464,47.391148],[-122.280943,47.390948],[-122.27976,47.390316],[-122.279256,47.38991],[-122.278863,47.389359],[-122.27814,47.388113],[-122.277734,47.386728],[-122.277225,47.383805],[-122.277043,47.383057],[-122.276634,47.382031],[-122.27577,47.380735],[-122.275153,47.380047],[-122.274405,47.379455],[-122.271715,47.377557],[-122.27213,47.377428],[-122.272429,47.377462],[-122.27311,47.378027],[-122.273545,47.378293],[-122.274099,47.378532],[-122.274573,47.37864],[-122.274566,47.37836],[-122.274322,47.377957],[-122.274231,47.377396],[-122.274087,47.3755],[-122.273996,47.375076],[-122.274387,47.373921],[-122.274483,47.37377],[-122.274914,47.373454],[-122.275402,47.373365],[-122.275858,47.373385],[-122.278492,47.37386],[-122.279162,47.373783],[-122.27945,47.373658],[-122.279709,47.373466],[-122.279931,47.373185],[-122.280446,47.372104],[-122.280511,47.371652],[-122.280414,47.370898],[-122.280476,47.370586],[-122.280802,47.37018],[-122.281319,47.369914],[-122.281761,47.369827],[-122.282258,47.369819],[-122.28443,47.370255],[-122.285314,47.370272],[-122.289598,47.369456],[-122.290588,47.3694],[-122.293761,47.36973],[-122.293607,47.370334]]],"type":"Polygon"},"properties":{"tract_name":"Census Tract 291.02, King, WA","geoid":"14000US53033029102","ses_index":48,"access_index":5,"kids_per_pitch":1014,"median_income":97589,"poverty_rate":18.91,"kids_5_17":1014,"facility_count":1,"nearest_facility_km":0.878,"data_year":"ACS 2023 5-year"},"type":"Feature"},{"geometry":{"coordinates":[[[-122.244439,47.384717],[-122.244225,47.385717],[-122.243679,47.386955],[-122.242888,47.388073],[-122.241839,47.389086],[-122.240925,47.389759],[-122.228044,47.398412],[-122.228037,47.3949],[-122.228223,47.394188],[-122.22882,47.393369],[-122.230812,47.391301],[-122.231034,47.390979],[-122.231087,47.390476],[-122.231109,47.386651],[-122.227539,47.386642],[-122.215358,47.386809],[-122.215407,47.378679],[-122.215547,47.378463],[-122.215824,47.378819],[-122.2163,47.379273],[-122.216877,47.379591],[-122.217739,47.37994],[-122.218238,47.380244],[-122.218623,47.38053],[-122.219621,47.38154],[-122.221378,47.382517],[-122.222659,47.382947],[-122.225487,47.383361],[-122.225659,47.383371],[-122.225661,47.382928],[-122.225754,47.382616],[-122.226384,47.381859],[-122.226953,47.381352],[-122.227543,47.381022],[-122.227904,47.380736],[-122.229031,47.380142],[-122.229962,47.379858],[-122.230507,47.379801],[-122.232927,47.379769],[-122.232963,47.38161],[-122.243879,47.381417],[-122.244128,47.381461],[-122.244439,47.381414],[-122.244439,47.384717]]],"type":"Polygon"},"properties":{"tract_name":"Census Tract 292.03, King, WA","geoid":"14000US53033029203","ses_index":42,"access_index":1,"kids_per_pitch":1088,"median_income":76597,"poverty_rate":19.68,"kids_5_17":544,"facility_count":0,"nearest_facility_km":1.715,"data_year":"ACS 2023 5-year"},"type":"Feature"},{"geometry":{"coordinates":[[[-122.274659,47.393954],[-122.274491,47.394476],[-122.273573,47.395653],[-122.272719,47.395453],[-122.272552,47.395666],[-122.271603,47.39538],[-122.269799,47.394654],[-122.268702,47.394473],[-122.264809,47.394503],[-122.263892,47.394667],[-122.260318,47.39559],[-122.255141,47.397411],[-122.254695,47.397519],[-122.254653,47.391773],[-122.254997,47.39088],[-122.255039,47.390273],[-122.258445,47.39026],[-122.259328,47.390032],[-122.258438,47.388987],[-122.258369,47.388638],[-122.258547,47.388272],[-122.258709,47.388117],[-122.259536,47.387806],[-122.259934,47.387542],[-122.2601,47.387204],[-122.260109,47.386732],[-122.253721,47.386739],[-122.253703,47.381252],[-122.26062,47.381092],[-122.268649,47.378548],[-122.26855,47.379156],[-122.268164,47.380209],[-122.268141,47.380552],[-122.268271,47.380866],[-122.268711,47.381269],[-122.269382,47.381702],[-122.271152,47.382674],[-122.271469,47.382913],[-122.271764,47.383495],[-122.271575,47.384096],[-122.271081,47.384757],[-122.270523,47.385129],[-122.26922,47.385421],[-122.268417,47.385464],[-122.268287,47.385414],[-122.267853,47.385424],[-122.266111,47.385049],[-122.26551,47.385053],[-122.264917,47.385206],[-122.264482,47.385479],[-122.264119,47.385926],[-122.263966,47.386483],[-122.264095,47.386796],[-122.264311,47.387055],[-122.264694,47.387319],[-122.265669,47.387693],[-122.266703,47.387943],[-122.268453,47.388204],[-122.268605,47.388174],[-122.269646,47.38831],[-122.272188,47.388317],[-122.272879,47.388582],[-122.27302,47.388807],[-122.273015,47.389045],[-122.272594,47.389616],[-122.272065,47.390058],[-122.271702,47.390505],[-122.271527,47.390877],[-122.27162,47.391236],[-122.271772,47.391469],[-122.272263,47.391863],[-122.274011,47.392651],[-122.274437,47.393019],[-122.274624,47.393472],[-122.274659,47.393954]]],"type":"Polygon"},"properties":{"tract_name":"Census Tract 292.05, King, WA","geoid":"14000US53033029205","ses_index":56,"access_index":5,"kids_per_pitch":985,"median_income":89132,"poverty_rate":3.91,"kids_5_17":985,"facility_count":1,"nearest_facility_km":0.698,"data_year":"ACS 2023 5-year"},"type":"Feature"},{"geometry":{"coordinates":[[[-122.275957,47.398291],[-122.27507,47.399856],[-122.273956,47.40233],[-122.274173,47.40511],[-122.273788,47.4059],[-122.273338,47.406402],[-122.272664,47.406759],[-122.270615,47.407233],[-122.268751,47.408951],[-122.26662,47.410157],[-122.265177,47.411303],[-122.264715,47.413237],[-122.264894,47.414067],[-122.265347,47.415033],[-122.266091,47.41564],[-122.267898,47.416304],[-122.268208,47.416921],[-122.268025,47.417671],[-122.267268,47.419397],[-122.266845,47.420039],[-122.265739,47.42107],[-122.265275,47.421793],[-122.265154,47.42256],[-122.265335,47.423069],[-122.264082,47.423791],[-122.262029,47.426024],[-122.260589,47.426625],[-122.249396,47.426702],[-122.24926,47.430596],[-122.247403,47.437355],[-122.246973,47.437903],[-122.245871,47.438657],[-122.245384,47.439411],[-122.245346,47.43992],[-122.245629,47.441233],[-122.217459,47.441169],[-122.221,47.427361],[-122.221284,47.425593],[-122.220204,47.407363],[-122.220311,47.4063],[-122.220769,47.404869],[-122.221842,47.403133],[-122.223324,47.401647],[-122.240925,47.389759],[-122.24261,47.388377],[-122.243679,47.386955],[-122.244309,47.385433],[-122.244473,47.384224],[-122.244439,47.381414],[-122.253703,47.381252],[-122.253721,47.386739],[-122.260109,47.386732],[-122.259934,47.387542],[-122.258709,47.388117],[-122.258369,47.388638],[-122.258438,47.388987],[-122.259328,47.390032],[-122.258445,47.39026],[-122.255039,47.390273],[-122.254997,47.39088],[-122.254653,47.391773],[-122.254695,47.397519],[-122.259533,47.395829],[-122.264111,47.394614],[-122.265078,47.39448],[-122.268702,47.394473],[-122.269799,47.394654],[-122.272552,47.395666],[-122.272719,47.395453],[-122.273573,47.395653],[-122.27343,47.39615],[-122.273588,47.396533],[-122.274209,47.396976],[-122.275395,47.39746],[-122.275849,47.397898],[-122.275957,47.398291]]],"type":"Polygon"},"properties":{"tract_name":"Census Tract 292.06, King, WA","geoid":"14000US53033029206","ses_index":38,"access_index":0,"kids_per_pitch":1390,"median_income":51875,"poverty_rate":17.41,"kids_5_17":695,"facility_count":0,"nearest_facility_km":2.543,"data_year":"ACS 2023 5-year"},"type":"Feature"},{"geometry":{"coordinates":[[[-122.220726,47.415529],[-122.219224,47.415722],[-122.218835,47.415643],[-122.218182,47.415282],[-122.217994,47.415247],[-122.217666,47.415312],[-122.217148,47.415725],[-122.216756,47.415832],[-122.216374,47.415819],[-122.215321,47.415566],[-122.214462,47.41551],[-122.214027,47.415572],[-122.213104,47.415824],[-122.212776,47.415806],[-122.212518,47.415569],[-122.211593,47.415812],[-122.207498,47.415879],[-122.207439,47.408663],[-122.207384,47.407818],[-122.207276,47.407628],[-122.207371,47.404723],[-122.207419,47.38695],[-122.215358,47.386809],[-122.215259,47.391497],[-122.215263,47.393911],[-122.215148,47.394088],[-122.214903,47.394176],[-122.212804,47.394235],[-122.212761,47.394347],[-122.212728,47.397765],[-122.212678,47.397804],[-122.214987,47.397902],[-122.21516,47.397974],[-122.215248,47.398089],[-122.215319,47.403025],[-122.215394,47.403118],[-122.216638,47.403135],[-122.216653,47.406762],[-122.219718,47.406678],[-122.220259,47.406619],[-122.220217,47.407825],[-122.220553,47.413014],[-122.220567,47.413904],[-122.220726,47.415529]]],"type":"Polygon"},"properties":{"tract_name":"Census Tract 292.07, King, WA","geoid":"14000US53033029207","ses_index":61,"access_index":0,"kids_per_pitch":824,"median_income":123487,"poverty_rate":10.29,"kids_5_17":412,"facility_count":0,"nearest_facility_km":3.396,"data_year":"ACS 2023 5-year"},"type":"Feature"},{"geometry":{"coordinates":[[[-122.231093,47.38788],[-122.231087,47.390476],[-122.231034,47.390979],[-122.230812,47.391301],[-122.228505,47.39374],[-122.228223,47.394188],[-122.228143,47.394397],[-122.228037,47.3949],[-122.228044,47.398412],[-122.223919,47.401214],[-122.222958,47.401948],[-122.222384,47.402506],[-122.221535,47.403538],[-122.220995,47.404417],[-122.220535,47.405459],[-122.220259,47.406619],[-122.219718,47.406678],[-122.216653,47.406762],[-122.216638,47.403135],[-122.215394,47.403118],[-122.215319,47.403025],[-122.215326,47.401123],[-122.215248,47.398089],[-122.21516,47.397974],[-122.214987,47.397902],[-122.212678,47.397804],[-122.212728,47.397765],[-122.212761,47.394347],[-122.212804,47.394235],[-122.212949,47.394199],[-122.214903,47.394176],[-122.215148,47.394088],[-122.215263,47.393911],[-122.215293,47.393681],[-122.215259,47.391497],[-122.215358,47.386809],[-122.227539,47.386642],[-122.231109,47.386651],[-122.231093,47.38788]]],"type":"Polygon"},"properties":{"tract_name":"Census Tract 292.08, King, WA","geoid":"14000US53033029208","ses_index":48,"access_index":0,"kids_per_pitch":1286,"median_income":71538,"poverty_rate":9.72,"kids_5_17":643,"facility_count":0,"nearest_facility_km":2.864,"data_year":"ACS 2023 5-year"},"type":"Feature"},{"geometry":{"coordinates":[[[-122.186462,47.430464],[-122.186277,47.436383],[-122.186187,47.44517],[-122.175318,47.445485],[-122.174791,47.445552],[-122.172527,47.446125],[-122.171651,47.446243],[-122.170858,47.446206],[-122.16758,47.445671],[-122.166877,47.445666],[-122.165862,47.445837],[-122.162585,47.446688],[-122.161751,47.446816],[-122.160924,47.44686],[-122.159407,47.446725],[-122.15417,47.445531],[-122.154598,47.430353],[-122.16456,47.430358],[-122.186458,47.430217],[-122.186462,47.430464]]],"type":"Polygon"},"properties":{"tract_name":"Census Tract 293.04, King, WA","geoid":"14000US53033029304","ses_index":65,"access_index":1,"kids_per_pitch":1668,"median_income":136111,"poverty_rate":8.58,"kids_5_17":834,"facility_count":0,"nearest_facility_km":0.899,"data_year":"ACS 2023 5-year"},"type":"Feature"},{"geometry":{"coordinates":[[[-122.221307,47.425164],[-122.22123,47.426101],[-122.221078,47.426997],[-122.220274,47.4302],[-122.219764,47.43018],[-122.218471,47.430251],[-122.209958,47.430205],[-122.209649,47.430095],[-122.209492,47.429855],[-122.209338,47.429787],[-122.209111,47.429881],[-122.208874,47.430364],[-122.208723,47.430459],[-122.208493,47.43043],[-122.208144,47.43017],[-122.207958,47.430116],[-122.207753,47.430197],[-122.207492,47.430579],[-122.207195,47.43069],[-122.206788,47.430623],[-122.206177,47.430322],[-122.205652,47.430224],[-122.203355,47.430229],[-122.198974,47.430097],[-122.197091,47.430228],[-122.197042,47.415842],[-122.202125,47.415897],[-122.210666,47.415844],[-122.211718,47.415796],[-122.212518,47.415569],[-122.212776,47.415806],[-122.213104,47.415824],[-122.214027,47.415572],[-122.214462,47.41551],[-122.215321,47.415566],[-122.216244,47.415794],[-122.21666,47.415837],[-122.217069,47.415761],[-122.217265,47.415653],[-122.217666,47.415312],[-122.217994,47.415247],[-122.218182,47.415282],[-122.218835,47.415643],[-122.219224,47.415722],[-122.219653,47.41569],[-122.220209,47.415563],[-122.220726,47.415529],[-122.221301,47.424425],[-122.221307,47.425164]]],"type":"Polygon"},"properties":{"tract_name":"Census Tract 293.05, King, WA","geoid":"14000US53033029305","ses_index":63,"access_index":0,"kids_per_pitch":1412,"median_income":119444,"poverty_rate":4.6,"kids_5_17":706,"facility_count":0,"nearest_facility_km":3.453,"data_year":"ACS 2023 5-year"},"type":"Feature"},{"geometry":{"coordinates":[[[-122.197091,47.430228],[-122.186458,47.430217],[-122.175797,47.430282],[-122.176026,47.415834],[-122.197042,47.415842],[-122.197091,47.430228]]],"type":"Polygon"},"properties":{"tract_name":"Census Tract 293.06, King, WA","geoid":"14000US53033029306","ses_index":53,"access_index":1,"kids_per_pitch":1232,"median_income":117500,"poverty_rate":19.18,"kids_5_17":616,"facility_count":0,"nearest_facility_km":2.323,"data_year":"ACS 2023 5-year"},"type":"Feature"},{"geometry":{"coordinates":[[[-122.17602,47.416352],[-122.175797,47.430282],[-122.16456,47.430358],[-122.143999,47.430343],[-122.143976,47.415894],[-122.154571,47.415927],[-122.175053,47.415812],[-122.176026,47.415834],[-122.17602,47.416352]]],"type":"Polygon"},"properties":{"tract_name":"Census Tract 293.07, King, WA","geoid":"14000US53033029307","ses_index":63,"access_index":0,"kids_per_pitch":1632,"median_income":116875,"poverty_rate":3.78,"kids_5_17":816,"facility_count":0,"nearest_facility_km":3.023,"data_year":"ACS 2023 5-year"},"type":"Feature"},{"geometry":{"coordinates":[[[-122.197075,47.431554],[-122.196919,47.445265],[-122.186187,47.44517],[-122.186277,47.436383],[-122.186458,47.430217],[-122.197091,47.430228],[-122.197075,47.431554]]],"type":"Polygon"},"properties":{"tract_name":"Census Tract 293.08, King, WA","geoid":"14000US53033029308","ses_index":62,"access_index":1,"kids_per_pitch":914,"median_income":116316,"poverty_rate":5.05,"kids_5_17":457,"facility_count":0,"nearest_facility_km":1.402,"data_year":"ACS 2023 5-year"},"type":"Feature"},{"geometry":{"coordinates":[[[-122.220248,47.430298],[-122.217459,47.441169],[-122.212855,47.441098],[-122.211883,47.44112],[-122.211572,47.441167],[-122.211121,47.441311],[-122.209652,47.442058],[-122.209183,47.442218],[-122.208739,47.442309],[-122.207465,47.442402],[-122.205028,47.442365],[-122.20457,47.442439],[-122.204213,47.442557],[-122.203818,47.442766],[-122.202957,47.443493],[-122.202343,47.443911],[-122.201236,47.444475],[-122.200768,47.444648],[-122.19948,47.445015],[-122.198686,47.445163],[-122.197634,47.445267],[-122.196919,47.445265],[-122.197091,47.430228],[-122.198974,47.430097],[-122.203355,47.430229],[-122.205652,47.430224],[-122.206177,47.430322],[-122.206788,47.430623],[-122.207195,47.43069],[-122.207315,47.430678],[-122.207492,47.430579],[-122.207753,47.430197],[-122.207958,47.430116],[-122.208144,47.43017],[-122.208493,47.43043],[-122.208723,47.430459],[-122.208874,47.430364],[-122.209111,47.429881],[-122.209338,47.429787],[-122.209492,47.429855],[-122.209649,47.430095],[-122.209958,47.430205],[-122.218471,47.430251],[-122.219764,47.43018],[-122.220274,47.4302],[-122.220248,47.430298]]],"type":"Polygon"},"properties":{"tract_name":"Census Tract 293.09, King, WA","geoid":"14000US53033029309","ses_index":62,"access_index":1,"kids_per_pitch":1498,"median_income":112588,"poverty_rate":4.67,"kids_5_17":749,"facility_count":0,"nearest_facility_km":2.275,"data_year":"ACS 2023 5-year"},"type":"Feature"},{"geometry":{"coordinates":[[[-122.207498,47.415843],[-122.207498,47.415879],[-122.202125,47.415897],[-122.197042,47.415842],[-122.186753,47.415833],[-122.18678,47.402178],[-122.19415,47.402265],[-122.194507,47.402323],[-122.195278,47.402649],[-122.196807,47.402696],[-122.197405,47.40285],[-122.197592,47.402589],[-122.198177,47.402027],[-122.198487,47.401838],[-122.19988,47.401178],[-122.200166,47.401394],[-122.200329,47.401444],[-122.207383,47.401476],[-122.207343,47.406578],[-122.207276,47.407628],[-122.207384,47.407818],[-122.207439,47.408663],[-122.207498,47.415843]]],"type":"Polygon"},"properties":{"tract_name":"Census Tract 294.03, King, WA","geoid":"14000US53033029403","ses_index":59,"access_index":0,"kids_per_pitch":1424,"median_income":111989,"poverty_rate":7.83,"kids_5_17":712,"facility_count":0,"nearest_facility_km":2.922,"data_year":"ACS 2023 5-year"},"type":"Feature"},{"geometry":{"coordinates":[[[-122.186786,47.409383],[-122.186753,47.415833],[-122.175053,47.415812],[-122.165237,47.415864],[-122.165356,47.401395],[-122.170746,47.401359],[-122.171123,47.401387],[-122.171529,47.401516],[-122.172513,47.402256],[-122.173064,47.402487],[-122.173785,47.402615],[-122.175536,47.402805],[-122.177127,47.402803],[-122.177558,47.402765],[-122.177746,47.402718],[-122.178729,47.402123],[-122.179343,47.401911],[-122.180052,47.401755],[-122.181147,47.401668],[-122.181985,47.401728],[-122.183695,47.402085],[-122.184733,47.402078],[-122.185008,47.402118],[-122.185542,47.402318],[-122.186088,47.402648],[-122.18678,47.402723],[-122.186786,47.409383]]],"type":"Polygon"},"properties":{"tract_name":"Census Tract 294.05, King, WA","geoid":"14000US53033029405","ses_index":72,"access_index":0,"kids_per_pitch":1676,"median_income":145721,"poverty_rate":1.84,"kids_5_17":838,"facility_count":0,"nearest_facility_km":2.706,"data_year":"ACS 2023 5-year"},"type":"Feature"},{"geometry":{"coordinates":[[[-122.186793,47.390145],[-122.18678,47.402723],[-122.186088,47.402648],[-122.185542,47.402318],[-122.185008,47.402118],[-122.184733,47.402078],[-122.183695,47.402085],[-122.181985,47.401728],[-122.181147,47.401668],[-122.180052,47.401755],[-122.179343,47.401911],[-122.178729,47.402123],[-122.177746,47.402718],[-122.177558,47.402765],[-122.175536,47.402805],[-122.173785,47.402615],[-122.173064,47.402487],[-122.172513,47.402256],[-122.171529,47.401516],[-122.171123,47.401387],[-122.165356,47.401395],[-122.165441,47.386921],[-122.18679,47.386925],[-122.186793,47.390145]]],"type":"Polygon"},"properties":{"tract_name":"Census Tract 294.06, King, WA","geoid":"14000US53033029406","ses_index":60,"access_index":1,"kids_per_pitch":1782,"median_income":128259,"poverty_rate":13.21,"kids_5_17":891,"facility_count":0,"nearest_facility_km":2.242,"data_year":"ACS 2023 5-year"},"type":"Feature"},{"geometry":{"coordinates":[[[-122.20742,47.390738],[-122.207383,47.401476],[-122.200329,47.401444],[-122.200166,47.401394],[-122.19988,47.401178],[-122.198752,47.401712],[-122.198485,47.401473],[-122.198349,47.401419],[-122.197691,47.401387],[-122.197645,47.401322],[-122.197657,47.399256],[-122.197716,47.398409],[-122.197677,47.39828],[-122.197555,47.398165],[-122.19724,47.398018],[-122.197147,47.397882],[-122.197106,47.397437],[-122.195346,47.397415],[-122.195199,47.397352],[-122.195119,47.39726],[-122.195105,47.39591],[-122.196975,47.395919],[-122.197031,47.395736],[-122.197317,47.395529],[-122.197031,47.395301],[-122.196832,47.395236],[-122.195161,47.395216],[-122.195086,47.39516],[-122.195059,47.394196],[-122.194996,47.394166],[-122.193676,47.394151],[-122.193952,47.394065],[-122.194155,47.393891],[-122.194347,47.393128],[-122.19455,47.392852],[-122.194729,47.392722],[-122.195529,47.392365],[-122.196044,47.392028],[-122.196407,47.391858],[-122.196165,47.391561],[-122.195654,47.391134],[-122.195724,47.391064],[-122.195942,47.390952],[-122.196103,47.390932],[-122.197116,47.390922],[-122.197083,47.389875],[-122.197104,47.386951],[-122.207419,47.38695],[-122.20742,47.390738]]],"type":"Polygon"},"properties":{"tract_name":"Census Tract 294.07, King, WA","geoid":"14000US53033029407","ses_index":42,"access_index":1,"kids_per_pitch":2390,"median_income":67313,"poverty_rate":16.77,"kids_5_17":1195,"facility_count":0,"nearest_facility_km":1.661,"data_year":"ACS 2023 5-year"},"type":"Feature"},{"geometry":{"coordinates":[[[-122.198752,47.401712],[-122.198177,47.402027],[-122.197592,47.402589],[-122.197405,47.40285],[-122.196807,47.402696],[-122.195278,47.402649],[-122.194507,47.402323],[-122.19415,47.402265],[-122.18678,47.402178],[-122.18679,47.386925],[-122.197104,47.386951],[-122.197083,47.389875],[-122.197116,47.390922],[-122.196103,47.390932],[-122.195942,47.390952],[-122.195724,47.391064],[-122.195654,47.391134],[-122.196165,47.391561],[-122.196407,47.391858],[-122.196044,47.392028],[-122.195529,47.392365],[-122.194729,47.392722],[-122.19455,47.392852],[-122.194347,47.393128],[-122.194155,47.393891],[-122.193952,47.394065],[-122.193676,47.394151],[-122.194996,47.394166],[-122.195059,47.394196],[-122.195086,47.39516],[-122.195161,47.395216],[-122.196832,47.395236],[-122.197031,47.395301],[-122.197317,47.395529],[-122.197031,47.395736],[-122.196975,47.395919],[-122.195105,47.39591],[-122.195119,47.39726],[-122.195199,47.397352],[-122.195346,47.397415],[-122.197106,47.397437],[-122.197147,47.397882],[-122.19724,47.398018],[-122.197596,47.398193],[-122.197677,47.39828],[-122.197716,47.398409],[-122.197657,47.399256],[-122.197645,47.401322],[-122.197691,47.401387],[-122.197749,47.401397],[-122.198349,47.401419],[-122.198485,47.401473],[-122.198752,47.401712]]],"type":"Polygon"},"properties":{"tract_name":"Census Tract 294.08, King, WA","geoid":"14000US53033029408","ses_index":47,"access_index":1,"kids_per_pitch":1690,"median_income":75703,"poverty_rate":12.82,"kids_5_17":845,"facility_count":0,"nearest_facility_km":1.74,"data_year":"ACS 2023 5-year"},"type":"Feature"},{"geometry":{"coordinates":[[[-122.202409,47.374233],[-122.202229,47.386957],[-122.18679,47.386925],[-122.186776,47.372444],[-122.198924,47.372591],[-122.202426,47.372563],[-122.202409,47.374233]]],"type":"Polygon"},"properties":{"tract_name":"Census Tract 295.04, King, WA","geoid":"14000US53033029504","ses_index":57,"access_index":5,"kids_per_pitch":1200,"median_income":93786,"poverty_rate":3.83,"kids_5_17":1200,"facility_count":1,"nearest_facility_km":0.701,"data_year":"ACS 2023 5-year"},"type":"Feature"},{"geometry":{"coordinates":[[[-122.215501,47.378502],[-122.215407,47.378679],[-122.215394,47.379601],[-122.215433,47.380524],[-122.21541,47.384277],[-122.215358,47.386809],[-122.208738,47.386937],[-122.202229,47.386957],[-122.202303,47.383345],[-122.202426,47.372563],[-122.206412,47.372553],[-122.20698,47.372599],[-122.20781,47.372747],[-122.208729,47.373056],[-122.209107,47.373239],[-122.209586,47.373537],[-122.213752,47.376728],[-122.214572,47.377402],[-122.215547,47.378463],[-122.215501,47.378502]]],"type":"Polygon"},"properties":{"tract_name":"Census Tract 295.05, King, WA","geoid":"14000US53033029505","ses_index":43,"access_index":1,"kids_per_pitch":1776,"median_income":66381,"poverty_rate":14.79,"kids_5_17":888,"facility_count":0,"nearest_facility_km":1.574,"data_year":"ACS 2023 5-year"},"type":"Feature"},{"geometry":{"coordinates":[[[-122.210872,47.374003],[-122.210819,47.374142],[-122.210633,47.374338],[-122.209586,47.373537],[-122.208729,47.373056],[-122.20781,47.372747],[-122.20698,47.372599],[-122.206412,47.372553],[-122.198924,47.372591],[-122.186776,47.372444],[-122.186762,47.366976],[-122.197256,47.370679],[-122.197355,47.370423],[-122.197301,47.369395],[-122.197401,47.369176],[-122.197505,47.369078],[-122.197312,47.368883],[-122.197271,47.368715],[-122.197292,47.368357],[-122.197172,47.365265],[-122.20403,47.365289],[-122.204277,47.36533],[-122.20451,47.365422],[-122.204721,47.365583],[-122.206976,47.368487],[-122.207013,47.368723],[-122.206865,47.368983],[-122.207358,47.36921],[-122.207654,47.369465],[-122.210221,47.372831],[-122.210616,47.37339],[-122.210865,47.373883],[-122.210872,47.374003]]],"type":"Polygon"},"properties":{"tract_name":"Census Tract 295.06, King, WA","geoid":"14000US53033029506","ses_index":44,"access_index":1,"kids_per_pitch":1436,"median_income":64664,"poverty_rate":11.95,"kids_5_17":718,"facility_count":0,"nearest_facility_km":0.919,"data_year":"ACS 2023 5-year"},"type":"Feature"},{"geometry":{"coordinates":[[[-122.186776,47.372444],[-122.165424,47.372424],[-122.165478,47.358022],[-122.167051,47.358225],[-122.167955,47.358453],[-122.168676,47.358706],[-122.169331,47.358996],[-122.169912,47.359314],[-122.170421,47.359652],[-122.170832,47.359978],[-122.171943,47.361014],[-122.172716,47.361604],[-122.17371,47.362188],[-122.174572,47.362583],[-122.186762,47.366976],[-122.186776,47.372444]]],"type":"Polygon"},"properties":{"tract_name":"Census Tract 295.07, King, WA","geoid":"14000US53033029507","ses_index":67,"access_index":1,"kids_per_pitch":912,"median_income":134871,"poverty_rate":5.05,"kids_5_17":456,"facility_count":0,"nearest_facility_km":1.566,"data_year":"ACS 2023 5-year"},"type":"Feature"},{"geometry":{"coordinates":[[[-122.18679,47.386925],[-122.165441,47.386921],[-122.165407,47.38335],[-122.165424,47.372424],[-122.186776,47.372444],[-122.18679,47.386925]]],"type":"Polygon"},"properties":{"tract_name":"Census Tract 295.08, King, WA","geoid":"14000US53033029508","ses_index":67,"access_index":13,"kids_per_pitch":281,"median_income":126875,"poverty_rate":2.29,"kids_5_17":842,"facility_count":3,"nearest_facility_km":0.756,"data_year":"ACS 2023 5-year"},"type":"Feature"},{"geometry":{"coordinates":[[[-122.212594,47.333343],[-122.212491,47.333626],[-122.21186,47.334351],[-122.210918,47.334985],[-122.209267,47.335758],[-122.20873,47.336314],[-122.208679,47.336587],[-122.209072,47.337676],[-122.209,47.337766],[-122.208982,47.338521],[-122.208836,47.338963],[-122.208161,47.33982],[-122.206582,47.340949],[-122.20566,47.342143],[-122.205651,47.343517],[-122.205323,47.343589],[-122.204253,47.343528],[-122.203672,47.344079],[-122.203056,47.344507],[-122.201638,47.344767],[-122.200666,47.345345],[-122.199767,47.345635],[-122.198585,47.345699],[-122.196562,47.345649],[-122.195202,47.345505],[-122.194256,47.345156],[-122.193251,47.344537],[-122.192276,47.344242],[-122.191884,47.346579],[-122.188035,47.346559],[-122.187594,47.346648],[-122.187068,47.347012],[-122.186367,47.347134],[-122.176145,47.347094],[-122.17613,47.352878],[-122.174349,47.352939],[-122.173962,47.353078],[-122.172881,47.353764],[-122.17235,47.353933],[-122.169912,47.353964],[-122.169177,47.353849],[-122.168358,47.353442],[-122.167413,47.352447],[-122.166882,47.352032],[-122.166445,47.351883],[-122.165523,47.351872],[-122.165508,47.340934],[-122.165664,47.333003],[-122.165509,47.332159],[-122.165079,47.331315],[-122.16539,47.331201],[-122.165617,47.331003],[-122.165709,47.330793],[-122.165756,47.330084],[-122.165894,47.329894],[-122.166226,47.329699],[-122.166653,47.329633],[-122.186368,47.329879],[-122.196944,47.32989],[-122.197374,47.330014],[-122.198273,47.330792],[-122.19872,47.330878],[-122.20047,47.329926],[-122.200813,47.329594],[-122.201128,47.328822],[-122.201926,47.328294],[-122.202082,47.326657],[-122.208085,47.328097],[-122.209111,47.32854],[-122.210177,47.32746],[-122.210706,47.327693],[-122.211818,47.329996],[-122.211802,47.330225],[-122.21201,47.330862],[-122.211936,47.331214],[-122.212007,47.331652],[-122.212279,47.332313],[-122.212438,47.332433],[-122.212602,47.332965],[-122.212594,47.333343]]],"type":"Polygon"},"properties":{"tract_name":"Census Tract 296.02, King, WA","geoid":"14000US53033029602","ses_index":75,"access_index":3,"kids_per_pitch":1565,"median_income":153819,"poverty_rate":0.74,"kids_5_17":1565,"facility_count":1,"nearest_facility_km":1.639,"data_year":"ACS 2023 5-year"},"type":"Feature"},{"geometry":{"coordinates":[[[-122.197401,47.369176],[-122.197301,47.369395],[-122.197355,47.370423],[-122.197256,47.370679],[-122.186762,47.366976],[-122.176121,47.36315],[-122.176115,47.359767],[-122.186779,47.359786],[-122.186792,47.358807],[-122.186844,47.358522],[-122.187002,47.358106],[-122.187223,47.357753],[-122.187557,47.357383],[-122.187971,47.357054],[-122.188399,47.356801],[-122.188936,47.356568],[-122.189802,47.356336],[-122.190545,47.35626],[-122.196933,47.35595],[-122.196864,47.358478],[-122.197245,47.367007],[-122.197292,47.368357],[-122.197271,47.368715],[-122.197312,47.368883],[-122.197505,47.369078],[-122.197401,47.369176]]],"type":"Polygon"},"properties":{"tract_name":"Census Tract 296.03, King, WA","geoid":"14000US53033029603","ses_index":66,"access_index":8,"kids_per_pitch":656,"median_income":125766,"poverty_rate":3.15,"kids_5_17":656,"facility_count":1,"nearest_facility_km":0.378,"data_year":"ACS 2023 5-year"},"type":"Feature"},{"geometry":{"coordinates":[[[-122.197154,47.349977],[-122.196933,47.35595],[-122.190545,47.35626],[-122.189802,47.356336],[-122.188936,47.356568],[-122.187971,47.357054],[-122.187557,47.357383],[-122.187223,47.357753],[-122.187002,47.358106],[-122.186844,47.358522],[-122.186792,47.358807],[-122.186779,47.359786],[-122.176115,47.359767],[-122.176121,47.36315],[-122.174572,47.362583],[-122.173262,47.361944],[-122.172158,47.361189],[-122.170421,47.359652],[-122.169331,47.358996],[-122.167955,47.358453],[-122.167051,47.358225],[-122.165478,47.358022],[-122.165523,47.351872],[-122.166262,47.351862],[-122.166805,47.351993],[-122.167263,47.352308],[-122.16846,47.353518],[-122.169039,47.353806],[-122.169761,47.353955],[-122.171942,47.353974],[-122.17235,47.353933],[-122.172881,47.353764],[-122.173962,47.353078],[-122.174349,47.352939],[-122.174778,47.352877],[-122.17613,47.352878],[-122.176145,47.347094],[-122.186367,47.347134],[-122.187068,47.347012],[-122.187594,47.346648],[-122.188035,47.346559],[-122.191884,47.346579],[-122.191803,47.347817],[-122.191811,47.34914],[-122.191874,47.349318],[-122.192036,47.349471],[-122.192372,47.349591],[-122.196779,47.349745],[-122.197018,47.349818],[-122.197154,47.349977]]],"type":"Polygon"},"properties":{"tract_name":"Census Tract 296.04, King, WA","geoid":"14000US53033029604","ses_index":51,"access_index":1,"kids_per_pitch":1638,"median_income":85000,"poverty_rate":9.76,"kids_5_17":819,"facility_count":0,"nearest_facility_km":1.385,"data_year":"ACS 2023 5-year"},"type":"Feature"},{"geometry":{"coordinates":[[[-122.247836,47.371088],[-122.247646,47.37169],[-122.247029,47.372449],[-122.245768,47.373372],[-122.245405,47.373819],[-122.245309,47.374252],[-122.245604,47.374834],[-122.246776,47.375725],[-122.247297,47.375945],[-122.247385,47.377054],[-122.247458,47.381361],[-122.232963,47.38161],[-122.232927,47.379769],[-122.230507,47.379801],[-122.229962,47.379858],[-122.229031,47.380142],[-122.227904,47.380736],[-122.226775,47.381483],[-122.225754,47.382616],[-122.225661,47.382928],[-122.225659,47.383371],[-122.223089,47.383033],[-122.221694,47.382651],[-122.219883,47.381712],[-122.219491,47.38144],[-122.218623,47.38053],[-122.218238,47.380244],[-122.2163,47.379273],[-122.214572,47.377402],[-122.210633,47.374338],[-122.210819,47.374142],[-122.210874,47.373935],[-122.210616,47.37339],[-122.207654,47.369465],[-122.207358,47.36921],[-122.206865,47.368983],[-122.207013,47.368723],[-122.206976,47.368487],[-122.204721,47.365583],[-122.20445,47.365392],[-122.20403,47.365289],[-122.202239,47.365275],[-122.20219,47.362585],[-122.20815,47.362587],[-122.208795,47.362707],[-122.209257,47.362974],[-122.209445,47.363196],[-122.20955,47.363494],[-122.209502,47.367049],[-122.209587,47.368471],[-122.209735,47.36871],[-122.212617,47.371381],[-122.212979,47.371582],[-122.220732,47.371595],[-122.220751,47.372505],[-122.223404,47.372465],[-122.223353,47.370266],[-122.221938,47.370254],[-122.221892,47.369344],[-122.224346,47.370065],[-122.225116,47.370152],[-122.23521,47.370064],[-122.238515,47.369898],[-122.240009,47.369964],[-122.239895,47.369037],[-122.240358,47.368746],[-122.241234,47.368613],[-122.241696,47.368673],[-122.242411,47.368948],[-122.243566,47.369626],[-122.244346,47.369925],[-122.24512,47.370075],[-122.246306,47.370032],[-122.246884,47.370108],[-122.247209,47.370232],[-122.247664,47.370671],[-122.247836,47.371088]]],"type":"Polygon"},"properties":{"tract_name":"Census Tract 297.01, King, WA","geoid":"14000US53033029701","ses_index":47,"access_index":1,"kids_per_pitch":1316,"median_income":73182,"poverty_rate":11.49,"kids_5_17":658,"facility_count":0,"nearest_facility_km":1.182,"data_year":"ACS 2023 5-year"},"type":"Feature"},{"geometry":{"coordinates":[[[-122.256235,47.362915],[-122.255393,47.363666],[-122.254074,47.364467],[-122.253504,47.365219],[-122.252993,47.365377],[-122.252992,47.365575],[-122.253436,47.36583],[-122.252912,47.366115],[-122.251692,47.365747],[-122.251427,47.365457],[-122.251131,47.365383],[-122.250859,47.365427],[-122.25041,47.365999],[-122.250126,47.366547],[-122.25035,47.36698],[-122.250019,47.367194],[-122.250042,47.367572],[-122.249272,47.367716],[-122.248733,47.370906],[-122.247351,47.372761],[-122.247297,47.375945],[-122.246776,47.375725],[-122.245604,47.374834],[-122.245309,47.374252],[-122.245405,47.373819],[-122.245768,47.373372],[-122.247029,47.372449],[-122.247646,47.37169],[-122.247836,47.371088],[-122.247664,47.370671],[-122.247209,47.370232],[-122.246884,47.370108],[-122.24512,47.370075],[-122.244346,47.369925],[-122.243566,47.369626],[-122.242411,47.368948],[-122.241234,47.368613],[-122.240358,47.368746],[-122.239895,47.369037],[-122.240009,47.369964],[-122.238515,47.369898],[-122.23521,47.370064],[-122.225116,47.370152],[-122.224346,47.370065],[-122.221892,47.369344],[-122.221938,47.370254],[-122.223353,47.370266],[-122.223404,47.372465],[-122.220751,47.372505],[-122.220732,47.371595],[-122.212862,47.371552],[-122.209587,47.368471],[-122.20955,47.363494],[-122.209306,47.36302],[-122.208795,47.362707],[-122.20815,47.362587],[-122.20219,47.362585],[-122.202239,47.365275],[-122.197172,47.365265],[-122.196857,47.357957],[-122.197154,47.349977],[-122.196779,47.349745],[-122.192372,47.349591],[-122.191874,47.349318],[-122.191858,47.346762],[-122.192276,47.344242],[-122.193251,47.344537],[-122.194256,47.345156],[-122.195202,47.345505],[-122.196562,47.345649],[-122.199542,47.345661],[-122.200666,47.345345],[-122.201851,47.344696],[-122.203056,47.344507],[-122.204253,47.343528],[-122.205651,47.343517],[-122.206407,47.34489],[-122.207442,47.346046],[-122.20861,47.347065],[-122.209783,47.348976],[-122.209848,47.349582],[-122.20951,47.350648],[-122.208553,47.351608],[-122.208522,47.352531],[-122.208663,47.353428],[-122.20953,47.354091],[-122.214827,47.353791],[-122.249484,47.353653],[-122.249216,47.361066],[-122.255423,47.361107],[-122.255624,47.361507],[-122.255657,47.361967],[-122.256213,47.362627],[-122.256235,47.362915]]],"type":"Polygon"},"properties":{"tract_name":"Census Tract 297.02, King, WA","geoid":"14000US53033029702","ses_index":54,"access_index":28,"kids_per_pitch":121,"median_income":87285,"poverty_rate":6.45,"kids_5_17":603,"facility_count":5,"nearest_facility_km":0.811,"data_year":"ACS 2023 5-year"},"type":"Feature"},{"geometry":{"coordinates":[[[-122.28143,47.369884],[-122.280802,47.37018],[-122.280476,47.370586],[-122.280414,47.370898],[-122.280511,47.371652],[-122.280446,47.372104],[-122.279931,47.373185],[-122.27945,47.373658],[-122.279162,47.373783],[-122.278492,47.37386],[-122.275858,47.373385],[-122.275402,47.373365],[-122.274914,47.373454],[-122.274483,47.37377],[-122.273996,47.375076],[-122.274231,47.377396],[-122.274322,47.377957],[-122.274566,47.37836],[-122.274573,47.37864],[-122.273545,47.378293],[-122.272488,47.377489],[-122.27213,47.377428],[-122.26062,47.381092],[-122.247458,47.381361],[-122.247281,47.375116],[-122.247316,47.372984],[-122.247404,47.372633],[-122.248622,47.371093],[-122.248832,47.370648],[-122.249272,47.367716],[-122.250042,47.367572],[-122.25009,47.367482],[-122.250019,47.367194],[-122.25035,47.36698],[-122.25035,47.366854],[-122.250126,47.366663],[-122.250126,47.366547],[-122.25041,47.365999],[-122.250859,47.365427],[-122.251131,47.365383],[-122.251427,47.365457],[-122.251692,47.365747],[-122.252446,47.36604],[-122.252912,47.366115],[-122.253436,47.36583],[-122.253379,47.365731],[-122.252992,47.365575],[-122.252993,47.365377],[-122.253504,47.365219],[-122.254074,47.364467],[-122.255393,47.363666],[-122.256133,47.363022],[-122.256257,47.36278],[-122.256156,47.362537],[-122.255702,47.362066],[-122.255624,47.361507],[-122.255423,47.361107],[-122.249216,47.361066],[-122.249484,47.353653],[-122.264683,47.353706],[-122.265747,47.353874],[-122.266983,47.354298],[-122.267649,47.354722],[-122.268145,47.355186],[-122.268495,47.355687],[-122.269002,47.356705],[-122.269424,47.357175],[-122.270282,47.357625],[-122.270862,47.357749],[-122.271659,47.357786],[-122.271475,47.358169],[-122.27143,47.358467],[-122.272087,47.360247],[-122.272069,47.360833],[-122.27189,47.361309],[-122.271848,47.36169],[-122.27226,47.364767],[-122.272413,47.365086],[-122.276404,47.365019],[-122.276399,47.365421],[-122.280021,47.365431],[-122.280105,47.365511],[-122.280085,47.36675],[-122.281221,47.366751],[-122.281261,47.369501],[-122.28143,47.369884]]],"type":"Polygon"},"properties":{"tract_name":"Census Tract 298.03, King, WA","geoid":"14000US53033029803","ses_index":46,"access_index":6,"kids_per_pitch":641,"median_income":91691,"poverty_rate":19.6,"kids_5_17":641,"facility_count":1,"nearest_facility_km":1.423,"data_year":"ACS 2023 5-year"},"type":"Feature"},{"geometry":{"coordinates":[[[-122.296695,47.358124],[-122.295486,47.363072],[-122.293761,47.36973],[-122.29148,47.369462],[-122.290086,47.369409],[-122.289243,47.369516],[-122.285527,47.370252],[-122.284994,47.370284],[-122.28443,47.370255],[-122.282381,47.369831],[-122.281884,47.369816],[-122.28143,47.369884],[-122.281261,47.369501],[-122.281221,47.366751],[-122.280085,47.36675],[-122.280105,47.365511],[-122.280021,47.365431],[-122.276399,47.365421],[-122.276404,47.365019],[-122.272413,47.365086],[-122.27226,47.364767],[-122.271848,47.36169],[-122.27189,47.361309],[-122.272069,47.360833],[-122.272087,47.360247],[-122.271958,47.359769],[-122.271458,47.358646],[-122.27143,47.358467],[-122.271475,47.358169],[-122.271659,47.357786],[-122.270862,47.357749],[-122.270282,47.357625],[-122.269814,47.35743],[-122.269424,47.357175],[-122.269002,47.356705],[-122.268314,47.355396],[-122.26778,47.354829],[-122.267274,47.354462],[-122.266777,47.354198],[-122.26621,47.353995],[-122.265242,47.353781],[-122.264459,47.353698],[-122.264153,47.352973],[-122.264117,47.352474],[-122.26421,47.352197],[-122.264374,47.351982],[-122.26453,47.351376],[-122.264665,47.351251],[-122.26493,47.3512],[-122.266661,47.351509],[-122.266879,47.351701],[-122.267454,47.352554],[-122.267801,47.352745],[-122.268628,47.352848],[-122.269864,47.35283],[-122.271137,47.353042],[-122.271594,47.353196],[-122.272985,47.354016],[-122.273445,47.354161],[-122.274204,47.354169],[-122.274936,47.354092],[-122.276295,47.35425],[-122.281262,47.354225],[-122.281205,47.357827],[-122.29209,47.357785],[-122.296731,47.357844],[-122.296695,47.358124]]],"type":"Polygon"},"properties":{"tract_name":"Census Tract 298.04, King, WA","geoid":"14000US53033029804","ses_index":68,"access_index":13,"kids_per_pitch":314,"median_income":135018,"poverty_rate":4.3,"kids_5_17":627,"facility_count":2,"nearest_facility_km":0.546,"data_year":"ACS 2023 5-year"},"type":"Feature"},{"geometry":{"coordinates":[[[-122.293582,47.335666],[-122.292973,47.343324],[-122.26594,47.343417],[-122.266176,47.343784],[-122.266265,47.344307],[-122.266091,47.345234],[-122.265517,47.345234],[-122.265485,47.347055],[-122.249683,47.347127],[-122.249811,47.340883],[-122.249735,47.340529],[-122.252613,47.340277],[-122.252948,47.340203],[-122.253446,47.339845],[-122.253585,47.339482],[-122.253458,47.338838],[-122.253462,47.338497],[-122.253829,47.33753],[-122.253719,47.336065],[-122.253956,47.335727],[-122.254477,47.335519],[-122.255102,47.335451],[-122.255164,47.336617],[-122.255325,47.33679],[-122.255683,47.336853],[-122.270804,47.336704],[-122.270814,47.334899],[-122.292543,47.33492],[-122.293317,47.334843],[-122.29364,47.334878],[-122.293582,47.335666]]],"type":"Polygon"},"properties":{"tract_name":"Census Tract 298.05, King, WA","geoid":"14000US53033029805","ses_index":55,"access_index":1,"kids_per_pitch":1730,"median_income":105000,"poverty_rate":12.07,"kids_5_17":865,"facility_count":0,"nearest_facility_km":1.824,"data_year":"ACS 2023 5-year"},"type":"Feature"},{"geometry":{"coordinates":[[[-122.29684,47.356405],[-122.296731,47.357844],[-122.29209,47.357785],[-122.281205,47.357827],[-122.281262,47.354225],[-122.276295,47.35425],[-122.274936,47.354092],[-122.273445,47.354161],[-122.272985,47.354016],[-122.271594,47.353196],[-122.271137,47.353042],[-122.269864,47.35283],[-122.268628,47.352848],[-122.267801,47.352745],[-122.267454,47.352554],[-122.266879,47.351701],[-122.266661,47.351509],[-122.26493,47.3512],[-122.264665,47.351251],[-122.26453,47.351376],[-122.264374,47.351982],[-122.26413,47.352401],[-122.264153,47.352973],[-122.264459,47.353698],[-122.249484,47.353653],[-122.249683,47.347127],[-122.265485,47.347055],[-122.265517,47.345234],[-122.266091,47.345234],[-122.266265,47.344307],[-122.266176,47.343784],[-122.26594,47.343417],[-122.292973,47.343324],[-122.293017,47.344697],[-122.293319,47.346415],[-122.293841,47.347853],[-122.295633,47.351357],[-122.296375,47.353184],[-122.296756,47.354821],[-122.29684,47.356405]]],"type":"Polygon"},"properties":{"tract_name":"Census Tract 298.06, King, WA","geoid":"14000US53033029806","ses_index":52,"access_index":1,"kids_per_pitch":2362,"median_income":98657,"poverty_rate":13.96,"kids_5_17":1181,"facility_count":0,"nearest_facility_km":1.139,"data_year":"ACS 2023 5-year"},"type":"Feature"},{"geometry":{"coordinates":[[[-122.297751,47.315121],[-122.29593,47.319585],[-122.295165,47.321888],[-122.294998,47.322648],[-122.294598,47.324874],[-122.29364,47.334878],[-122.293317,47.334843],[-122.292543,47.33492],[-122.28042,47.33487],[-122.270814,47.334899],[-122.270856,47.33016],[-122.271002,47.326238],[-122.270919,47.315264],[-122.271001,47.315052],[-122.271204,47.314827],[-122.271564,47.314637],[-122.272134,47.314542],[-122.277991,47.314572],[-122.280456,47.314368],[-122.280782,47.314134],[-122.282843,47.314853],[-122.283816,47.31509],[-122.290369,47.315029],[-122.297751,47.315121]]],"type":"Polygon"},"properties":{"tract_name":"Census Tract 299.01, King, WA","geoid":"14000US53033029901","ses_index":52,"access_index":5,"kids_per_pitch":962,"median_income":108239,"poverty_rate":16.8,"kids_5_17":962,"facility_count":1,"nearest_facility_km":0.677,"data_year":"ACS 2023 5-year"},"type":"Feature"},{"geometry":{"coordinates":[[[-122.280578,47.31432],[-122.277991,47.314572],[-122.271914,47.314554],[-122.271234,47.314806],[-122.270934,47.315197],[-122.271002,47.326238],[-122.270856,47.33016],[-122.270804,47.336704],[-122.255552,47.336845],[-122.25527,47.336755],[-122.255148,47.336569],[-122.255102,47.335451],[-122.254652,47.335486],[-122.253956,47.335727],[-122.253719,47.336065],[-122.253829,47.33753],[-122.253462,47.338497],[-122.253585,47.339482],[-122.253446,47.339845],[-122.252948,47.340203],[-122.252613,47.340277],[-122.249879,47.340529],[-122.249735,47.340529],[-122.249471,47.340055],[-122.248744,47.339141],[-122.247446,47.337835],[-122.247181,47.337262],[-122.247149,47.336698],[-122.247389,47.336311],[-122.248791,47.334757],[-122.249043,47.334245],[-122.249745,47.331876],[-122.249802,47.33142],[-122.24989,47.317724],[-122.249814,47.316458],[-122.24988,47.316124],[-122.250205,47.315424],[-122.251693,47.313498],[-122.252721,47.311665],[-122.253046,47.310945],[-122.253832,47.308443],[-122.254136,47.307155],[-122.256552,47.302833],[-122.260715,47.303708],[-122.262228,47.303831],[-122.266325,47.303801],[-122.268845,47.304105],[-122.270311,47.304139],[-122.27194,47.304017],[-122.273188,47.303814],[-122.273737,47.304325],[-122.274087,47.305516],[-122.274401,47.30594],[-122.275724,47.306776],[-122.276061,47.307145],[-122.277752,47.310178],[-122.278699,47.312533],[-122.279009,47.313],[-122.279964,47.313771],[-122.280782,47.314134],[-122.280578,47.31432]]],"type":"Polygon"},"properties":{"tract_name":"Census Tract 299.02, King, WA","geoid":"14000US53033029902","ses_index":70,"access_index":1,"kids_per_pitch":1934,"median_income":143000,"poverty_rate":3.7,"kids_5_17":967,"facility_count":0,"nearest_facility_km":1.62,"data_year":"ACS 2023 5-year"},"type":"Feature"},{"geometry":{"coordinates":[[[-122.331037,47.372071],[-122.314445,47.372225],[-122.313186,47.373593],[-122.313211,47.368811],[-122.299024,47.368662],[-122.298233,47.368832],[-122.29659,47.369546],[-122.295863,47.369772],[-122.294861,47.369845],[-122.293761,47.36973],[-122.296577,47.358739],[-122.296731,47.357844],[-122.309524,47.357943],[-122.311721,47.353665],[-122.312178,47.352265],[-122.312476,47.35089],[-122.312581,47.349189],[-122.312272,47.33721],[-122.312156,47.33685],[-122.312131,47.335832],[-122.312917,47.33588],[-122.313341,47.336118],[-122.313424,47.337354],[-122.313875,47.338099],[-122.314244,47.338454],[-122.316395,47.339949],[-122.317672,47.340665],[-122.318105,47.341],[-122.318272,47.341307],[-122.318437,47.342006],[-122.318828,47.344124],[-122.319435,47.345583],[-122.31977,47.345975],[-122.320958,47.346673],[-122.321601,47.347489],[-122.324272,47.348606],[-122.324833,47.348521],[-122.329706,47.350222],[-122.328913,47.352575],[-122.328913,47.355859],[-122.329533,47.35889],[-122.32916,47.361585],[-122.330031,47.364618],[-122.329533,47.367313],[-122.331037,47.372071]]],"type":"Polygon"},"properties":{"tract_name":"Census Tract 300.03, King, WA","geoid":"14000US53033030003","ses_index":56,"access_index":1,"kids_per_pitch":2082,"median_income":108516,"poverty_rate":11.17,"kids_5_17":1041,"facility_count":0,"nearest_facility_km":1.936,"data_year":"ACS 2023 5-year"},"type":"Feature"},{"geometry":{"coordinates":[[[-122.312399,47.343425],[-122.301857,47.343406],[-122.292973,47.343324],[-122.29344,47.337088],[-122.29414,47.32947],[-122.295798,47.329547],[-122.302153,47.329627],[-122.312207,47.329638],[-122.312036,47.330735],[-122.312008,47.331706],[-122.312156,47.33685],[-122.312272,47.33721],[-122.312399,47.343425]]],"type":"Polygon"},"properties":{"tract_name":"Census Tract 300.05, King, WA","geoid":"14000US53033030005","ses_index":51,"access_index":2,"kids_per_pitch":2552,"median_income":100000,"poverty_rate":15.92,"kids_5_17":1276,"facility_count":0,"nearest_facility_km":0.744,"data_year":"ACS 2023 5-year"},"type":"Feature"},{"geometry":{"coordinates":[[[-122.313352,47.324204],[-122.313342,47.324992],[-122.313119,47.326425],[-122.312334,47.329049],[-122.312207,47.329638],[-122.302153,47.329627],[-122.295798,47.329547],[-122.29414,47.32947],[-122.294386,47.327285],[-122.294598,47.324874],[-122.295165,47.321888],[-122.29593,47.319585],[-122.297751,47.315121],[-122.304941,47.3151],[-122.313299,47.315159],[-122.313245,47.316606],[-122.313288,47.32238],[-122.313376,47.323644],[-122.313352,47.324204]]],"type":"Polygon"},"properties":{"tract_name":"Census Tract 300.06, King, WA","geoid":"14000US53033030006","ses_index":33,"access_index":7,"kids_per_pitch":679,"median_income":55777,"poverty_rate":25.27,"kids_5_17":679,"facility_count":1,"nearest_facility_km":0.61,"data_year":"ACS 2023 5-year"},"type":"Feature"},{"geometry":{"coordinates":[[[-122.312586,47.349611],[-122.312476,47.35089],[-122.312389,47.351387],[-122.312178,47.352265],[-122.31181,47.353431],[-122.311721,47.353665],[-122.311264,47.354628],[-122.309524,47.357943],[-122.304713,47.357942],[-122.304753,47.357854],[-122.304727,47.357193],[-122.304643,47.35702],[-122.304535,47.356919],[-122.304349,47.356825],[-122.30252,47.356246],[-122.30203,47.35606],[-122.301634,47.355861],[-122.301317,47.355657],[-122.30076,47.355172],[-122.3019,47.354593],[-122.302048,47.354466],[-122.302187,47.354272],[-122.302229,47.354127],[-122.302235,47.353938],[-122.302205,47.353818],[-122.301957,47.353314],[-122.301909,47.35302],[-122.30194,47.352813],[-122.302003,47.352648],[-122.302141,47.352446],[-122.302296,47.352288],[-122.302508,47.352137],[-122.302822,47.351993],[-122.303683,47.351767],[-122.304026,47.351623],[-122.304234,47.351487],[-122.304468,47.351273],[-122.304625,47.351058],[-122.304708,47.350843],[-122.304756,47.350428],[-122.3048,47.350268],[-122.306451,47.350284],[-122.306698,47.350246],[-122.306868,47.350188],[-122.30708,47.350047],[-122.307179,47.349909],[-122.307352,47.349177],[-122.307364,47.348169],[-122.307871,47.348174],[-122.309326,47.348353],[-122.309436,47.348216],[-122.309539,47.348161],[-122.310177,47.347999],[-122.310438,47.347972],[-122.310708,47.34798],[-122.310706,47.347898],[-122.310632,47.347751],[-122.310598,47.347583],[-122.312542,47.347578],[-122.312586,47.349611]]],"type":"Polygon"},"properties":{"tract_name":"Census Tract 300.07, King, WA","geoid":"14000US53033030007","ses_index":28,"access_index":1,"kids_per_pitch":1404,"median_income":51010,"poverty_rate":32.07,"kids_5_17":702,"facility_count":0,"nearest_facility_km":1.644,"data_year":"ACS 2023 5-year"},"type":"Feature"},{"geometry":{"coordinates":[[[-122.312542,47.347578],[-122.310598,47.347583],[-122.310708,47.34798],[-122.310177,47.347999],[-122.309539,47.348161],[-122.309436,47.348216],[-122.309326,47.348353],[-122.307871,47.348174],[-122.307364,47.348169],[-122.307328,47.349316],[-122.307179,47.349909],[-122.307005,47.35011],[-122.306698,47.350246],[-122.306451,47.350284],[-122.3048,47.350268],[-122.304708,47.350843],[-122.304625,47.351058],[-122.304468,47.351273],[-122.304234,47.351487],[-122.303861,47.351703],[-122.302658,47.352063],[-122.302394,47.352212],[-122.302141,47.352446],[-122.302003,47.352648],[-122.301909,47.35302],[-122.301957,47.353314],[-122.302235,47.353938],[-122.302187,47.354272],[-122.3019,47.354593],[-122.30076,47.355172],[-122.301317,47.355657],[-122.30203,47.35606],[-122.304349,47.356825],[-122.304535,47.356919],[-122.304643,47.35702],[-122.304727,47.357193],[-122.304753,47.357854],[-122.304713,47.357942],[-122.296731,47.357844],[-122.29684,47.356405],[-122.296819,47.355307],[-122.296641,47.3542],[-122.296458,47.353448],[-122.295805,47.351721],[-122.294015,47.348227],[-122.293469,47.346913],[-122.293137,47.345599],[-122.292988,47.34433],[-122.292973,47.343324],[-122.301857,47.343406],[-122.312399,47.343425],[-122.312542,47.347578]]],"type":"Polygon"},"properties":{"tract_name":"Census Tract 300.08, King, WA","geoid":"14000US53033030008","ses_index":45,"access_index":1,"kids_per_pitch":1322,"median_income":78189,"poverty_rate":16.45,"kids_5_17":661,"facility_count":0,"nearest_facility_km":1.554,"data_year":"ACS 2023 5-year"},"type":"Feature"},{"geometry":{"coordinates":[[[-122.380829,47.330541],[-122.378175,47.333963],[-122.375689,47.336573],[-122.367859,47.339521],[-122.339143,47.345247],[-122.335041,47.347185],[-122.329706,47.350222],[-122.324833,47.348521],[-122.324272,47.348606],[-122.324698,47.34817],[-122.327902,47.345818],[-122.330142,47.344572],[-122.332736,47.343405],[-122.334066,47.342548],[-122.33422,47.342364],[-122.334333,47.34188],[-122.334198,47.340709],[-122.33468,47.340589],[-122.337967,47.340531],[-122.338153,47.340411],[-122.33818,47.339799],[-122.338341,47.339655],[-122.341766,47.339624],[-122.341998,47.339515],[-122.342037,47.338873],[-122.342203,47.338718],[-122.343938,47.338654],[-122.343945,47.337043],[-122.344095,47.336825],[-122.34396,47.336781],[-122.343704,47.336374],[-122.34318,47.336298],[-122.339909,47.3363],[-122.339956,47.335807],[-122.34044,47.33548],[-122.340495,47.334202],[-122.345026,47.334214],[-122.345055,47.331081],[-122.346997,47.330608],[-122.347877,47.330183],[-122.356204,47.32238],[-122.357423,47.321747],[-122.359783,47.321106],[-122.360598,47.320665],[-122.360936,47.320782],[-122.361532,47.32077],[-122.361871,47.320655],[-122.362872,47.319991],[-122.364889,47.319932],[-122.365532,47.319446],[-122.365799,47.319444],[-122.365882,47.31958],[-122.365719,47.320178],[-122.366302,47.32099],[-122.366569,47.321595],[-122.366666,47.322235],[-122.366919,47.322534],[-122.367143,47.323085],[-122.367863,47.32375],[-122.368414,47.325057],[-122.3692,47.325548],[-122.369977,47.326426],[-122.370735,47.327973],[-122.370816,47.328751],[-122.37346,47.327948],[-122.376396,47.326921],[-122.376334,47.328721],[-122.380829,47.330541]]],"type":"Polygon"},"properties":{"tract_name":"Census Tract 301.01, King, WA","geoid":"14000US53033030101","ses_index":63,"access_index":6,"kids_per_pitch":710,"median_income":123298,"poverty_rate":7.21,"kids_5_17":710,"facility_count":1,"nearest_facility_km":0.992,"data_year":"ACS 2023 5-year"},"type":"Feature"},{"geometry":{"coordinates":[[[-122.345043,47.331902],[-122.345026,47.334214],[-122.340495,47.334202],[-122.34044,47.33548],[-122.339994,47.335763],[-122.339907,47.335931],[-122.339909,47.3363],[-122.34318,47.336298],[-122.343704,47.336374],[-122.34396,47.336781],[-122.344095,47.336825],[-122.343945,47.337043],[-122.343938,47.338654],[-122.342203,47.338718],[-122.342037,47.338873],[-122.341998,47.339515],[-122.341766,47.339624],[-122.338341,47.339655],[-122.33818,47.339799],[-122.338153,47.340411],[-122.337967,47.340531],[-122.33468,47.340589],[-122.334198,47.340709],[-122.334328,47.341461],[-122.334333,47.34188],[-122.33422,47.342364],[-122.334066,47.342548],[-122.332736,47.343405],[-122.330142,47.344572],[-122.327902,47.345818],[-122.324698,47.34817],[-122.324272,47.348606],[-122.321681,47.347545],[-122.321355,47.347226],[-122.320958,47.346673],[-122.319946,47.346092],[-122.319586,47.345802],[-122.319331,47.345367],[-122.318828,47.344124],[-122.318437,47.342006],[-122.318272,47.341307],[-122.318105,47.341],[-122.317672,47.340665],[-122.316395,47.339949],[-122.314244,47.338454],[-122.313875,47.338099],[-122.313659,47.337792],[-122.313466,47.337455],[-122.313371,47.337141],[-122.313341,47.336118],[-122.313798,47.33644],[-122.314207,47.336579],[-122.314497,47.336595],[-122.314989,47.336506],[-122.320215,47.334436],[-122.321007,47.333985],[-122.321516,47.333479],[-122.321716,47.33312],[-122.322721,47.330483],[-122.322944,47.33021],[-122.323324,47.330035],[-122.323702,47.330014],[-122.323956,47.330082],[-122.324392,47.330356],[-122.325084,47.331019],[-122.325512,47.331322],[-122.326091,47.331547],[-122.32661,47.331649],[-122.332788,47.33181],[-122.333074,47.331747],[-122.333437,47.331574],[-122.334075,47.330913],[-122.334337,47.33082],[-122.334773,47.33082],[-122.335026,47.330909],[-122.335202,47.331048],[-122.335722,47.331713],[-122.336363,47.332207],[-122.33706,47.332476],[-122.337869,47.332622],[-122.338848,47.332565],[-122.345055,47.331081],[-122.345043,47.331902]]],"type":"Polygon"},"properties":{"tract_name":"Census Tract 301.02, King, WA","geoid":"14000US53033030102","ses_index":67,"access_index":1,"kids_per_pitch":412,"median_income":127173,"poverty_rate":2.55,"kids_5_17":206,"facility_count":0,"nearest_facility_km":1.123,"data_year":"ACS 2023 5-year"},"type":"Feature"},{"geometry":{"coordinates":[[[-122.360949,47.316963],[-122.360904,47.320164],[-122.360785,47.320441],[-122.360598,47.320665],[-122.360188,47.320945],[-122.359783,47.321106],[-122.357423,47.321747],[-122.356801,47.32201],[-122.356204,47.32238],[-122.348053,47.330042],[-122.34755,47.330392],[-122.346997,47.330608],[-122.343174,47.331535],[-122.338848,47.332565],[-122.338237,47.332628],[-122.337297,47.332533],[-122.336363,47.332207],[-122.335722,47.331713],[-122.335119,47.330976],[-122.334908,47.330856],[-122.334605,47.330809],[-122.334671,47.3259],[-122.334653,47.315165],[-122.33752,47.315167],[-122.339655,47.314923],[-122.34164,47.314909],[-122.342818,47.314929],[-122.345165,47.315193],[-122.360949,47.315173],[-122.360949,47.316963]]],"type":"Polygon"},"properties":{"tract_name":"Census Tract 302.01, King, WA","geoid":"14000US53033030201","ses_index":53,"access_index":6,"kids_per_pitch":701,"median_income":90814,"poverty_rate":8.91,"kids_5_17":701,"facility_count":1,"nearest_facility_km":0.828,"data_year":"ACS 2023 5-year"},"type":"Feature"},{"geometry":{"coordinates":[[[-122.334671,47.3259],[-122.334654,47.325997],[-122.329319,47.326012],[-122.329275,47.325919],[-122.330029,47.325919],[-122.330143,47.325861],[-122.330058,47.325707],[-122.329093,47.324803],[-122.327693,47.323378],[-122.326731,47.322612],[-122.326688,47.322396],[-122.32047,47.322416],[-122.313288,47.32238],[-122.313245,47.316606],[-122.313299,47.315159],[-122.334653,47.315165],[-122.334671,47.3259]]],"type":"Polygon"},"properties":{"tract_name":"Census Tract 302.03, King, WA","geoid":"14000US53033030203","ses_index":37,"access_index":1,"kids_per_pitch":1696,"median_income":61378,"poverty_rate":21.54,"kids_5_17":848,"facility_count":0,"nearest_facility_km":0.897,"data_year":"ACS 2023 5-year"},"type":"Feature"},{"geometry":{"coordinates":[[[-122.334653,47.327184],[-122.334605,47.330809],[-122.334337,47.33082],[-122.334002,47.330958],[-122.333527,47.331505],[-122.333195,47.331703],[-122.332788,47.33181],[-122.332036,47.331819],[-122.32661,47.331649],[-122.326349,47.331608],[-122.32592,47.331494],[-122.325402,47.331257],[-122.325084,47.331019],[-122.324392,47.330356],[-122.323956,47.330082],[-122.323702,47.330014],[-122.323324,47.330035],[-122.322944,47.33021],[-122.322721,47.330483],[-122.321805,47.332913],[-122.321562,47.333421],[-122.321007,47.333985],[-122.320465,47.334323],[-122.315304,47.336394],[-122.314692,47.336576],[-122.314207,47.336579],[-122.31394,47.336504],[-122.313595,47.336307],[-122.313122,47.335952],[-122.312917,47.33588],[-122.312131,47.335832],[-122.312048,47.333857],[-122.312008,47.331706],[-122.312036,47.330735],[-122.312101,47.330186],[-122.312334,47.329049],[-122.31293,47.32714],[-122.313119,47.326425],[-122.313292,47.325427],[-122.313342,47.324992],[-122.313376,47.323644],[-122.313288,47.32238],[-122.326688,47.322396],[-122.326731,47.322612],[-122.327693,47.323378],[-122.329093,47.324803],[-122.330058,47.325707],[-122.330143,47.325861],[-122.330029,47.325919],[-122.329275,47.325919],[-122.329319,47.326012],[-122.334654,47.325997],[-122.334653,47.327184]]],"type":"Polygon"},"properties":{"tract_name":"Census Tract 302.04, King, WA","geoid":"14000US53033030204","ses_index":47,"access_index":16,"kids_per_pitch":235,"median_income":95576,"poverty_rate":20.18,"kids_5_17":705,"facility_count":3,"nearest_facility_km":0.502,"data_year":"ACS 2023 5-year"},"type":"Feature"},{"geometry":{"coordinates":[[[-122.363356,47.28276],[-122.356097,47.28261],[-122.347246,47.28261],[-122.346498,47.282446],[-122.344976,47.281875],[-122.344184,47.281763],[-122.338612,47.282588],[-122.334668,47.282635],[-122.334624,47.289878],[-122.318587,47.289853],[-122.315265,47.289686],[-122.313411,47.289741],[-122.306297,47.289658],[-122.30877,47.282458],[-122.309504,47.280788],[-122.312781,47.275353],[-122.314134,47.273297],[-122.315383,47.271649],[-122.317142,47.269662],[-122.32066,47.266341],[-122.322789,47.264517],[-122.327169,47.260377],[-122.328537,47.25896],[-122.329793,47.257364],[-122.334914,47.257366],[-122.335024,47.261003],[-122.33483,47.26311],[-122.347359,47.271644],[-122.357939,47.279023],[-122.359057,47.279923],[-122.363356,47.28276]]],"type":"Polygon"},"properties":{"tract_name":"Census Tract 303.04, King, WA","geoid":"14000US53033030304","ses_index":56,"access_index":4,"kids_per_pitch":945,"median_income":92031,"poverty_rate":5.08,"kids_5_17":945,"facility_count":1,"nearest_facility_km":1.256,"data_year":"ACS 2023 5-year"},"type":"Feature"},{"geometry":{"coordinates":[[[-122.408832,47.325781],[-122.403906,47.326679],[-122.397445,47.33089],[-122.387628,47.331732],[-122.380829,47.330541],[-122.376711,47.328899],[-122.376334,47.328721],[-122.376396,47.326921],[-122.37346,47.327948],[-122.370816,47.328751],[-122.370809,47.328205],[-122.370735,47.327973],[-122.369977,47.326426],[-122.3692,47.325548],[-122.368414,47.325057],[-122.367863,47.32375],[-122.367143,47.323085],[-122.366919,47.322534],[-122.366666,47.322235],[-122.366569,47.321595],[-122.366302,47.32099],[-122.365719,47.320178],[-122.365721,47.319991],[-122.365871,47.319642],[-122.365844,47.319474],[-122.365532,47.319446],[-122.365058,47.319858],[-122.364711,47.319963],[-122.36316,47.319932],[-122.362872,47.319991],[-122.361871,47.320655],[-122.361532,47.32077],[-122.360936,47.320782],[-122.360598,47.320665],[-122.360904,47.320164],[-122.360949,47.315173],[-122.372307,47.315159],[-122.3729,47.315042],[-122.373455,47.314795],[-122.374751,47.313623],[-122.375107,47.313383],[-122.375652,47.313175],[-122.376367,47.313066],[-122.377372,47.313184],[-122.38207,47.314995],[-122.382673,47.315137],[-122.392786,47.315211],[-122.397964,47.31493],[-122.400835,47.315308],[-122.401713,47.315275],[-122.401863,47.315359],[-122.401822,47.317456],[-122.401882,47.317801],[-122.401948,47.317898],[-122.403045,47.317591],[-122.403317,47.317711],[-122.403354,47.319196],[-122.403235,47.322321],[-122.405025,47.323625],[-122.408832,47.325781]]],"type":"Polygon"},"properties":{"tract_name":"Census Tract 303.05, King, WA","geoid":"14000US53033030305","ses_index":67,"access_index":1,"kids_per_pitch":1628,"median_income":126017,"poverty_rate":2.52,"kids_5_17":814,"facility_count":0,"nearest_facility_km":1.628,"data_year":"ACS 2023 5-year"},"type":"Feature"},{"geometry":{"coordinates":[[[-122.423209,47.324018],[-122.415588,47.324742],[-122.408832,47.325781],[-122.405025,47.323625],[-122.403235,47.322321],[-122.403354,47.319196],[-122.403317,47.317711],[-122.403045,47.317591],[-122.401948,47.317898],[-122.401882,47.317801],[-122.401822,47.317456],[-122.40186,47.315317],[-122.400835,47.315308],[-122.397964,47.31493],[-122.392786,47.315211],[-122.382673,47.315137],[-122.38207,47.314995],[-122.377372,47.313184],[-122.376833,47.313082],[-122.376106,47.313086],[-122.375906,47.312739],[-122.375343,47.312427],[-122.372963,47.312092],[-122.373553,47.310972],[-122.374406,47.311145],[-122.375903,47.310996],[-122.37668,47.311218],[-122.376914,47.310935],[-122.376961,47.30763],[-122.376548,47.306701],[-122.376478,47.302075],[-122.376796,47.301015],[-122.376853,47.2953],[-122.381839,47.295506],[-122.384665,47.297508],[-122.385571,47.297909],[-122.389567,47.300597],[-122.391285,47.30202],[-122.423209,47.324018]]],"type":"Polygon"},"properties":{"tract_name":"Census Tract 303.06, King, WA","geoid":"14000US53033030306","ses_index":66,"access_index":10,"kids_per_pitch":412,"median_income":127500,"poverty_rate":3.48,"kids_5_17":824,"facility_count":2,"nearest_facility_km":0.555,"data_year":"ACS 2023 5-year"},"type":"Feature"},{"geometry":{"coordinates":[[[-122.36095,47.314321],[-122.360949,47.315173],[-122.345165,47.315193],[-122.344415,47.315138],[-122.342818,47.314929],[-122.34164,47.314909],[-122.341682,47.313384],[-122.341604,47.312983],[-122.341459,47.312781],[-122.340806,47.312385],[-122.340615,47.312216],[-122.340531,47.312046],[-122.340529,47.311356],[-122.340951,47.310479],[-122.341435,47.309904],[-122.341573,47.309668],[-122.341949,47.307458],[-122.342177,47.307172],[-122.34229,47.306935],[-122.3423,47.306203],[-122.343968,47.306199],[-122.344446,47.30616],[-122.345068,47.306009],[-122.345325,47.305902],[-122.345904,47.305526],[-122.347122,47.304223],[-122.34745,47.303766],[-122.347583,47.303483],[-122.347716,47.302965],[-122.347919,47.300208],[-122.348109,47.299816],[-122.34829,47.299673],[-122.348561,47.299557],[-122.350839,47.298675],[-122.351481,47.299488],[-122.352037,47.300042],[-122.35245,47.300291],[-122.352862,47.300467],[-122.353417,47.30061],[-122.354218,47.300672],[-122.360899,47.300689],[-122.36095,47.314321]]],"type":"Polygon"},"properties":{"tract_name":"Census Tract 303.08, King, WA","geoid":"14000US53033030308","ses_index":47,"access_index":8,"kids_per_pitch":556,"median_income":82074,"poverty_rate":14.3,"kids_5_17":1112,"facility_count":2,"nearest_facility_km":0.554,"data_year":"ACS 2023 5-year"},"type":"Feature"},{"geometry":{"coordinates":[[[-122.350839,47.298675],[-122.348561,47.299557],[-122.34829,47.299673],[-122.348109,47.299816],[-122.347919,47.300208],[-122.347716,47.302965],[-122.347583,47.303483],[-122.34745,47.303766],[-122.347122,47.304223],[-122.345904,47.305526],[-122.345325,47.305902],[-122.344446,47.30616],[-122.3423,47.306203],[-122.34229,47.306935],[-122.342177,47.307172],[-122.341949,47.307458],[-122.341573,47.309668],[-122.341435,47.309904],[-122.340951,47.310479],[-122.340529,47.311356],[-122.340531,47.312046],[-122.340615,47.312216],[-122.340806,47.312385],[-122.341459,47.312781],[-122.341604,47.312983],[-122.341682,47.313384],[-122.34164,47.314909],[-122.339655,47.314923],[-122.33752,47.315167],[-122.334653,47.315165],[-122.334635,47.306978],[-122.334549,47.306192],[-122.334358,47.305593],[-122.333895,47.304726],[-122.333571,47.304269],[-122.333117,47.303784],[-122.329714,47.300944],[-122.32927,47.300469],[-122.328903,47.299813],[-122.328749,47.299208],[-122.328741,47.298906],[-122.328769,47.298583],[-122.328878,47.298203],[-122.329202,47.297573],[-122.329527,47.297179],[-122.331071,47.295687],[-122.331526,47.295341],[-122.331948,47.295119],[-122.333015,47.29476],[-122.333747,47.294428],[-122.334153,47.294136],[-122.334543,47.293701],[-122.334762,47.293292],[-122.334862,47.292772],[-122.334626,47.291648],[-122.334624,47.289878],[-122.33568,47.289922],[-122.336215,47.290097],[-122.33646,47.290251],[-122.336614,47.290409],[-122.336804,47.290757],[-122.337061,47.29199],[-122.337229,47.292357],[-122.337467,47.292651],[-122.337726,47.292873],[-122.338183,47.293135],[-122.338654,47.293312],[-122.339184,47.293418],[-122.342031,47.293696],[-122.342827,47.293944],[-122.343384,47.294259],[-122.343798,47.294614],[-122.344089,47.295011],[-122.344728,47.296533],[-122.345041,47.296902],[-122.345613,47.297276],[-122.346109,47.29746],[-122.346618,47.297567],[-122.347239,47.297608],[-122.348298,47.29757],[-122.349257,47.297728],[-122.349681,47.297871],[-122.350182,47.298118],[-122.350839,47.298675]]],"type":"Polygon"},"properties":{"tract_name":"Census Tract 303.09, King, WA","geoid":"14000US53033030309","ses_index":49,"access_index":1,"kids_per_pitch":1106,"median_income":81733,"poverty_rate":11.26,"kids_5_17":553,"facility_count":0,"nearest_facility_km":1.026,"data_year":"ACS 2023 5-year"},"type":"Feature"},{"geometry":{"coordinates":[[[-122.361154,47.2864],[-122.360899,47.300689],[-122.353948,47.300666],[-122.353417,47.30061],[-122.352862,47.300467],[-122.352037,47.300042],[-122.351481,47.299488],[-122.350717,47.298536],[-122.350322,47.298209],[-122.349861,47.297948],[-122.349257,47.297728],[-122.348613,47.297599],[-122.346911,47.297597],[-122.346351,47.29752],[-122.345613,47.297276],[-122.345313,47.297095],[-122.345041,47.296902],[-122.344728,47.296533],[-122.34422,47.295292],[-122.343949,47.294793],[-122.343384,47.294259],[-122.342827,47.293944],[-122.342291,47.29376],[-122.341734,47.293644],[-122.338897,47.293369],[-122.337958,47.293022],[-122.337467,47.292651],[-122.337229,47.292357],[-122.337061,47.29199],[-122.336804,47.290757],[-122.336614,47.290409],[-122.33646,47.290251],[-122.336215,47.290097],[-122.33568,47.289922],[-122.334624,47.289878],[-122.334668,47.282635],[-122.337381,47.282654],[-122.338612,47.282588],[-122.339806,47.282434],[-122.343249,47.281846],[-122.344184,47.281763],[-122.344976,47.281875],[-122.346498,47.282446],[-122.347246,47.28261],[-122.35544,47.282604],[-122.361152,47.282697],[-122.361154,47.2864]]],"type":"Polygon"},"properties":{"tract_name":"Census Tract 303.10, King, WA","geoid":"14000US53033030310","ses_index":54,"access_index":5,"kids_per_pitch":819,"median_income":107500,"poverty_rate":14.21,"kids_5_17":819,"facility_count":1,"nearest_facility_km":0.996,"data_year":"ACS 2023 5-year"},"type":"Feature"},{"geometry":{"coordinates":[[[-122.376971,47.307958],[-122.376928,47.310871],[-122.376787,47.311125],[-122.37668,47.311218],[-122.376121,47.311028],[-122.375621,47.310987],[-122.374406,47.311145],[-122.373922,47.311088],[-122.373553,47.310972],[-122.372963,47.312092],[-122.373905,47.312277],[-122.375343,47.312427],[-122.375674,47.312565],[-122.375906,47.312739],[-122.376106,47.313086],[-122.375508,47.313217],[-122.374986,47.313452],[-122.374493,47.313849],[-122.373786,47.314544],[-122.373289,47.314886],[-122.372804,47.315069],[-122.372069,47.315176],[-122.360949,47.315173],[-122.360899,47.300689],[-122.365315,47.300687],[-122.366158,47.300578],[-122.366846,47.300377],[-122.367469,47.300039],[-122.368591,47.299028],[-122.37099,47.300211],[-122.37151,47.300576],[-122.372126,47.301267],[-122.372353,47.301376],[-122.372665,47.301448],[-122.372954,47.300995],[-122.373633,47.300446],[-122.374054,47.299492],[-122.374307,47.299286],[-122.374722,47.299187],[-122.376824,47.299194],[-122.376787,47.30111],[-122.376524,47.301804],[-122.376478,47.302075],[-122.376542,47.306541],[-122.376593,47.306889],[-122.376947,47.307552],[-122.376971,47.307958]]],"type":"Polygon"},"properties":{"tract_name":"Census Tract 303.11, King, WA","geoid":"14000US53033030311","ses_index":55,"access_index":1,"kids_per_pitch":2614,"median_income":109909,"poverty_rate":13.55,"kids_5_17":1307,"facility_count":0,"nearest_facility_km":0.92,"data_year":"ACS 2023 5-year"},"type":"Feature"},{"geometry":{"coordinates":[[[-122.381839,47.295506],[-122.376853,47.2953],[-122.376824,47.299194],[-122.374722,47.299187],[-122.374307,47.299286],[-122.374054,47.299492],[-122.373633,47.300446],[-122.372954,47.300995],[-122.372665,47.301448],[-122.372353,47.301376],[-122.372126,47.301267],[-122.37151,47.300576],[-122.37099,47.300211],[-122.368591,47.299028],[-122.367469,47.300039],[-122.366846,47.300377],[-122.366158,47.300578],[-122.365315,47.300687],[-122.360899,47.300689],[-122.361141,47.287474],[-122.361152,47.282697],[-122.363356,47.28276],[-122.381839,47.295506]]],"type":"Polygon"},"properties":{"tract_name":"Census Tract 303.12, King, WA","geoid":"14000US53033030312","ses_index":54,"access_index":2,"kids_per_pitch":1340,"median_income":87972,"poverty_rate":6.01,"kids_5_17":670,"facility_count":0,"nearest_facility_km":0.542,"data_year":"ACS 2023 5-year"},"type":"Feature"},{"geometry":{"coordinates":[[[-122.334855,47.292907],[-122.334627,47.293568],[-122.334027,47.294239],[-122.333435,47.294591],[-122.33213,47.295042],[-122.331371,47.295442],[-122.329335,47.297395],[-122.328941,47.298043],[-122.328769,47.298583],[-122.328749,47.299208],[-122.328903,47.299813],[-122.324909,47.300536],[-122.323743,47.300672],[-122.313475,47.300667],[-122.313539,47.304287],[-122.313457,47.310199],[-122.313506,47.315159],[-122.297751,47.315121],[-122.300731,47.307815],[-122.303181,47.300602],[-122.302667,47.3006],[-122.306297,47.289658],[-122.313411,47.289741],[-122.313605,47.289677],[-122.315265,47.289686],[-122.318587,47.289853],[-122.334624,47.289878],[-122.334626,47.291648],[-122.334852,47.292591],[-122.334855,47.292907]]],"type":"Polygon"},"properties":{"tract_name":"Census Tract 303.13, King, WA","geoid":"14000US53033030313","ses_index":38,"access_index":2,"kids_per_pitch":2544,"median_income":61364,"poverty_rate":20.21,"kids_5_17":1272,"facility_count":0,"nearest_facility_km":0.849,"data_year":"ACS 2023 5-year"},"type":"Feature"},{"geometry":{"coordinates":[[[-122.334653,47.315165],[-122.313506,47.315159],[-122.313457,47.310199],[-122.313539,47.304287],[-122.313475,47.300667],[-122.323743,47.300672],[-122.324909,47.300536],[-122.328903,47.299813],[-122.329175,47.300343],[-122.329714,47.300944],[-122.3324,47.303145],[-122.333117,47.303784],[-122.333571,47.304269],[-122.333895,47.304726],[-122.334358,47.305593],[-122.334549,47.306192],[-122.334635,47.306978],[-122.334653,47.315165]]],"type":"Polygon"},"properties":{"tract_name":"Census Tract 303.14, King, WA","geoid":"14000US53033030314","ses_index":45,"access_index":22,"kids_per_pitch":164,"median_income":68790,"poverty_rate":13.07,"kids_5_17":492,"facility_count":3,"nearest_facility_km":0.575,"data_year":"ACS 2023 5-year"},"type":"Feature"},{"geometry":{"coordinates":[[[-122.32965,47.257561],[-122.328537,47.25896],[-122.327169,47.260377],[-122.322789,47.264517],[-122.32066,47.266341],[-122.318164,47.268643],[-122.316073,47.270828],[-122.314134,47.273297],[-122.312781,47.275353],[-122.310606,47.278899],[-122.309895,47.277879],[-122.30884,47.278294],[-122.308599,47.278502],[-122.308438,47.278859],[-122.308302,47.278906],[-122.297659,47.278906],[-122.297779,47.269974],[-122.299406,47.27],[-122.30036,47.269917],[-122.301826,47.269914],[-122.302803,47.270082],[-122.303816,47.269744],[-122.296507,47.259955],[-122.294596,47.257246],[-122.301683,47.257317],[-122.312059,47.257284],[-122.329793,47.257364],[-122.32965,47.257561]]],"type":"Polygon"},"properties":{"tract_name":"Census Tract 304.03, King, WA","geoid":"14000US53033030403","ses_index":61,"access_index":1,"kids_per_pitch":1696,"median_income":101620,"poverty_rate":2.11,"kids_5_17":848,"facility_count":0,"nearest_facility_km":0.967,"data_year":"ACS 2023 5-year"},"type":"Feature"},{"geometry":{"coordinates":[[[-122.303663,47.269798],[-122.302803,47.270082],[-122.301826,47.269914],[-122.297779,47.269974],[-122.297659,47.278906],[-122.275327,47.278925],[-122.275779,47.276909],[-122.27589,47.2767],[-122.276407,47.276146],[-122.27765,47.275317],[-122.265814,47.275263],[-122.265656,47.275114],[-122.265751,47.27452],[-122.26492,47.27357],[-122.264906,47.273989],[-122.265145,47.274214],[-122.26514,47.274586],[-122.26494,47.274863],[-122.264207,47.275034],[-122.263655,47.275016],[-122.263442,47.275369],[-122.2633,47.275407],[-122.261711,47.274763],[-122.261515,47.274761],[-122.261238,47.274917],[-122.261099,47.275262],[-122.261375,47.275475],[-122.261348,47.275656],[-122.260468,47.276075],[-122.260552,47.276417],[-122.260494,47.276623],[-122.259545,47.278239],[-122.259286,47.278461],[-122.259964,47.275536],[-122.261071,47.272603],[-122.26121,47.27097],[-122.261917,47.268404],[-122.262935,47.26534],[-122.262917,47.264263],[-122.263267,47.26299],[-122.263328,47.262355],[-122.262957,47.260439],[-122.263057,47.259031],[-122.262889,47.258605],[-122.262152,47.257374],[-122.273159,47.257299],[-122.27404,47.257374],[-122.274331,47.257313],[-122.285399,47.257259],[-122.288766,47.257151],[-122.294596,47.257246],[-122.296507,47.259955],[-122.303229,47.26892],[-122.303816,47.269744],[-122.303663,47.269798]]],"type":"Polygon"},"properties":{"tract_name":"Census Tract 304.04, King, WA","geoid":"14000US53033030404","ses_index":60,"access_index":1,"kids_per_pitch":1608,"median_income":122188,"poverty_rate":11.36,"kids_5_17":804,"facility_count":0,"nearest_facility_km":1.802,"data_year":"ACS 2023 5-year"},"type":"Feature"},{"geometry":{"coordinates":[[[-122.28699,47.294591],[-122.286981,47.296885],[-122.276314,47.302613],[-122.275055,47.303187],[-122.273188,47.303814],[-122.27194,47.304017],[-122.270311,47.304139],[-122.268845,47.304105],[-122.266325,47.303801],[-122.262228,47.303831],[-122.260715,47.303708],[-122.256552,47.302833],[-122.257254,47.301733],[-122.260154,47.298243],[-122.260335,47.297927],[-122.260527,47.297172],[-122.260462,47.296121],[-122.259249,47.291671],[-122.259034,47.288962],[-122.258785,47.288001],[-122.259305,47.284141],[-122.25917,47.279157],[-122.25926,47.278595],[-122.259286,47.278461],[-122.259369,47.278458],[-122.259545,47.278239],[-122.260494,47.276623],[-122.260552,47.276417],[-122.260468,47.276075],[-122.261348,47.275656],[-122.261375,47.275475],[-122.261099,47.275262],[-122.261238,47.274917],[-122.261515,47.274761],[-122.261711,47.274763],[-122.2633,47.275407],[-122.263442,47.275369],[-122.263655,47.275016],[-122.264207,47.275034],[-122.26494,47.274863],[-122.26514,47.274586],[-122.265145,47.274214],[-122.264906,47.273989],[-122.26492,47.27357],[-122.265751,47.27452],[-122.265656,47.275114],[-122.265814,47.275263],[-122.27765,47.275317],[-122.276407,47.276146],[-122.27589,47.2767],[-122.275779,47.276909],[-122.275327,47.278925],[-122.275115,47.279343],[-122.271628,47.284604],[-122.271055,47.285666],[-122.270997,47.286179],[-122.284384,47.28616],[-122.284466,47.289811],[-122.286899,47.289688],[-122.286988,47.290008],[-122.28699,47.294591]]],"type":"Polygon"},"properties":{"tract_name":"Census Tract 304.05, King, WA","geoid":"14000US53033030405","ses_index":63,"access_index":1,"kids_per_pitch":2154,"median_income":108750,"poverty_rate":1.7,"kids_5_17":1077,"facility_count":0,"nearest_facility_km":2.209,"data_year":"ACS 2023 5-year"},"type":"Feature"},{"geometry":{"coordinates":[[[-122.310528,47.279018],[-122.309687,47.280434],[-122.308936,47.282034],[-122.306335,47.289546],[-122.303061,47.28954],[-122.302364,47.28959],[-122.301587,47.289685],[-122.299904,47.290076],[-122.29934,47.289749],[-122.296257,47.289677],[-122.296211,47.288448],[-122.292631,47.288417],[-122.292415,47.288451],[-122.292286,47.288562],[-122.292283,47.287182],[-122.29238,47.287182],[-122.292392,47.286465],[-122.292285,47.286113],[-122.291256,47.286118],[-122.289737,47.287613],[-122.289407,47.288285],[-122.289405,47.288924],[-122.288656,47.289728],[-122.287796,47.289733],[-122.287794,47.289999],[-122.286988,47.290008],[-122.286899,47.289688],[-122.284466,47.289811],[-122.284384,47.28616],[-122.270997,47.286179],[-122.271055,47.285666],[-122.271628,47.284604],[-122.274874,47.279723],[-122.275327,47.278925],[-122.308119,47.278918],[-122.308411,47.278883],[-122.308599,47.278502],[-122.30884,47.278294],[-122.309895,47.277879],[-122.310606,47.278899],[-122.310528,47.279018]]],"type":"Polygon"},"properties":{"tract_name":"Census Tract 304.06, King, WA","geoid":"14000US53033030406","ses_index":65,"access_index":1,"kids_per_pitch":1198,"median_income":125595,"poverty_rate":4.31,"kids_5_17":599,"facility_count":0,"nearest_facility_km":1.677,"data_year":"ACS 2023 5-year"},"type":"Feature"},{"geometry":{"coordinates":[[[-122.306297,47.289658],[-122.302667,47.3006],[-122.303181,47.300602],[-122.300731,47.307815],[-122.297751,47.315121],[-122.290369,47.315029],[-122.283816,47.31509],[-122.282188,47.31464],[-122.280266,47.313928],[-122.279491,47.313451],[-122.279009,47.313],[-122.278699,47.312533],[-122.277752,47.310178],[-122.276061,47.307145],[-122.275724,47.306776],[-122.274401,47.30594],[-122.274087,47.305516],[-122.273737,47.304325],[-122.273188,47.303814],[-122.275055,47.303187],[-122.276314,47.302613],[-122.286981,47.296885],[-122.286988,47.290008],[-122.287794,47.289999],[-122.287796,47.289733],[-122.288656,47.289728],[-122.289405,47.288924],[-122.289407,47.288285],[-122.289737,47.287613],[-122.291256,47.286118],[-122.292285,47.286113],[-122.292392,47.286465],[-122.29238,47.287182],[-122.292283,47.287182],[-122.292286,47.288562],[-122.292415,47.288451],[-122.292631,47.288417],[-122.296211,47.288448],[-122.296257,47.289677],[-122.29934,47.289749],[-122.299904,47.290076],[-122.301587,47.289685],[-122.303061,47.28954],[-122.306335,47.289546],[-122.306297,47.289658]]],"type":"Polygon"},"properties":{"tract_name":"Census Tract 304.07, King, WA","geoid":"14000US53033030407","ses_index":49,"access_index":12,"kids_per_pitch":473,"median_income":100727,"poverty_rate":18.55,"kids_5_17":473,"facility_count":1,"nearest_facility_km":0.278,"data_year":"ACS 2023 5-year"},"type":"Feature"},{"geometry":{"coordinates":[[[-122.256508,47.3029],[-122.254136,47.307155],[-122.253832,47.308443],[-122.253046,47.310945],[-122.252721,47.311665],[-122.251693,47.313498],[-122.250205,47.315424],[-122.249982,47.315822],[-122.249814,47.316458],[-122.24989,47.317724],[-122.249745,47.331876],[-122.249043,47.334245],[-122.248791,47.334757],[-122.247389,47.336311],[-122.247149,47.336698],[-122.247126,47.337037],[-122.247446,47.337835],[-122.248744,47.339141],[-122.249471,47.340055],[-122.249742,47.340543],[-122.249811,47.340883],[-122.249484,47.353653],[-122.236405,47.353653],[-122.229173,47.353769],[-122.22815,47.352257],[-122.223119,47.347577],[-122.222493,47.346648],[-122.222306,47.345641],[-122.222294,47.334603],[-122.22163,47.3326],[-122.221585,47.331367],[-122.221469,47.318503],[-122.221565,47.31783],[-122.221757,47.317403],[-122.222157,47.316883],[-122.22425,47.314824],[-122.225966,47.312237],[-122.226143,47.312124],[-122.228576,47.307383],[-122.228676,47.303034],[-122.231426,47.303467],[-122.232747,47.303519],[-122.25155,47.302186],[-122.252883,47.302215],[-122.25449,47.302404],[-122.256552,47.302833],[-122.256508,47.3029]]],"type":"Polygon"},"properties":{"tract_name":"Census Tract 305.01, King, WA","geoid":"14000US53033030501","ses_index":32,"access_index":1,"kids_per_pitch":774,"median_income":33423,"poverty_rate":18.31,"kids_5_17":387,"facility_count":0,"nearest_facility_km":1.964,"data_year":"ACS 2023 5-year"},"type":"Feature"},{"geometry":{"coordinates":[[[-122.229173,47.353769],[-122.221172,47.353821],[-122.214827,47.353791],[-122.21042,47.353993],[-122.20953,47.354091],[-122.208663,47.353428],[-122.208522,47.352531],[-122.208598,47.351835],[-122.208553,47.351608],[-122.209154,47.350935],[-122.20951,47.350648],[-122.209848,47.349582],[-122.209783,47.348976],[-122.208978,47.347803],[-122.20861,47.347065],[-122.207442,47.346046],[-122.206407,47.34489],[-122.205651,47.343517],[-122.20566,47.342143],[-122.206582,47.340949],[-122.207493,47.340318],[-122.207538,47.340216],[-122.208161,47.33982],[-122.208429,47.339569],[-122.208836,47.338963],[-122.208982,47.338521],[-122.209,47.337766],[-122.209072,47.337676],[-122.208679,47.336587],[-122.20873,47.336314],[-122.209267,47.335758],[-122.210918,47.334985],[-122.21186,47.334351],[-122.212491,47.333626],[-122.212594,47.333343],[-122.212602,47.332965],[-122.212438,47.332433],[-122.212279,47.332313],[-122.212007,47.331652],[-122.211936,47.331214],[-122.21201,47.330862],[-122.211802,47.330225],[-122.211818,47.329996],[-122.211108,47.328405],[-122.210706,47.327693],[-122.210177,47.32746],[-122.210486,47.326895],[-122.210524,47.326432],[-122.214096,47.326482],[-122.221551,47.326445],[-122.221605,47.332329],[-122.221711,47.332932],[-122.22219,47.334119],[-122.222294,47.334603],[-122.222306,47.345641],[-122.222395,47.346352],[-122.222553,47.346779],[-122.222926,47.347367],[-122.22815,47.352257],[-122.228795,47.353111],[-122.229173,47.353769]]],"type":"Polygon"},"properties":{"tract_name":"Census Tract 305.03, King, WA","geoid":"14000US53033030503","ses_index":53,"access_index":1,"kids_per_pitch":2742,"median_income":95278,"poverty_rate":11.34,"kids_5_17":1371,"facility_count":0,"nearest_facility_km":2.439,"data_year":"ACS 2023 5-year"},"type":"Feature"},{"geometry":{"coordinates":[[[-122.22283,47.316137],[-122.222157,47.316883],[-122.221757,47.317403],[-122.221565,47.31783],[-122.221503,47.318094],[-122.221469,47.318503],[-122.22152,47.320862],[-122.221551,47.326445],[-122.214096,47.326482],[-122.210524,47.326432],[-122.210486,47.326895],[-122.210177,47.32746],[-122.209103,47.327253],[-122.208315,47.327331],[-122.207484,47.327305],[-122.207014,47.327359],[-122.205216,47.327107],[-122.204566,47.326857],[-122.203982,47.326369],[-122.20376,47.325961],[-122.203234,47.325612],[-122.202747,47.324428],[-122.202907,47.324021],[-122.202807,47.323777],[-122.202681,47.322674],[-122.202792,47.322013],[-122.203039,47.321551],[-122.203439,47.32106],[-122.203837,47.320832],[-122.204444,47.320713],[-122.205484,47.320849],[-122.205918,47.32084],[-122.206741,47.320981],[-122.207457,47.320992],[-122.2081,47.320829],[-122.208636,47.320537],[-122.209013,47.320125],[-122.209008,47.319712],[-122.209192,47.318699],[-122.208949,47.318107],[-122.208804,47.318022],[-122.208409,47.31746],[-122.207162,47.316687],[-122.205959,47.315756],[-122.20573,47.315457],[-122.208238,47.315468],[-122.222287,47.314956],[-122.22251,47.315017],[-122.222653,47.315106],[-122.223342,47.315674],[-122.22283,47.316137]]],"type":"Polygon"},"properties":{"tract_name":"Census Tract 305.04, King, WA","geoid":"14000US53033030504","ses_index":49,"access_index":1,"kids_per_pitch":1624,"median_income":82227,"poverty_rate":12.61,"kids_5_17":812,"facility_count":0,"nearest_facility_km":1.305,"data_year":"ACS 2023 5-year"},"type":"Feature"},{"geometry":{"coordinates":[[[-122.228676,47.30311],[-122.228576,47.307383],[-122.226143,47.312124],[-122.225966,47.312237],[-122.22425,47.314824],[-122.223342,47.315674],[-122.22251,47.315017],[-122.22196,47.314949],[-122.208238,47.315468],[-122.20573,47.315457],[-122.205284,47.314383],[-122.204918,47.31389],[-122.204076,47.313039],[-122.203666,47.312441],[-122.203306,47.312098],[-122.202455,47.311624],[-122.20121,47.310325],[-122.200938,47.309663],[-122.200915,47.308013],[-122.200743,47.307595],[-122.199915,47.307042],[-122.199592,47.30639],[-122.1998,47.30609],[-122.199911,47.305707],[-122.199863,47.305117],[-122.199677,47.304756],[-122.199,47.304287],[-122.198034,47.303971],[-122.197745,47.303892],[-122.197619,47.304309],[-122.19771,47.304724],[-122.197981,47.305197],[-122.197875,47.305426],[-122.19771,47.305532],[-122.1963,47.305828],[-122.194262,47.305923],[-122.1938,47.305863],[-122.193086,47.305588],[-122.192769,47.305349],[-122.192597,47.304931],[-122.192627,47.304737],[-122.193171,47.304067],[-122.193259,47.303749],[-122.193296,47.303441],[-122.19311,47.302989],[-122.192519,47.302615],[-122.191148,47.302205],[-122.18891,47.301813],[-122.188491,47.301857],[-122.188078,47.302313],[-122.187997,47.302517],[-122.187996,47.30278],[-122.188197,47.303268],[-122.188701,47.303696],[-122.188758,47.303836],[-122.189667,47.304185],[-122.189905,47.304365],[-122.18999,47.304573],[-122.190293,47.304778],[-122.190493,47.305265],[-122.190464,47.305459],[-122.190319,47.305638],[-122.190015,47.305697],[-122.189768,47.305895],[-122.188156,47.306359],[-122.187715,47.306219],[-122.187139,47.30588],[-122.186598,47.305496],[-122.186311,47.305064],[-122.185828,47.304819],[-122.182645,47.304122],[-122.181034,47.304059],[-122.179337,47.303788],[-122.177059,47.302985],[-122.181454,47.299508],[-122.182242,47.299121],[-122.183236,47.298767],[-122.184541,47.298489],[-122.185706,47.298409],[-122.187032,47.298475],[-122.188119,47.29866],[-122.197172,47.300971],[-122.197793,47.301015],[-122.20355,47.302665],[-122.205154,47.302991],[-122.207418,47.303309],[-122.209623,47.30348],[-122.211547,47.303514],[-122.222008,47.303318],[-122.226916,47.302893],[-122.228348,47.302979],[-122.228676,47.303034],[-122.228676,47.30311]]],"type":"Polygon"},"properties":{"tract_name":"Census Tract 306, King, WA","geoid":"14000US53033030600","ses_index":55,"access_index":5,"kids_per_pitch":690,"median_income":90972,"poverty_rate":6.28,"kids_5_17":690,"facility_count":1,"nearest_facility_km":1.847,"data_year":"ACS 2023 5-year"},"type":"Feature"},{"geometry":{"coordinates":[[[-122.228921,47.294022],[-122.228878,47.297992],[-122.228692,47.300406],[-122.228676,47.303034],[-122.228039,47.302946],[-122.226916,47.302893],[-122.22579,47.302965],[-122.222422,47.303301],[-122.213381,47.303469],[-122.213396,47.294235],[-122.212709,47.293724],[-122.2187,47.293677],[-122.218654,47.291973],[-122.218699,47.291734],[-122.218716,47.29006],[-122.228887,47.290014],[-122.228921,47.294022]]],"type":"Polygon"},"properties":{"tract_name":"Census Tract 307, King, WA","geoid":"14000US53033030700","ses_index":48,"access_index":2,"kids_per_pitch":1114,"median_income":73333,"poverty_rate":9.27,"kids_5_17":557,"facility_count":0,"nearest_facility_km":0.6,"data_year":"ACS 2023 5-year"},"type":"Feature"},{"geometry":{"coordinates":[[[-122.260527,47.297172],[-122.260154,47.298243],[-122.257254,47.301733],[-122.256552,47.302833],[-122.253816,47.302314],[-122.25155,47.302186],[-122.232747,47.303519],[-122.231426,47.303467],[-122.228676,47.303034],[-122.228692,47.300406],[-122.228878,47.297992],[-122.228887,47.290014],[-122.221389,47.290054],[-122.221341,47.282802],[-122.213355,47.282833],[-122.213406,47.276838],[-122.212046,47.276715],[-122.209448,47.27586],[-122.208871,47.275943],[-122.208869,47.276772],[-122.208029,47.276819],[-122.208081,47.27492],[-122.2095,47.274654],[-122.211356,47.274518],[-122.212078,47.274678],[-122.214562,47.274608],[-122.216852,47.274199],[-122.217909,47.27358],[-122.218627,47.272537],[-122.21951,47.272027],[-122.220806,47.27106],[-122.221291,47.270777],[-122.223162,47.270413],[-122.223423,47.270249],[-122.224293,47.269177],[-122.225053,47.268766],[-122.22572,47.268165],[-122.225519,47.267509],[-122.22578,47.267082],[-122.229097,47.266248],[-122.229982,47.265887],[-122.230358,47.271933],[-122.236833,47.271897],[-122.236788,47.275482],[-122.239444,47.275484],[-122.239422,47.279126],[-122.246449,47.279092],[-122.24643,47.283509],[-122.245954,47.285156],[-122.243549,47.289021],[-122.240393,47.293638],[-122.259746,47.293495],[-122.260462,47.296121],[-122.260527,47.297172]]],"type":"Polygon"},"properties":{"tract_name":"Census Tract 308.01, King, WA","geoid":"14000US53033030801","ses_index":50,"access_index":6,"kids_per_pitch":614,"median_income":72993,"poverty_rate":7.36,"kids_5_17":1842,"facility_count":3,"nearest_facility_km":1.101,"data_year":"ACS 2023 5-year"},"type":"Feature"},{"geometry":{"coordinates":[[[-122.221389,47.290054],[-122.218716,47.29006],[-122.218699,47.291734],[-122.218654,47.291973],[-122.2187,47.293677],[-122.212709,47.293724],[-122.212392,47.293488],[-122.211648,47.29312],[-122.21016,47.292467],[-122.209306,47.292185],[-122.208037,47.291886],[-122.208006,47.284107],[-122.208036,47.281897],[-122.207941,47.281038],[-122.208029,47.276819],[-122.208869,47.276772],[-122.208871,47.275943],[-122.209448,47.27586],[-122.210051,47.276085],[-122.212046,47.276715],[-122.213406,47.276838],[-122.213355,47.282833],[-122.221341,47.282802],[-122.221389,47.290054]]],"type":"Polygon"},"properties":{"tract_name":"Census Tract 308.02, King, WA","geoid":"14000US53033030802","ses_index":42,"access_index":5,"kids_per_pitch":900,"median_income":81688,"poverty_rate":22.11,"kids_5_17":900,"facility_count":1,"nearest_facility_km":0.758,"data_year":"ACS 2023 5-year"},"type":"Feature"},{"geometry":{"coordinates":[[[-122.262902,47.265468],[-122.261917,47.268404],[-122.261433,47.270308],[-122.26121,47.27097],[-122.261071,47.272603],[-122.259964,47.275536],[-122.259595,47.27695],[-122.25917,47.279157],[-122.259305,47.284141],[-122.258785,47.288001],[-122.258823,47.288308],[-122.259034,47.288962],[-122.259249,47.291671],[-122.259746,47.293495],[-122.240393,47.293638],[-122.243549,47.289021],[-122.245203,47.286427],[-122.245954,47.285156],[-122.246205,47.28449],[-122.24643,47.283509],[-122.246505,47.282212],[-122.246449,47.279092],[-122.247188,47.279092],[-122.247229,47.272927],[-122.250022,47.272902],[-122.250178,47.266405],[-122.257537,47.266531],[-122.258724,47.264789],[-122.259885,47.264822],[-122.262935,47.26534],[-122.262902,47.265468]]],"type":"Polygon"},"properties":{"tract_name":"Census Tract 309.01, King, WA","geoid":"14000US53033030901","ses_index":49,"access_index":1,"kids_per_pitch":1918,"median_income":85000,"poverty_rate":12.41,"kids_5_17":959,"facility_count":0,"nearest_facility_km":0.974,"data_year":"ACS 2023 5-year"},"type":"Feature"},{"geometry":{"coordinates":[[[-122.263299,47.262653],[-122.263267,47.26299],[-122.262917,47.264263],[-122.262935,47.26534],[-122.259885,47.264822],[-122.258724,47.264789],[-122.257537,47.266531],[-122.250178,47.266405],[-122.250022,47.272902],[-122.247229,47.272927],[-122.247188,47.279092],[-122.239422,47.279126],[-122.239444,47.275484],[-122.236788,47.275482],[-122.236833,47.271897],[-122.230358,47.271933],[-122.229495,47.257556],[-122.255584,47.257377],[-122.258124,47.257345],[-122.258511,47.25725],[-122.26036,47.257381],[-122.262152,47.257374],[-122.262889,47.258605],[-122.263057,47.259031],[-122.262957,47.260439],[-122.263328,47.262355],[-122.263299,47.262653]]],"type":"Polygon"},"properties":{"tract_name":"Census Tract 309.02, King, WA","geoid":"14000US53033030902","ses_index":56,"access_index":5,"kids_per_pitch":1246,"median_income":115688,"poverty_rate":14.28,"kids_5_17":1246,"facility_count":1,"nearest_facility_km":0.678,"data_year":"ACS 2023 5-year"},"type":"Feature"},{"geometry":{"coordinates":[[[-122.229982,47.265887],[-122.229097,47.266248],[-122.22578,47.267082],[-122.225519,47.267509],[-122.22572,47.268165],[-122.225053,47.268766],[-122.224293,47.269177],[-122.223423,47.270249],[-122.223162,47.270413],[-122.221291,47.270777],[-122.220806,47.27106],[-122.218627,47.272537],[-122.217909,47.27358],[-122.216852,47.274199],[-122.214562,47.274608],[-122.212078,47.274678],[-122.211688,47.274528],[-122.210822,47.274547],[-122.208134,47.27492],[-122.206133,47.274971],[-122.205021,47.275188],[-122.204781,47.275535],[-122.203219,47.27599],[-122.200536,47.277038],[-122.200051,47.277584],[-122.199962,47.278166],[-122.199205,47.279516],[-122.198436,47.280568],[-122.197849,47.281134],[-122.195064,47.282202],[-122.194469,47.282882],[-122.191923,47.283866],[-122.187717,47.284534],[-122.187089,47.284468],[-122.184861,47.284971],[-122.183561,47.284998],[-122.181816,47.284556],[-122.181493,47.28415],[-122.180988,47.28387],[-122.178893,47.28312],[-122.178622,47.28294],[-122.178595,47.281946],[-122.178351,47.281621],[-122.176608,47.280755],[-122.174541,47.28024],[-122.172672,47.280249],[-122.171281,47.279942],[-122.169895,47.279149],[-122.16781,47.278368],[-122.166753,47.277755],[-122.165612,47.277404],[-122.164733,47.27686],[-122.163955,47.276016],[-122.163156,47.275814],[-122.162465,47.275459],[-122.161134,47.274214],[-122.158138,47.272766],[-122.158118,47.272531],[-122.158416,47.271967],[-122.15749,47.271124],[-122.156447,47.269782],[-122.155886,47.268744],[-122.155753,47.267973],[-122.156086,47.267174],[-122.157085,47.266051],[-122.15718,47.265575],[-122.156838,47.264813],[-122.155871,47.264036],[-122.154538,47.263729],[-122.153402,47.262887],[-122.152736,47.262785],[-122.150271,47.263284],[-122.148673,47.263367],[-122.147737,47.262672],[-122.147422,47.262274],[-122.147306,47.261736],[-122.144786,47.259654],[-122.144648,47.258974],[-122.144149,47.25856],[-122.14344,47.257521],[-122.176126,47.257536],[-122.186763,47.257305],[-122.229494,47.257538],[-122.229982,47.265887]]],"type":"Polygon"},"properties":{"tract_name":"Census Tract 310, King, WA","geoid":"14000US53033031000","ses_index":70,"access_index":1,"kids_per_pitch":1378,"median_income":137157,"poverty_rate":2.11,"kids_5_17":689,"facility_count":0,"nearest_facility_km":1.582,"data_year":"ACS 2023 5-year"},"type":"Feature"},{"geometry":{"coordinates":[[[-122.213399,47.297334],[-122.213381,47.303469],[-122.209623,47.30348],[-122.207418,47.303309],[-122.205154,47.302991],[-122.202503,47.302402],[-122.197623,47.300971],[-122.197172,47.300971],[-122.188119,47.29866],[-122.187032,47.298475],[-122.185706,47.298409],[-122.184541,47.298489],[-122.183236,47.298767],[-122.182242,47.299121],[-122.181454,47.299508],[-122.177059,47.302985],[-122.175926,47.302534],[-122.175868,47.302394],[-122.17535,47.301931],[-122.174544,47.301298],[-122.174126,47.301079],[-122.173961,47.30081],[-122.17301,47.300092],[-122.172449,47.299525],[-122.172292,47.299142],[-122.172215,47.298555],[-122.172273,47.298431],[-122.171133,47.296321],[-122.170673,47.295734],[-122.169673,47.294763],[-122.168543,47.294005],[-122.167829,47.29373],[-122.166905,47.293609],[-122.165315,47.29373],[-122.164867,47.293704],[-122.164312,47.293549],[-122.163548,47.291555],[-122.163238,47.291201],[-122.162763,47.290842],[-122.162383,47.290315],[-122.162239,47.29023],[-122.162153,47.290021],[-122.161577,47.289682],[-122.161103,47.28906],[-122.160361,47.288406],[-122.161228,47.286622],[-122.164756,47.282897],[-122.166922,47.281819],[-122.167415,47.281477],[-122.177104,47.287755],[-122.178056,47.288161],[-122.179895,47.288249],[-122.190139,47.288246],[-122.193517,47.288489],[-122.196857,47.289091],[-122.209306,47.292185],[-122.21016,47.292467],[-122.212392,47.293488],[-122.213396,47.294235],[-122.213399,47.297334]]],"type":"Polygon"},"properties":{"tract_name":"Census Tract 311.01, King, WA","geoid":"14000US53033031101","ses_index":49,"access_index":1,"kids_per_pitch":1814,"median_income":81142,"poverty_rate":10.87,"kids_5_17":907,"facility_count":0,"nearest_facility_km":2.308,"data_year":"ACS 2023 5-year"},"type":"Feature"},{"geometry":{"coordinates":[[[-122.208078,47.275014],[-122.207941,47.281038],[-122.208036,47.281897],[-122.208037,47.291886],[-122.196857,47.289091],[-122.194815,47.288679],[-122.1927,47.288385],[-122.190139,47.288246],[-122.179895,47.288249],[-122.178541,47.288231],[-122.178056,47.288161],[-122.177104,47.287755],[-122.167415,47.281477],[-122.170279,47.279329],[-122.17092,47.27977],[-122.171814,47.280086],[-122.172672,47.280249],[-122.174541,47.28024],[-122.175561,47.280514],[-122.176076,47.280574],[-122.177412,47.281098],[-122.177963,47.281341],[-122.178351,47.281621],[-122.178595,47.281946],[-122.178631,47.282289],[-122.178568,47.282696],[-122.178622,47.28294],[-122.178893,47.28312],[-122.179787,47.283508],[-122.180988,47.28387],[-122.181493,47.28415],[-122.181816,47.284556],[-122.183082,47.284917],[-122.184283,47.285025],[-122.184861,47.284971],[-122.18543,47.28489],[-122.187089,47.284468],[-122.187717,47.284534],[-122.191923,47.283866],[-122.19303,47.2835],[-122.194469,47.282882],[-122.195064,47.282202],[-122.195983,47.281911],[-122.196124,47.281789],[-122.197075,47.28151],[-122.197458,47.281247],[-122.197849,47.281134],[-122.198436,47.280568],[-122.199205,47.279516],[-122.199555,47.278771],[-122.199962,47.278166],[-122.199919,47.278061],[-122.200051,47.277584],[-122.200536,47.277038],[-122.200797,47.276875],[-122.202445,47.276366],[-122.203219,47.27599],[-122.203725,47.275891],[-122.204781,47.275535],[-122.205021,47.275188],[-122.206133,47.274971],[-122.20718,47.274993],[-122.208081,47.27492],[-122.208078,47.275014]]],"type":"Polygon"},"properties":{"tract_name":"Census Tract 311.02, King, WA","geoid":"14000US53033031102","ses_index":53,"access_index":14,"kids_per_pitch":252,"median_income":83368,"poverty_rate":6.24,"kids_5_17":504,"facility_count":2,"nearest_facility_km":0.889,"data_year":"ACS 2023 5-year"},"type":"Feature"},{"geometry":{"coordinates":[[[-122.170157,47.279421],[-122.166922,47.281819],[-122.164756,47.282897],[-122.161228,47.286622],[-122.160361,47.288406],[-122.158444,47.287155],[-122.150204,47.284978],[-122.144513,47.284059],[-122.14279,47.283444],[-122.141403,47.283526],[-122.140612,47.284394],[-122.139637,47.284282],[-122.138175,47.282047],[-122.134862,47.280097],[-122.134008,47.278947],[-122.133253,47.276838],[-122.131945,47.275513],[-122.131324,47.275333],[-122.127032,47.277519],[-122.125503,47.276989],[-122.123297,47.277172],[-122.118052,47.274769],[-122.110405,47.276103],[-122.106639,47.275442],[-122.105728,47.275619],[-122.104756,47.276447],[-122.105165,47.277044],[-122.106023,47.277141],[-122.106296,47.277539],[-122.105454,47.278416],[-122.104478,47.278568],[-122.102942,47.278152],[-122.101099,47.277118],[-122.099762,47.27719],[-122.098408,47.27655],[-122.09754,47.276831],[-122.097067,47.277411],[-122.097522,47.278789],[-122.095842,47.279754],[-122.091948,47.280305],[-122.089723,47.278685],[-122.08879,47.278473],[-122.08765,47.278823],[-122.087233,47.279806],[-122.088047,47.281528],[-122.087918,47.282681],[-122.08687,47.284124],[-122.085915,47.28446],[-122.082432,47.284759],[-122.076762,47.283451],[-122.073542,47.283323],[-122.069194,47.285231],[-122.063706,47.285717],[-122.061066,47.285138],[-122.060555,47.284823],[-122.060106,47.283858],[-122.057872,47.282937],[-122.048322,47.280952],[-122.045505,47.281008],[-122.04384,47.280541],[-122.043105,47.279142],[-122.044576,47.278332],[-122.044446,47.277079],[-122.041288,47.275097],[-122.040197,47.275233],[-122.039522,47.275852],[-122.038421,47.27971],[-122.03711,47.28158],[-122.034414,47.283003],[-122.031776,47.283363],[-122.031309,47.282889],[-122.031976,47.280242],[-122.030915,47.278982],[-122.030261,47.27738],[-122.030901,47.275602],[-122.030696,47.274966],[-122.027922,47.273924],[-122.026159,47.274152],[-122.024277,47.273689],[-122.020215,47.274173],[-122.019605,47.274817],[-122.019148,47.276108],[-122.01817,47.28107],[-122.01712,47.282513],[-122.015119,47.283764],[-122.012259,47.283715],[-122.009447,47.282981],[-122.008602,47.281979],[-122.009052,47.280539],[-122.008319,47.278877],[-122.006939,47.277904],[-122.005491,47.277432],[-122.00412,47.277283],[-122.002117,47.277595],[-121.998981,47.28025],[-121.997995,47.280778],[-121.99728,47.280766],[-121.99615,47.28027],[-121.991637,47.276941],[-121.993078,47.27344],[-121.993487,47.271389],[-121.993333,47.269963],[-121.992753,47.268765],[-121.991198,47.267455],[-121.986919,47.26536],[-121.986007,47.264214],[-121.985685,47.263094],[-121.985564,47.260592],[-121.985831,47.259502],[-121.989387,47.254308],[-121.990024,47.252508],[-121.989694,47.228285],[-122.101643,47.228247],[-122.101673,47.224437],[-122.107591,47.224575],[-122.113884,47.218654],[-122.115415,47.220028],[-122.115686,47.220689],[-122.115023,47.22187],[-122.113952,47.222454],[-122.113036,47.223631],[-122.116309,47.224882],[-122.117514,47.225865],[-122.117568,47.22659],[-122.115767,47.227747],[-122.114864,47.22897],[-122.116085,47.230196],[-122.116161,47.230782],[-122.115747,47.231344],[-122.118768,47.230773],[-122.120549,47.230833],[-122.122813,47.232019],[-122.125459,47.232316],[-122.125963,47.233285],[-122.125873,47.234026],[-122.123849,47.235143],[-122.122965,47.236207],[-122.122511,47.237241],[-122.122629,47.23863],[-122.123775,47.23991],[-122.128399,47.241276],[-122.132051,47.243543],[-122.134264,47.243987],[-122.135148,47.244979],[-122.135499,47.246598],[-122.137585,47.246821],[-122.137317,47.248936],[-122.138334,47.250645],[-122.13793,47.250924],[-122.137673,47.253037],[-122.136834,47.254504],[-122.138477,47.25541],[-122.142331,47.256526],[-122.143698,47.256595],[-122.143976,47.257526],[-122.14344,47.257521],[-122.144648,47.258974],[-122.144786,47.259654],[-122.147306,47.261736],[-122.147737,47.262672],[-122.148673,47.263367],[-122.152736,47.262785],[-122.156288,47.264306],[-122.15718,47.265575],[-122.155892,47.267564],[-122.155886,47.268744],[-122.158416,47.271967],[-122.158138,47.272766],[-122.161134,47.274214],[-122.162465,47.275459],[-122.163955,47.276016],[-122.165612,47.277404],[-122.170157,47.279421]]],"type":"Polygon"},"properties":{"tract_name":"Census Tract 312.02, King, WA","geoid":"14000US53033031202","ses_index":56,"access_index":0,"kids_per_pitch":2546,"median_income":110986,"poverty_rate":12.53,"kids_5_17":1273,"facility_count":0,"nearest_facility_km":7.408,"data_year":"ACS 2023 5-year"},"type":"Feature"},{"geometry":{"coordinates":[[[-122.176931,47.303095],[-122.174517,47.305583],[-122.171612,47.30958],[-122.168413,47.315415],[-122.166979,47.317505],[-122.161332,47.32379],[-122.160633,47.325092],[-122.159524,47.328473],[-122.158721,47.329829],[-122.157718,47.330937],[-122.155922,47.33237],[-122.151529,47.334429],[-122.149579,47.336027],[-122.148249,47.337889],[-122.146678,47.342179],[-122.145805,47.343532],[-122.13943,47.343532],[-122.139048,47.343396],[-122.138638,47.342791],[-122.138457,47.342967],[-122.138707,47.344284],[-122.137961,47.343551],[-122.135767,47.343597],[-122.134911,47.343938],[-122.123837,47.336339],[-122.122588,47.33498],[-122.121443,47.332255],[-122.120375,47.331217],[-122.087516,47.307003],[-122.08679,47.305804],[-122.086375,47.301044],[-122.082469,47.297808],[-122.081303,47.297654],[-122.058814,47.297565],[-122.057367,47.298056],[-122.052173,47.301416],[-122.051266,47.300619],[-122.050706,47.299762],[-122.050454,47.298687],[-122.050534,47.297953],[-122.051216,47.296641],[-122.053607,47.294683],[-122.054009,47.293809],[-122.053659,47.293022],[-122.052143,47.291618],[-122.051299,47.290461],[-122.050822,47.289201],[-122.050745,47.287851],[-122.051109,47.286469],[-122.051641,47.285546],[-122.053289,47.283626],[-122.054835,47.282259],[-122.059501,47.283449],[-122.060106,47.283858],[-122.060555,47.284823],[-122.061066,47.285138],[-122.062154,47.285528],[-122.063706,47.285717],[-122.065174,47.285433],[-122.067001,47.285492],[-122.069194,47.285231],[-122.072305,47.283638],[-122.073542,47.283323],[-122.076762,47.283451],[-122.079372,47.284224],[-122.082432,47.284759],[-122.084548,47.284724],[-122.08687,47.284124],[-122.087793,47.283043],[-122.088047,47.281528],[-122.087234,47.279543],[-122.08765,47.278823],[-122.088085,47.278551],[-122.089723,47.278685],[-122.091111,47.279806],[-122.092324,47.280327],[-122.095842,47.279754],[-122.097304,47.279057],[-122.097522,47.278789],[-122.097067,47.277411],[-122.09754,47.276831],[-122.098408,47.27655],[-122.099762,47.27719],[-122.101099,47.277118],[-122.10372,47.278452],[-122.105454,47.278416],[-122.106296,47.277539],[-122.106023,47.277141],[-122.105165,47.277044],[-122.104756,47.276447],[-122.105728,47.275619],[-122.106639,47.275442],[-122.108018,47.275476],[-122.110405,47.276103],[-122.114815,47.275134],[-122.118052,47.274769],[-122.11971,47.27535],[-122.123297,47.277172],[-122.125503,47.276989],[-122.127032,47.277519],[-122.130204,47.275663],[-122.131324,47.275333],[-122.131945,47.275513],[-122.133253,47.276838],[-122.133896,47.278141],[-122.134008,47.278947],[-122.134862,47.280097],[-122.135927,47.28083],[-122.137196,47.28126],[-122.138175,47.282047],[-122.138778,47.28272],[-122.139048,47.283645],[-122.139637,47.284282],[-122.140612,47.284394],[-122.141403,47.283526],[-122.142379,47.283374],[-122.144513,47.284059],[-122.151447,47.285276],[-122.159088,47.287445],[-122.162153,47.290021],[-122.163548,47.291555],[-122.164312,47.293549],[-122.167829,47.29373],[-122.169673,47.294763],[-122.171133,47.296321],[-122.172273,47.298431],[-122.172449,47.299525],[-122.175926,47.302534],[-122.177059,47.302985],[-122.176931,47.303095]]],"type":"Polygon"},"properties":{"tract_name":"Census Tract 312.04, King, WA","geoid":"14000US53033031204","ses_index":71,"access_index":0,"kids_per_pitch":2028,"median_income":141250,"poverty_rate":1.99,"kids_5_17":1014,"facility_count":0,"nearest_facility_km":5.509,"data_year":"ACS 2023 5-year"},"type":"Feature"},{"geometry":{"coordinates":[[[-122.20573,47.315457],[-122.204018,47.315458],[-122.203296,47.315608],[-122.202371,47.315942],[-122.202166,47.316171],[-122.202116,47.316478],[-122.202333,47.317955],[-122.202127,47.317956],[-122.202009,47.317903],[-122.201912,47.317542],[-122.201341,47.316769],[-122.200678,47.316353],[-122.200653,47.316207],[-122.200789,47.315982],[-122.200793,47.315803],[-122.199495,47.313438],[-122.199149,47.312974],[-122.198951,47.312983],[-122.198855,47.313102],[-122.198627,47.313919],[-122.198669,47.315101],[-122.198541,47.315307],[-122.198319,47.315411],[-122.187077,47.315323],[-122.187064,47.318953],[-122.176419,47.318893],[-122.176405,47.322481],[-122.169291,47.322393],[-122.168973,47.322208],[-122.167531,47.3218],[-122.166243,47.321162],[-122.165757,47.320694],[-122.165572,47.319904],[-122.165284,47.319432],[-122.166979,47.317505],[-122.1681,47.315925],[-122.170563,47.311655],[-122.171612,47.30958],[-122.174517,47.305583],[-122.175641,47.30436],[-122.177059,47.302985],[-122.179337,47.303788],[-122.181034,47.304059],[-122.182645,47.304122],[-122.185828,47.304819],[-122.186311,47.305064],[-122.186598,47.305496],[-122.187139,47.30588],[-122.187715,47.306219],[-122.188156,47.306359],[-122.189768,47.305895],[-122.190015,47.305697],[-122.190319,47.305638],[-122.190464,47.305459],[-122.190493,47.305265],[-122.190293,47.304778],[-122.18999,47.304573],[-122.189905,47.304365],[-122.189667,47.304185],[-122.188758,47.303836],[-122.188701,47.303696],[-122.188197,47.303268],[-122.187996,47.30278],[-122.188078,47.302313],[-122.188491,47.301857],[-122.18891,47.301813],[-122.191148,47.302205],[-122.192519,47.302615],[-122.19311,47.302989],[-122.193296,47.303441],[-122.193259,47.303749],[-122.193171,47.304067],[-122.192627,47.304737],[-122.192597,47.304931],[-122.192769,47.305349],[-122.193086,47.305588],[-122.1938,47.305863],[-122.194262,47.305923],[-122.1963,47.305828],[-122.19771,47.305532],[-122.197875,47.305426],[-122.197981,47.305197],[-122.197619,47.304495],[-122.197745,47.303892],[-122.199,47.304287],[-122.199677,47.304756],[-122.199863,47.305117],[-122.199911,47.305707],[-122.1998,47.30609],[-122.199592,47.30639],[-122.199915,47.307042],[-122.200743,47.307595],[-122.200915,47.308013],[-122.200938,47.309663],[-122.20121,47.310325],[-122.202455,47.311624],[-122.203306,47.312098],[-122.203666,47.312441],[-122.204076,47.313039],[-122.204918,47.31389],[-122.205284,47.314383],[-122.20573,47.315457]]],"type":"Polygon"},"properties":{"tract_name":"Census Tract 312.06, King, WA","geoid":"14000US53033031206","ses_index":55,"access_index":4,"kids_per_pitch":1073,"median_income":101555,"poverty_rate":9.86,"kids_5_17":1073,"facility_count":1,"nearest_facility_km":1.405,"data_year":"ACS 2023 5-year"},"type":"Feature"},{"geometry":{"coordinates":[[[-122.187067,47.324521],[-122.187042,47.325486],[-122.186949,47.325976],[-122.186869,47.32988],[-122.166653,47.329633],[-122.166226,47.329699],[-122.165894,47.329894],[-122.165727,47.330194],[-122.165657,47.330934],[-122.16539,47.331201],[-122.165079,47.331315],[-122.165509,47.332159],[-122.165664,47.333003],[-122.165501,47.343439],[-122.145819,47.343515],[-122.14611,47.343174],[-122.146678,47.342179],[-122.148112,47.338195],[-122.148417,47.337575],[-122.148956,47.336751],[-122.150013,47.33559],[-122.151529,47.334429],[-122.152674,47.333823],[-122.155922,47.33237],[-122.157339,47.331277],[-122.158229,47.330413],[-122.159007,47.329417],[-122.159524,47.328473],[-122.160633,47.325092],[-122.161332,47.32379],[-122.162134,47.322784],[-122.165284,47.319432],[-122.165572,47.319904],[-122.165757,47.320694],[-122.166243,47.321162],[-122.167531,47.3218],[-122.168973,47.322208],[-122.169291,47.322393],[-122.176405,47.322481],[-122.176403,47.323333],[-122.178741,47.323361],[-122.178723,47.324303],[-122.184775,47.324369],[-122.186225,47.324078],[-122.18708,47.32405],[-122.187067,47.324521]]],"type":"Polygon"},"properties":{"tract_name":"Census Tract 312.07, King, WA","geoid":"14000US53033031207","ses_index":46,"access_index":1,"kids_per_pitch":2596,"median_income":104500,"poverty_rate":24.73,"kids_5_17":1298,"facility_count":0,"nearest_facility_km":1.468,"data_year":"ACS 2023 5-year"},"type":"Feature"},{"geometry":{"coordinates":[[[-122.210059,47.327586],[-122.209111,47.32854],[-122.208085,47.328097],[-122.202082,47.326657],[-122.201926,47.328294],[-122.201128,47.328822],[-122.200931,47.329159],[-122.200813,47.329594],[-122.20047,47.329926],[-122.199247,47.330652],[-122.19872,47.330878],[-122.198273,47.330792],[-122.197374,47.330014],[-122.196944,47.32989],[-122.186869,47.32988],[-122.186949,47.325976],[-122.187042,47.325486],[-122.18708,47.32405],[-122.186225,47.324078],[-122.184775,47.324369],[-122.178723,47.324303],[-122.178741,47.323361],[-122.176403,47.323333],[-122.176419,47.318893],[-122.187064,47.318953],[-122.187077,47.315323],[-122.198319,47.315411],[-122.198541,47.315307],[-122.198669,47.315101],[-122.198627,47.313919],[-122.198855,47.313102],[-122.198951,47.312983],[-122.199149,47.312974],[-122.199495,47.313438],[-122.200793,47.315803],[-122.200789,47.315982],[-122.200653,47.316207],[-122.200678,47.316353],[-122.201409,47.316845],[-122.201912,47.317542],[-122.202043,47.317941],[-122.202333,47.317955],[-122.202116,47.316478],[-122.202166,47.316171],[-122.202371,47.315942],[-122.203296,47.315608],[-122.204018,47.315458],[-122.20573,47.315457],[-122.205959,47.315756],[-122.207162,47.316687],[-122.208409,47.31746],[-122.208804,47.318022],[-122.208949,47.318107],[-122.209192,47.318699],[-122.209008,47.319712],[-122.209013,47.320125],[-122.208636,47.320537],[-122.2081,47.320829],[-122.207457,47.320992],[-122.206741,47.320981],[-122.204444,47.320713],[-122.203837,47.320832],[-122.203439,47.32106],[-122.203039,47.321551],[-122.202792,47.322013],[-122.202681,47.322674],[-122.202807,47.323777],[-122.202907,47.324021],[-122.202747,47.324428],[-122.203234,47.325612],[-122.20376,47.325961],[-122.203982,47.326369],[-122.204566,47.326857],[-122.205216,47.327107],[-122.207014,47.327359],[-122.209103,47.327253],[-122.210177,47.32746],[-122.210059,47.327586]]],"type":"Polygon"},"properties":{"tract_name":"Census Tract 312.08, King, WA","geoid":"14000US53033031208","ses_index":60,"access_index":1,"kids_per_pitch":1556,"median_income":109732,"poverty_rate":6.51,"kids_5_17":778,"facility_count":0,"nearest_facility_km":1.717,"data_year":"ACS 2023 5-year"},"type":"Feature"},{"geometry":{"coordinates":[[[-122.115889,47.216246],[-122.115796,47.216641],[-122.11504,47.217182],[-122.113242,47.217785],[-122.113884,47.218654],[-122.107591,47.224575],[-122.101673,47.224437],[-122.101643,47.228247],[-121.989694,47.228285],[-121.989631,47.213875],[-122.004024,47.213804],[-122.006483,47.212816],[-122.008536,47.213132],[-122.010732,47.212938],[-122.010903,47.213813],[-122.012264,47.212795],[-122.014858,47.211773],[-122.016258,47.21204],[-122.0164,47.191549],[-122.026004,47.193677],[-122.032324,47.195519],[-122.037489,47.195504],[-122.037653,47.194477],[-122.038285,47.193683],[-122.042752,47.192157],[-122.048177,47.192],[-122.048114,47.184838],[-122.037498,47.184723],[-122.037439,47.172687],[-122.041464,47.172725],[-122.041715,47.1725],[-122.042155,47.172557],[-122.04355,47.171706],[-122.045483,47.171176],[-122.047485,47.17123],[-122.048664,47.171677],[-122.050936,47.173895],[-122.052952,47.174964],[-122.053992,47.176254],[-122.054191,47.177119],[-122.05382,47.177824],[-122.054297,47.178601],[-122.058429,47.179912],[-122.059544,47.181032],[-122.060092,47.182054],[-122.061992,47.183763],[-122.063212,47.18575],[-122.065883,47.187132],[-122.068222,47.187839],[-122.070158,47.187644],[-122.073932,47.188512],[-122.078183,47.189152],[-122.079426,47.189574],[-122.080011,47.190025],[-122.081336,47.190224],[-122.08291,47.191622],[-122.083487,47.192507],[-122.085447,47.19347],[-122.087813,47.194063],[-122.092927,47.194489],[-122.094764,47.194977],[-122.095162,47.195642],[-122.094227,47.196256],[-122.093935,47.196727],[-122.094831,47.198199],[-122.096828,47.199578],[-122.100713,47.200071],[-122.10285,47.2025],[-122.103855,47.204119],[-122.105305,47.205109],[-122.106021,47.205903],[-122.107022,47.207627],[-122.107811,47.208416],[-122.110303,47.209943],[-122.110601,47.21062],[-122.110557,47.211839],[-122.110916,47.212528],[-122.115014,47.21527],[-122.115889,47.216246]]],"type":"Polygon"},"properties":{"tract_name":"Census Tract 313.01, King, WA","geoid":"14000US53033031301","ses_index":63,"access_index":0,"kids_per_pitch":434,"median_income":120658,"poverty_rate":6.08,"kids_5_17":217,"facility_count":0,"nearest_facility_km":4.379,"data_year":"ACS 2023 5-year"},"type":"Feature"},{"geometry":{"coordinates":[[[-122.048177,47.192],[-122.043802,47.192015],[-122.042752,47.192157],[-122.038285,47.193683],[-122.037869,47.194081],[-122.037653,47.194477],[-122.037489,47.195504],[-122.032324,47.195519],[-122.026004,47.193677],[-122.0164,47.191549],[-122.016484,47.193174],[-122.016291,47.195929],[-122.016268,47.199314],[-121.993803,47.19938],[-121.992464,47.199177],[-121.990813,47.199408],[-121.984263,47.199448],[-121.984162,47.17771],[-121.984442,47.177548],[-121.994515,47.177495],[-121.994642,47.172692],[-121.997451,47.172192],[-121.999515,47.171075],[-122.000597,47.170196],[-122.001728,47.170035],[-122.002948,47.170022],[-122.004533,47.170195],[-122.005619,47.170483],[-122.006774,47.170964],[-122.006622,47.171413],[-122.006589,47.172556],[-122.006695,47.172877],[-122.007072,47.173276],[-122.008136,47.173921],[-122.009758,47.175403],[-122.012362,47.176047],[-122.014261,47.175788],[-122.017102,47.174699],[-122.019091,47.174522],[-122.019404,47.174616],[-122.021531,47.174057],[-122.022306,47.173974],[-122.025776,47.174133],[-122.02732,47.174386],[-122.028883,47.174919],[-122.029635,47.175057],[-122.031934,47.175007],[-122.034389,47.174232],[-122.035922,47.172943],[-122.037439,47.172687],[-122.037498,47.184723],[-122.047793,47.184745],[-122.048114,47.184838],[-122.048177,47.192]]],"type":"Polygon"},"properties":{"tract_name":"Census Tract 313.02, King, WA","geoid":"14000US53033031302","ses_index":64,"access_index":6,"kids_per_pitch":650,"median_income":123699,"poverty_rate":5.14,"kids_5_17":650,"facility_count":1,"nearest_facility_km":1.861,"data_year":"ACS 2023 5-year"},"type":"Feature"},{"geometry":{"coordinates":[[[-122.016249,47.203696],[-122.016258,47.21204],[-122.015738,47.211997],[-122.015265,47.21175],[-122.014858,47.211773],[-122.014008,47.212216],[-122.013488,47.212319],[-122.01282,47.212674],[-122.012264,47.212795],[-122.011596,47.213374],[-122.010903,47.213813],[-122.010907,47.213134],[-122.010732,47.212938],[-122.008536,47.213132],[-122.006483,47.212816],[-122.006021,47.212944],[-122.004427,47.213746],[-122.004024,47.213804],[-121.992899,47.213804],[-121.984314,47.213977],[-121.963059,47.213819],[-121.963722,47.199135],[-121.984738,47.199452],[-121.990813,47.199408],[-121.992464,47.199177],[-121.993803,47.19938],[-122.016268,47.199314],[-122.016249,47.203696]]],"type":"Polygon"},"properties":{"tract_name":"Census Tract 314, King, WA","geoid":"14000US53033031400","ses_index":64,"access_index":1,"kids_per_pitch":1512,"median_income":122436,"poverty_rate":5.28,"kids_5_17":756,"facility_count":0,"nearest_facility_km":1.427,"data_year":"ACS 2023 5-year"},"type":"Feature"},{"geometry":{"coordinates":[[[-121.993487,47.271117],[-121.991637,47.276941],[-121.988822,47.275823],[-121.988453,47.272776],[-121.98724,47.272747],[-121.984517,47.275978],[-121.987576,47.278393],[-121.987352,47.279451],[-121.980051,47.279357],[-121.980745,47.281328],[-121.978732,47.282016],[-121.977162,47.283522],[-121.975515,47.282562],[-121.974522,47.282941],[-121.974364,47.285903],[-121.973228,47.288076],[-121.972977,47.290943],[-121.971903,47.290586],[-121.970239,47.287976],[-121.96743,47.287917],[-121.966282,47.290731],[-121.963603,47.293539],[-121.959824,47.295658],[-121.956468,47.296268],[-121.950367,47.3006],[-121.950082,47.301105],[-121.951336,47.303381],[-121.95057,47.304318],[-121.946219,47.306509],[-121.942558,47.307177],[-121.941934,47.308462],[-121.943254,47.312378],[-121.942195,47.313935],[-121.944594,47.315803],[-121.944654,47.317294],[-121.949133,47.318498],[-121.948904,47.321022],[-121.947021,47.321498],[-121.944026,47.320985],[-121.937216,47.317674],[-121.935418,47.319298],[-121.934241,47.319282],[-121.934069,47.322882],[-121.937175,47.324377],[-121.939615,47.326803],[-121.939573,47.330182],[-121.940264,47.3325],[-121.943363,47.335842],[-121.940999,47.335562],[-121.938957,47.338629],[-121.94494,47.341824],[-121.947343,47.343749],[-121.94673,47.34709],[-121.948957,47.355489],[-121.950511,47.356346],[-121.974036,47.357827],[-121.97385,47.362195],[-121.969574,47.365094],[-121.970514,47.367059],[-121.973791,47.36975],[-121.975652,47.373512],[-121.971588,47.374635],[-121.968619,47.373445],[-121.962943,47.37462],[-121.957556,47.378618],[-121.957693,47.379397],[-121.959266,47.380121],[-121.958488,47.381319],[-121.953864,47.381815],[-121.95417,47.382876],[-121.957924,47.386355],[-121.957573,47.388384],[-121.959206,47.389582],[-121.959633,47.390703],[-121.958565,47.391955],[-121.954308,47.393641],[-121.941306,47.39229],[-121.936057,47.391176],[-121.929527,47.391322],[-121.926185,47.392825],[-121.923271,47.392932],[-121.920303,47.391127],[-121.919868,47.389255],[-121.918219,47.387233],[-121.908087,47.382022],[-121.905173,47.38158],[-121.902395,47.380328],[-121.898276,47.381786],[-121.89794,47.386752],[-121.897299,47.387965],[-121.894018,47.389262],[-121.885213,47.389743],[-121.88152,47.388385],[-121.878972,47.388583],[-121.87798,47.386852],[-121.874288,47.385242],[-121.871175,47.385539],[-121.863857,47.38845],[-121.857091,47.388809],[-121.853337,47.391094],[-121.850361,47.38914],[-121.848438,47.389095],[-121.848164,47.38708],[-121.846302,47.38645],[-121.845188,47.38428],[-121.841801,47.383826],[-121.842003,47.382728],[-121.840146,47.380639],[-121.840396,47.378531],[-121.8381,47.377548],[-121.838465,47.376377],[-121.837831,47.375182],[-121.828755,47.373263],[-121.827027,47.373439],[-121.825396,47.372051],[-121.825406,47.369661],[-121.824526,47.369221],[-121.824207,47.366768],[-121.818827,47.362855],[-121.814834,47.361975],[-121.80904,47.358957],[-121.809418,47.358172],[-121.807472,47.35619],[-121.806978,47.351769],[-121.808454,47.34977],[-121.809293,47.345453],[-121.807446,47.339642],[-121.807592,47.336587],[-121.806574,47.33292],[-121.800503,47.330118],[-121.798743,47.328656],[-121.791164,47.318748],[-121.77642,47.308739],[-121.774253,47.302486],[-121.773393,47.302532],[-121.77298,47.298874],[-121.770843,47.298329],[-121.770991,47.297305],[-121.769078,47.295673],[-121.768933,47.294486],[-121.765287,47.292159],[-121.764514,47.290059],[-121.76216,47.287375],[-121.762354,47.284989],[-121.763934,47.283725],[-121.764426,47.279394],[-121.767486,47.276136],[-121.771038,47.274911],[-121.775481,47.27437],[-121.784158,47.277354],[-121.786744,47.2773],[-121.789798,47.282822],[-121.791771,47.283383],[-121.796431,47.282491],[-121.800812,47.284956],[-121.803829,47.288097],[-121.806419,47.288427],[-121.806333,47.286412],[-121.804349,47.285492],[-121.802698,47.282316],[-121.800952,47.281407],[-121.799764,47.279937],[-121.800667,47.278794],[-121.802282,47.278352],[-121.803112,47.276858],[-121.806751,47.276275],[-121.808976,47.274804],[-121.811886,47.27497],[-121.809722,47.276018],[-121.810089,47.277523],[-121.808446,47.278309],[-121.808647,47.280015],[-121.809924,47.280766],[-121.809195,47.279669],[-121.809347,47.278323],[-121.811315,47.277821],[-121.811863,47.276798],[-121.816246,47.275738],[-121.812665,47.277831],[-121.811508,47.279966],[-121.812853,47.280901],[-121.812365,47.27979],[-121.816453,47.277446],[-121.820137,47.278129],[-121.816457,47.278999],[-121.818313,47.280849],[-121.818246,47.27956],[-121.818817,47.278928],[-121.821314,47.279453],[-121.827981,47.275835],[-121.826986,47.275017],[-121.826771,47.27373],[-121.825527,47.273111],[-121.825873,47.271782],[-121.827981,47.270468],[-121.831403,47.271193],[-121.832212,47.270815],[-121.833047,47.267098],[-121.835872,47.263504],[-121.836448,47.261701],[-121.838909,47.259619],[-121.839913,47.259709],[-121.840394,47.258923],[-121.842265,47.258485],[-121.841346,47.259853],[-121.839592,47.26008],[-121.838696,47.261207],[-121.838775,47.262979],[-121.841865,47.263794],[-121.846372,47.2621],[-121.852468,47.26181],[-121.853013,47.261122],[-121.852446,47.260101],[-121.852569,47.258326],[-121.854981,47.257015],[-121.857934,47.257434],[-121.859789,47.256208],[-121.861134,47.257504],[-121.864219,47.25743],[-121.865922,47.259387],[-121.86956,47.259756],[-121.873248,47.260958],[-121.87463,47.260594],[-121.874033,47.258693],[-121.874864,47.257635],[-121.876109,47.257372],[-121.878367,47.258513],[-121.881722,47.262262],[-121.881591,47.26353],[-121.879945,47.264462],[-121.881706,47.266257],[-121.881234,47.268349],[-121.882938,47.269254],[-121.884211,47.269028],[-121.884914,47.268368],[-121.884809,47.266156],[-121.88953,47.269433],[-121.892226,47.273196],[-121.895759,47.273115],[-121.895163,47.274276],[-121.895944,47.275118],[-121.893852,47.277324],[-121.896878,47.279185],[-121.899966,47.282437],[-121.901414,47.282986],[-121.903838,47.285165],[-121.905176,47.287316],[-121.910673,47.289841],[-121.91373,47.288975],[-121.917898,47.286744],[-121.922402,47.285645],[-121.928617,47.280021],[-121.933701,47.270669],[-121.939536,47.264131],[-121.941885,47.259463],[-121.952299,47.249719],[-121.970861,47.249644],[-121.978863,47.243809],[-121.982189,47.24283],[-121.989687,47.242797],[-121.989981,47.252856],[-121.985831,47.259502],[-121.985685,47.263094],[-121.986919,47.26536],[-121.992336,47.268263],[-121.993487,47.271117]]],"type":"Polygon"},"properties":{"tract_name":"Census Tract 315.01, King, WA","geoid":"14000US53033031501","ses_index":72,"access_index":0,"kids_per_pitch":1276,"median_income":144773,"poverty_rate":0.96,"kids_5_17":638,"facility_count":0,"nearest_facility_km":9.176,"data_year":"ACS 2023 5-year"},"type":"Feature"},{"geometry":{"coordinates":[[[-121.994641,47.172798],[-121.994515,47.177495],[-121.984177,47.177652],[-121.984263,47.199448],[-121.963698,47.199336],[-121.963059,47.213819],[-121.989631,47.213875],[-121.989687,47.242797],[-121.980074,47.243229],[-121.97058,47.2497],[-121.952299,47.249719],[-121.941885,47.259463],[-121.928617,47.280021],[-121.922402,47.285645],[-121.910673,47.289841],[-121.906918,47.288493],[-121.893852,47.277324],[-121.895759,47.273115],[-121.892226,47.273196],[-121.884809,47.266156],[-121.884211,47.269028],[-121.881234,47.268349],[-121.881706,47.266257],[-121.879945,47.264462],[-121.881722,47.262262],[-121.878367,47.258513],[-121.874864,47.257635],[-121.87463,47.260594],[-121.873248,47.260958],[-121.859789,47.256208],[-121.852569,47.258326],[-121.852468,47.26181],[-121.841865,47.263794],[-121.838775,47.262979],[-121.838696,47.261207],[-121.842265,47.258485],[-121.838909,47.259619],[-121.833047,47.267098],[-121.832212,47.270815],[-121.825873,47.271782],[-121.827981,47.275835],[-121.821314,47.279453],[-121.818817,47.278928],[-121.818313,47.280849],[-121.816457,47.278999],[-121.820137,47.278129],[-121.816453,47.277446],[-121.812365,47.27979],[-121.812853,47.280901],[-121.811508,47.279966],[-121.816246,47.275738],[-121.809347,47.278323],[-121.809924,47.280766],[-121.808446,47.278309],[-121.811886,47.27497],[-121.803112,47.276858],[-121.799764,47.279937],[-121.806333,47.286412],[-121.806419,47.288427],[-121.803829,47.288097],[-121.796431,47.282491],[-121.789798,47.282822],[-121.786744,47.2773],[-121.775481,47.27437],[-121.767486,47.276136],[-121.764426,47.279394],[-121.76216,47.287375],[-121.770843,47.298329],[-121.77298,47.298874],[-121.77642,47.308739],[-121.789947,47.317671],[-121.798743,47.328656],[-121.807012,47.333701],[-121.80932,47.345947],[-121.806978,47.351769],[-121.80904,47.358957],[-121.824207,47.366768],[-121.827027,47.373439],[-121.837831,47.375182],[-121.841801,47.383826],[-121.845188,47.38428],[-121.848438,47.389095],[-121.853337,47.391094],[-121.844242,47.395427],[-121.838703,47.401439],[-121.822315,47.409564],[-121.817112,47.411594],[-121.811283,47.410747],[-121.799823,47.41225],[-121.790362,47.415538],[-121.785541,47.420162],[-121.775426,47.415508],[-121.767458,47.419339],[-121.758349,47.412991],[-121.752363,47.411663],[-121.736684,47.410451],[-121.729083,47.411878],[-121.727969,47.409755],[-121.722482,47.408751],[-121.715633,47.395526],[-121.700695,47.386693],[-121.674523,47.381263],[-121.650934,47.372464],[-121.642458,47.370815],[-121.635425,47.372641],[-121.625808,47.369987],[-121.621864,47.365899],[-121.624046,47.36279],[-121.621588,47.35966],[-121.59532,47.356928],[-121.592393,47.353867],[-121.593031,47.351924],[-121.584051,47.348978],[-121.561791,47.349186],[-121.55473,47.345369],[-121.550461,47.345255],[-121.550562,47.342969],[-121.547895,47.341248],[-121.54831,47.338376],[-121.544176,47.335908],[-121.538567,47.326903],[-121.531029,47.32122],[-121.527684,47.316297],[-121.521134,47.313278],[-121.510638,47.316427],[-121.491056,47.318669],[-121.467877,47.324667],[-121.45154,47.322383],[-121.449679,47.323579],[-121.451494,47.32558],[-121.449973,47.327051],[-121.436436,47.33371],[-121.436682,47.335179],[-121.441659,47.33574],[-121.443323,47.337427],[-121.443105,47.33871],[-121.436793,47.340959],[-121.432997,47.337911],[-121.430486,47.33313],[-121.431574,47.329828],[-121.43674,47.327828],[-121.439945,47.322243],[-121.438455,47.317538],[-121.445319,47.30975],[-121.443606,47.307898],[-121.432682,47.304955],[-121.430667,47.296441],[-121.432846,47.293829],[-121.427274,47.288932],[-121.419419,47.286726],[-121.419133,47.290837],[-121.4163,47.293499],[-121.409781,47.289217],[-121.394195,47.288767],[-121.390562,47.286038],[-121.372603,47.284972],[-121.369903,47.285589],[-121.370774,47.288325],[-121.366989,47.290932],[-121.361778,47.291935],[-121.359676,47.285526],[-121.341203,47.281261],[-121.341316,47.277982],[-121.33835,47.275969],[-121.338746,47.268322],[-121.335417,47.263539],[-121.335885,47.260629],[-121.331941,47.258774],[-121.331979,47.257418],[-121.334029,47.25421],[-121.33755,47.2529],[-121.339833,47.247146],[-121.346545,47.246426],[-121.352504,47.24229],[-121.360747,47.240526],[-121.358489,47.237573],[-121.358368,47.234419],[-121.365569,47.226984],[-121.365131,47.224493],[-121.345945,47.218625],[-121.335226,47.219179],[-121.328254,47.217073],[-121.311197,47.207658],[-121.311631,47.205571],[-121.309122,47.202977],[-121.311763,47.199675],[-121.306466,47.192758],[-121.306122,47.188024],[-121.309955,47.185255],[-121.311846,47.179541],[-121.317769,47.172976],[-121.311901,47.164037],[-121.306013,47.162],[-121.29755,47.148673],[-121.301243,47.145187],[-121.303413,47.13889],[-121.315534,47.133844],[-121.320757,47.135292],[-121.335095,47.132683],[-121.339903,47.135697],[-121.349742,47.1376],[-121.353898,47.14054],[-121.364677,47.141759],[-121.368215,47.13959],[-121.381317,47.137255],[-121.388581,47.133538],[-121.393968,47.132762],[-121.394872,47.128672],[-121.399148,47.126574],[-121.401344,47.122939],[-121.406237,47.120721],[-121.408081,47.1181],[-121.404323,47.108639],[-121.399058,47.104598],[-121.402913,47.098576],[-121.392999,47.092023],[-121.38341,47.095075],[-121.376769,47.088701],[-121.386637,47.087266],[-121.392268,47.088876],[-121.406655,47.088588],[-121.411971,47.090699],[-121.418027,47.088223],[-121.440904,47.08435],[-121.454736,47.089353],[-121.471879,47.099739],[-121.480682,47.110636],[-121.485711,47.111966],[-121.490563,47.116775],[-121.493214,47.115897],[-121.499649,47.11828],[-121.505257,47.117975],[-121.50975,47.122503],[-121.51372,47.122973],[-121.51593,47.121557],[-121.531511,47.124579],[-121.535883,47.122546],[-121.551232,47.122925],[-121.560361,47.119537],[-121.576041,47.120169],[-121.581673,47.118648],[-121.589114,47.120231],[-121.594461,47.122228],[-121.595198,47.125255],[-121.605793,47.134902],[-121.606243,47.137416],[-121.60965,47.138382],[-121.611469,47.142991],[-121.617609,47.14468],[-121.617233,47.146485],[-121.621046,47.147812],[-121.620794,47.149399],[-121.629533,47.153428],[-121.637553,47.153308],[-121.643824,47.155594],[-121.648522,47.154934],[-121.661409,47.159958],[-121.664516,47.159564],[-121.668653,47.15587],[-121.680793,47.15257],[-121.684173,47.149785],[-121.705071,47.151997],[-121.719136,47.151116],[-121.728016,47.157632],[-121.738016,47.160371],[-121.743086,47.164538],[-121.749486,47.162072],[-121.762463,47.167509],[-121.769297,47.165417],[-121.773347,47.166492],[-121.777871,47.170763],[-121.777256,47.173317],[-121.783363,47.172222],[-121.795804,47.173226],[-121.799426,47.169827],[-121.803328,47.169248],[-121.805739,47.165544],[-121.810399,47.163867],[-121.813312,47.159501],[-121.819297,47.158802],[-121.827069,47.152678],[-121.831296,47.151931],[-121.831689,47.148483],[-121.839457,47.143397],[-121.846125,47.14439],[-121.849453,47.147261],[-121.860413,47.146597],[-121.860849,47.150651],[-121.865477,47.152603],[-121.872936,47.150534],[-121.878466,47.15394],[-121.886187,47.152947],[-121.901538,47.155742],[-121.909422,47.150544],[-121.920888,47.149956],[-121.927892,47.147705],[-121.927858,47.144816],[-121.930913,47.142702],[-121.931907,47.139282],[-121.934881,47.138219],[-121.943816,47.14005],[-121.95007,47.144541],[-121.949937,47.150953],[-121.954188,47.155668],[-121.958674,47.157237],[-121.969515,47.156281],[-121.973171,47.160709],[-121.980581,47.164563],[-121.991446,47.163237],[-121.994641,47.172798]]],"type":"Polygon"},"properties":{"tract_name":"Census Tract 315.02, King, WA","geoid":"14000US53033031502","ses_index":57,"access_index":0,"kids_per_pitch":1368,"median_income":113345,"poverty_rate":12.54,"kids_5_17":684,"facility_count":0,"nearest_facility_km":26.88,"data_year":"ACS 2023 5-year"},"type":"Feature"},{"geometry":{"coordinates":[[[-122.128334,47.340128],[-122.123199,47.340174],[-122.122976,47.340554],[-122.122956,47.34349],[-122.122532,47.34408],[-122.120272,47.345555],[-122.117962,47.346585],[-122.115252,47.348391],[-122.114557,47.347634],[-122.114211,47.347554],[-122.11193,47.348381],[-122.11116,47.348487],[-122.110026,47.348258],[-122.108228,47.34744],[-122.107352,47.346899],[-122.105987,47.345703],[-122.102897,47.343593],[-122.100099,47.343571],[-122.099117,47.34227],[-122.098686,47.341994],[-122.095946,47.341936],[-122.092104,47.341527],[-122.08992,47.341558],[-122.088436,47.341834],[-122.08514,47.342736],[-122.082662,47.342957],[-122.080441,47.343423],[-122.078575,47.343493],[-122.070997,47.342866],[-122.068326,47.342233],[-122.063578,47.342123],[-122.061668,47.341847],[-122.05873,47.341779],[-122.056181,47.341376],[-122.053898,47.340587],[-122.053879,47.339643],[-122.05313,47.337917],[-122.052785,47.337355],[-122.052066,47.336824],[-122.047328,47.336646],[-122.046297,47.336392],[-122.045821,47.335891],[-122.046534,47.336139],[-122.047232,47.336117],[-122.048569,47.335894],[-122.04902,47.335682],[-122.049436,47.335002],[-122.049603,47.334436],[-122.049357,47.333948],[-122.04943,47.333526],[-122.049091,47.332354],[-122.049476,47.330782],[-122.051159,47.329617],[-122.051858,47.329362],[-122.052225,47.329077],[-122.052749,47.328326],[-122.053392,47.327008],[-122.053975,47.326464],[-122.055938,47.325814],[-122.060113,47.32575],[-122.06101,47.325937],[-122.062209,47.326414],[-122.063573,47.32666],[-122.065548,47.326361],[-122.06658,47.325821],[-122.067317,47.324873],[-122.067769,47.323815],[-122.068047,47.322323],[-122.068076,47.320587],[-122.068468,47.319969],[-122.069379,47.319599],[-122.069511,47.319429],[-122.069194,47.318868],[-122.067932,47.318021],[-122.067923,47.316887],[-122.069735,47.316317],[-122.069878,47.315949],[-122.070837,47.315426],[-122.072545,47.313964],[-122.07429,47.311855],[-122.076919,47.310094],[-122.078272,47.308593],[-122.080073,47.307204],[-122.081754,47.306606],[-122.082536,47.305316],[-122.083034,47.305041],[-122.084429,47.304675],[-122.086681,47.304469],[-122.086849,47.306011],[-122.087516,47.307003],[-122.090458,47.309012],[-122.120516,47.331336],[-122.121266,47.332018],[-122.121673,47.332628],[-122.122321,47.334441],[-122.123002,47.335568],[-122.123837,47.336339],[-122.1294,47.340147],[-122.128334,47.340128]]],"type":"Polygon"},"properties":{"tract_name":"Census Tract 316.01, King, WA","geoid":"14000US53033031601","ses_index":66,"access_index":8,"kids_per_pitch":417,"median_income":130739,"poverty_rate":5.54,"kids_5_17":833,"facility_count":2,"nearest_facility_km":1.605,"data_year":"ACS 2023 5-year"},"type":"Feature"},{"geometry":{"coordinates":[[[-122.054622,47.282445],[-122.051641,47.285546],[-122.050745,47.287851],[-122.050822,47.289201],[-122.051299,47.290461],[-122.053659,47.293022],[-122.054009,47.293809],[-122.053607,47.294683],[-122.051216,47.296641],[-122.050534,47.297953],[-122.050706,47.299762],[-122.052173,47.301416],[-122.050853,47.302414],[-122.048448,47.305312],[-122.047198,47.307806],[-122.046407,47.308636],[-122.042931,47.310354],[-122.039698,47.310884],[-122.021306,47.312247],[-122.012952,47.312135],[-122.011013,47.313033],[-122.009085,47.315492],[-122.004628,47.317272],[-122.004631,47.317854],[-122.01233,47.334388],[-122.01749,47.339752],[-122.018415,47.341302],[-122.019358,47.353868],[-122.020933,47.361369],[-122.016311,47.361801],[-122.016134,47.363606],[-122.015552,47.364242],[-122.012144,47.366302],[-122.011415,47.36909],[-122.010344,47.370065],[-122.009072,47.370421],[-122.002261,47.370738],[-121.996058,47.373353],[-121.992382,47.375499],[-121.989627,47.376187],[-121.986414,47.376353],[-121.982036,47.375817],[-121.977889,47.37424],[-121.97546,47.373695],[-121.975683,47.373125],[-121.974099,47.371133],[-121.973791,47.36975],[-121.970514,47.367059],[-121.969574,47.365094],[-121.969999,47.364352],[-121.97385,47.362195],[-121.974036,47.357827],[-121.950511,47.356346],[-121.949485,47.355855],[-121.948476,47.354718],[-121.946779,47.347364],[-121.947417,47.344178],[-121.94723,47.343528],[-121.946483,47.342773],[-121.940685,47.339235],[-121.938957,47.338629],[-121.940049,47.337381],[-121.940999,47.335562],[-121.943363,47.335842],[-121.940264,47.3325],[-121.939573,47.330182],[-121.939615,47.326803],[-121.937175,47.324377],[-121.934069,47.322882],[-121.934241,47.319282],[-121.935418,47.319298],[-121.936397,47.317945],[-121.937447,47.317705],[-121.939941,47.319404],[-121.942332,47.320447],[-121.947021,47.321498],[-121.948904,47.321022],[-121.949384,47.319652],[-121.949296,47.318765],[-121.948788,47.318189],[-121.944654,47.317294],[-121.944594,47.315803],[-121.942195,47.313935],[-121.943254,47.312378],[-121.94244,47.311182],[-121.941934,47.308462],[-121.942084,47.307756],[-121.943007,47.30694],[-121.947023,47.306204],[-121.95057,47.304318],[-121.951336,47.303381],[-121.950876,47.302117],[-121.950082,47.301105],[-121.950367,47.3006],[-121.953211,47.298999],[-121.954125,47.297621],[-121.955305,47.297168],[-121.956468,47.296268],[-121.959824,47.295658],[-121.963603,47.293539],[-121.966282,47.290731],[-121.96743,47.287917],[-121.968704,47.287558],[-121.970239,47.287976],[-121.971903,47.290586],[-121.972977,47.290943],[-121.973393,47.290223],[-121.973228,47.288076],[-121.974364,47.285903],[-121.974522,47.282941],[-121.975515,47.282562],[-121.976483,47.283465],[-121.977162,47.283522],[-121.978732,47.282016],[-121.980745,47.281328],[-121.98085,47.280781],[-121.979811,47.279789],[-121.980051,47.279357],[-121.980796,47.279176],[-121.985096,47.279811],[-121.987026,47.279589],[-121.987657,47.279129],[-121.987576,47.278393],[-121.985433,47.277154],[-121.984517,47.275978],[-121.98724,47.272747],[-121.988453,47.272776],[-121.988424,47.274848],[-121.989166,47.276132],[-121.991817,47.277011],[-121.996516,47.2805],[-121.997995,47.280778],[-121.999663,47.27978],[-122.002117,47.277595],[-122.00412,47.277283],[-122.005491,47.277432],[-122.006939,47.277904],[-122.008319,47.278877],[-122.009052,47.280539],[-122.008602,47.281979],[-122.009447,47.282981],[-122.012259,47.283715],[-122.015119,47.283764],[-122.017768,47.281824],[-122.018634,47.279665],[-122.019148,47.276108],[-122.019969,47.274371],[-122.020628,47.273981],[-122.024277,47.273689],[-122.026159,47.274152],[-122.028434,47.273975],[-122.030696,47.274966],[-122.030901,47.275602],[-122.030261,47.27738],[-122.030915,47.278982],[-122.031976,47.280242],[-122.031309,47.282889],[-122.031776,47.283363],[-122.034414,47.283003],[-122.03711,47.28158],[-122.038421,47.27971],[-122.039522,47.275852],[-122.040841,47.27507],[-122.042131,47.275422],[-122.044446,47.277079],[-122.044576,47.278332],[-122.043105,47.279142],[-122.04384,47.280541],[-122.045505,47.281008],[-122.048322,47.280952],[-122.053132,47.281796],[-122.054835,47.282259],[-122.054622,47.282445]]],"type":"Polygon"},"properties":{"tract_name":"Census Tract 316.03, King, WA","geoid":"14000US53033031603","ses_index":71,"access_index":2,"kids_per_pitch":1946,"median_income":144573,"poverty_rate":2.76,"kids_5_17":1946,"facility_count":1,"nearest_facility_km":5.237,"data_year":"ACS 2023 5-year"},"type":"Feature"},{"geometry":{"coordinates":[[[-122.053814,47.343814],[-122.053659,47.344759],[-122.053539,47.349597],[-122.053599,47.350824],[-122.053558,47.352868],[-122.053699,47.354349],[-122.049048,47.354385],[-122.047504,47.354315],[-122.047093,47.354393],[-122.046007,47.355065],[-122.045509,47.355448],[-122.044665,47.356626],[-122.043875,47.357357],[-122.043493,47.357968],[-122.034643,47.358005],[-122.032267,47.358102],[-122.02432,47.361021],[-122.023613,47.361197],[-122.020933,47.361369],[-122.019358,47.353868],[-122.01858,47.342185],[-122.018459,47.34145],[-122.018297,47.340987],[-122.0193,47.340931],[-122.01989,47.341133],[-122.020128,47.341474],[-122.020067,47.342267],[-122.020258,47.342715],[-122.020971,47.343259],[-122.021329,47.343427],[-122.021758,47.34352],[-122.053873,47.34357],[-122.053814,47.343814]]],"type":"Polygon"},"properties":{"tract_name":"Census Tract 316.04, King, WA","geoid":"14000US53033031604","ses_index":72,"access_index":12,"kids_per_pitch":367,"median_income":144879,"poverty_rate":1.82,"kids_5_17":1466,"facility_count":4,"nearest_facility_km":0.441,"data_year":"ACS 2023 5-year"},"type":"Feature"},{"geometry":{"coordinates":[[[-122.086681,47.304469],[-122.084429,47.304675],[-122.083034,47.305041],[-122.082536,47.305316],[-122.081754,47.306606],[-122.080073,47.307204],[-122.078272,47.308593],[-122.076919,47.310094],[-122.07429,47.311855],[-122.072545,47.313964],[-122.070837,47.315426],[-122.069878,47.315949],[-122.069735,47.316317],[-122.067923,47.316887],[-122.067932,47.318021],[-122.069194,47.318868],[-122.069511,47.319429],[-122.068468,47.319969],[-122.068076,47.320587],[-122.068047,47.322323],[-122.06765,47.324174],[-122.067317,47.324873],[-122.06626,47.326061],[-122.064792,47.326544],[-122.063573,47.32666],[-122.062209,47.326414],[-122.060113,47.32575],[-122.057725,47.32573],[-122.055524,47.32591],[-122.053666,47.326678],[-122.052225,47.329077],[-122.051159,47.329617],[-122.049476,47.330782],[-122.049091,47.332354],[-122.04943,47.333526],[-122.049357,47.333948],[-122.049603,47.334436],[-122.04902,47.335682],[-122.048569,47.335894],[-122.047232,47.336117],[-122.046534,47.336139],[-122.045821,47.335891],[-122.046155,47.336305],[-122.046819,47.33655],[-122.051791,47.336762],[-122.052254,47.336919],[-122.052785,47.337355],[-122.053896,47.339727],[-122.053873,47.34357],[-122.022053,47.343531],[-122.020971,47.343259],[-122.020119,47.342493],[-122.02014,47.341586],[-122.019992,47.341221],[-122.0193,47.340931],[-122.018297,47.340987],[-122.01749,47.339752],[-122.013096,47.335349],[-122.01233,47.334388],[-122.004542,47.31761],[-122.004628,47.317272],[-122.005061,47.316891],[-122.009085,47.315492],[-122.011013,47.313033],[-122.011841,47.312494],[-122.012952,47.312135],[-122.014207,47.312029],[-122.021306,47.312247],[-122.036599,47.310935],[-122.039698,47.310884],[-122.043224,47.31025],[-122.046293,47.308709],[-122.046888,47.308216],[-122.048395,47.305381],[-122.051248,47.302046],[-122.057367,47.298056],[-122.058497,47.297604],[-122.082174,47.297717],[-122.082781,47.298001],[-122.086375,47.301044],[-122.086681,47.304469]]],"type":"Polygon"},"properties":{"tract_name":"Census Tract 316.05, King, WA","geoid":"14000US53033031605","ses_index":71,"access_index":1,"kids_per_pitch":1602,"median_income":146750,"poverty_rate":3.1,"kids_5_17":801,"facility_count":0,"nearest_facility_km":1.09,"data_year":"ACS 2023 5-year"},"type":"Feature"},{"geometry":{"coordinates":[[[-122.165537,47.34893],[-122.165478,47.358022],[-122.133904,47.35797],[-122.121274,47.358094],[-122.12241,47.357152],[-122.124092,47.356049],[-122.122861,47.354643],[-122.12112,47.351769],[-122.120785,47.351424],[-122.119216,47.350495],[-122.118089,47.349567],[-122.115252,47.348391],[-122.117962,47.346585],[-122.12068,47.345331],[-122.122741,47.343916],[-122.122966,47.343405],[-122.122976,47.340554],[-122.123106,47.340221],[-122.123532,47.340118],[-122.128272,47.340127],[-122.1294,47.340147],[-122.134911,47.343938],[-122.135767,47.343597],[-122.137961,47.343551],[-122.138707,47.344284],[-122.138735,47.34419],[-122.138537,47.343749],[-122.138457,47.342967],[-122.138589,47.342794],[-122.138745,47.342838],[-122.139048,47.343396],[-122.139558,47.34354],[-122.165501,47.343439],[-122.165537,47.34893]]],"type":"Polygon"},"properties":{"tract_name":"Census Tract 317.04, King, WA","geoid":"14000US53033031704","ses_index":64,"access_index":0,"kids_per_pitch":3014,"median_income":117674,"poverty_rate":3.63,"kids_5_17":1507,"facility_count":0,"nearest_facility_km":2.867,"data_year":"ACS 2023 5-year"},"type":"Feature"},{"geometry":{"coordinates":[[[-122.13362,47.375579],[-122.133542,47.386908],[-122.125192,47.38688],[-122.10123,47.38707],[-122.08043,47.387006],[-122.080462,47.384884],[-122.09109,47.38058],[-122.100985,47.375511],[-122.101765,47.375045],[-122.1018,47.372603],[-122.112422,47.372688],[-122.123034,47.372441],[-122.133615,47.372418],[-122.13362,47.375579]]],"type":"Polygon"},"properties":{"tract_name":"Census Tract 317.05, King, WA","geoid":"14000US53033031705","ses_index":75,"access_index":6,"kids_per_pitch":734,"median_income":161250,"poverty_rate":4.17,"kids_5_17":734,"facility_count":1,"nearest_facility_km":0.96,"data_year":"ACS 2023 5-year"},"type":"Feature"},{"geometry":{"coordinates":[[[-122.165441,47.386921],[-122.147679,47.386907],[-122.147093,47.386733],[-122.146026,47.386205],[-122.144525,47.385932],[-122.14371,47.385585],[-122.143411,47.385417],[-122.142636,47.384488],[-122.142392,47.383856],[-122.142129,47.383532],[-122.141565,47.38327],[-122.140797,47.383193],[-122.13972,47.383302],[-122.139328,47.383491],[-122.139102,47.38371],[-122.138785,47.384431],[-122.138632,47.385003],[-122.138745,47.385909],[-122.138706,47.386174],[-122.138542,47.386433],[-122.138174,47.386693],[-122.137414,47.386882],[-122.133542,47.386908],[-122.133615,47.372418],[-122.143022,47.372377],[-122.165424,47.372424],[-122.165441,47.386921]]],"type":"Polygon"},"properties":{"tract_name":"Census Tract 317.07, King, WA","geoid":"14000US53033031707","ses_index":61,"access_index":1,"kids_per_pitch":752,"median_income":120179,"poverty_rate":7.88,"kids_5_17":376,"facility_count":0,"nearest_facility_km":1.775,"data_year":"ACS 2023 5-year"},"type":"Feature"},{"geometry":{"coordinates":[[[-122.165475,47.359409],[-122.165424,47.372424],[-122.143022,47.372377],[-122.133615,47.372418],[-122.133603,47.366568],[-122.133518,47.365245],[-122.133155,47.364865],[-122.130557,47.362684],[-122.130243,47.362302],[-122.129996,47.361937],[-122.129121,47.360235],[-122.128696,47.359706],[-122.128285,47.358999],[-122.128161,47.35864],[-122.128119,47.358022],[-122.133904,47.35797],[-122.147719,47.358024],[-122.159858,47.357968],[-122.165478,47.358022],[-122.165475,47.359409]]],"type":"Polygon"},"properties":{"tract_name":"Census Tract 317.08, King, WA","geoid":"14000US53033031708","ses_index":55,"access_index":1,"kids_per_pitch":1046,"median_income":91688,"poverty_rate":5.92,"kids_5_17":523,"facility_count":0,"nearest_facility_km":1.719,"data_year":"ACS 2023 5-year"},"type":"Feature"},{"geometry":{"coordinates":[[[-122.133615,47.372418],[-122.123034,47.372441],[-122.112422,47.372688],[-122.107948,47.372638],[-122.107978,47.371346],[-122.108043,47.371058],[-122.108133,47.370919],[-122.108428,47.37066],[-122.108722,47.370504],[-122.109846,47.370111],[-122.110231,47.369805],[-122.110347,47.369648],[-122.111529,47.36612],[-122.111542,47.365923],[-122.111457,47.365745],[-122.110549,47.364799],[-122.113911,47.363219],[-122.114389,47.362865],[-122.116315,47.361842],[-122.116566,47.361751],[-122.116827,47.361712],[-122.122992,47.361675],[-122.123021,47.358079],[-122.128119,47.358022],[-122.128161,47.35864],[-122.128285,47.358999],[-122.128696,47.359706],[-122.129121,47.360235],[-122.129494,47.360891],[-122.129996,47.361937],[-122.130243,47.362302],[-122.130557,47.362684],[-122.133155,47.364865],[-122.133518,47.365245],[-122.133564,47.365387],[-122.133603,47.366568],[-122.133615,47.372418]]],"type":"Polygon"},"properties":{"tract_name":"Census Tract 317.09, King, WA","geoid":"14000US53033031709","ses_index":67,"access_index":6,"kids_per_pitch":754,"median_income":142684,"poverty_rate":8.36,"kids_5_17":754,"facility_count":1,"nearest_facility_km":0.707,"data_year":"ACS 2023 5-year"},"type":"Feature"},{"geometry":{"coordinates":[[[-122.124092,47.356049],[-122.12241,47.357152],[-122.121274,47.358094],[-122.123021,47.358079],[-122.122992,47.361675],[-122.116827,47.361712],[-122.116566,47.361751],[-122.116315,47.361842],[-122.114389,47.362865],[-122.113911,47.363219],[-122.110549,47.364799],[-122.111457,47.365745],[-122.111542,47.365923],[-122.111529,47.36612],[-122.110347,47.369648],[-122.110231,47.369805],[-122.109846,47.370111],[-122.108722,47.370504],[-122.108428,47.37066],[-122.108133,47.370919],[-122.108043,47.371058],[-122.107978,47.371346],[-122.107948,47.372638],[-122.1018,47.372603],[-122.101891,47.367817],[-122.101864,47.366832],[-122.101976,47.363061],[-122.102095,47.362155],[-122.102358,47.361566],[-122.102684,47.361218],[-122.105975,47.35902],[-122.107453,47.358108],[-122.118089,47.349567],[-122.119216,47.350495],[-122.120785,47.351424],[-122.120961,47.35159],[-122.12112,47.351769],[-122.122861,47.354643],[-122.123342,47.355254],[-122.124092,47.356049]]],"type":"Polygon"},"properties":{"tract_name":"Census Tract 317.10, King, WA","geoid":"14000US53033031710","ses_index":64,"access_index":1,"kids_per_pitch":1362,"median_income":119549,"poverty_rate":3.38,"kids_5_17":681,"facility_count":0,"nearest_facility_km":1.268,"data_year":"ACS 2023 5-year"},"type":"Feature"},{"geometry":{"coordinates":[[[-122.165447,47.388812],[-122.165237,47.415864],[-122.143976,47.415894],[-122.143999,47.430343],[-122.14383,47.436629],[-122.138012,47.437173],[-122.12507,47.437111],[-122.116684,47.437509],[-122.111137,47.427854],[-122.110352,47.427036],[-122.109267,47.426613],[-122.106883,47.426328],[-122.105924,47.426045],[-122.105238,47.425592],[-122.103432,47.42358],[-122.101804,47.422972],[-122.083176,47.422839],[-122.083539,47.421095],[-122.083434,47.420739],[-122.079855,47.415951],[-122.080183,47.415471],[-122.080878,47.413104],[-122.081223,47.412607],[-122.084443,47.411563],[-122.084799,47.411351],[-122.084917,47.411046],[-122.084647,47.410027],[-122.081714,47.406278],[-122.080237,47.403479],[-122.08043,47.387006],[-122.10123,47.38707],[-122.137414,47.386882],[-122.138174,47.386693],[-122.138672,47.386249],[-122.138632,47.385003],[-122.139194,47.383602],[-122.13972,47.383302],[-122.140797,47.383193],[-122.141565,47.38327],[-122.142129,47.383532],[-122.142636,47.384488],[-122.14371,47.385585],[-122.144525,47.385932],[-122.146159,47.38625],[-122.147503,47.386872],[-122.165441,47.386921],[-122.165447,47.388812]]],"type":"Polygon"},"properties":{"tract_name":"Census Tract 318, King, WA","geoid":"14000US53033031800","ses_index":70,"access_index":0,"kids_per_pitch":1654,"median_income":139583,"poverty_rate":2.53,"kids_5_17":827,"facility_count":0,"nearest_facility_km":2.507,"data_year":"ACS 2023 5-year"},"type":"Feature"},{"geometry":{"coordinates":[[[-122.105081,47.468018],[-122.103554,47.469335],[-122.101857,47.469387],[-122.101529,47.470136],[-122.101146,47.469843],[-122.100553,47.469788],[-122.099626,47.470311],[-122.098749,47.470543],[-122.096526,47.470508],[-122.097891,47.472571],[-122.097475,47.473285],[-122.097434,47.47897],[-122.09822,47.479674],[-122.098319,47.48034],[-122.095635,47.480398],[-122.095613,47.481525],[-122.093384,47.481579],[-122.093267,47.482592],[-122.091949,47.482654],[-122.092701,47.48355],[-122.093209,47.484887],[-122.095299,47.486403],[-122.095499,47.486859],[-122.095512,47.487582],[-122.089352,47.487596],[-122.081981,47.483772],[-122.079003,47.483082],[-122.07846,47.483119],[-122.077838,47.483436],[-122.07451,47.48746],[-122.070096,47.484972],[-122.066875,47.483447],[-122.062475,47.481899],[-122.058078,47.480594],[-122.046807,47.480494],[-122.041657,47.479346],[-122.037813,47.479207],[-122.036499,47.47962],[-122.035517,47.480829],[-122.033657,47.481858],[-122.033775,47.48156],[-122.033547,47.480649],[-122.034359,47.479696],[-122.033374,47.478809],[-122.033316,47.478535],[-122.034413,47.477829],[-122.034598,47.47739],[-122.034296,47.477047],[-122.033297,47.476892],[-122.033098,47.476122],[-122.0343,47.476359],[-122.034832,47.476286],[-122.035029,47.476093],[-122.034845,47.474884],[-122.03461,47.474632],[-122.035175,47.474327],[-122.034954,47.4735],[-122.035298,47.473546],[-122.035221,47.471942],[-122.033936,47.471339],[-122.033177,47.468532],[-122.031412,47.466426],[-122.029828,47.466423],[-122.028128,47.466123],[-122.027477,47.465197],[-122.026892,47.465059],[-122.026942,47.463056],[-122.02609,47.462397],[-122.025401,47.462552],[-122.02612,47.46089],[-122.026244,47.457888],[-122.026521,47.457095],[-122.03346,47.449504],[-122.034374,47.448787],[-122.047532,47.444722],[-122.054398,47.441127],[-122.057504,47.440808],[-122.05868,47.440257],[-122.059454,47.44008],[-122.060178,47.440142],[-122.061622,47.44065],[-122.062564,47.440654],[-122.063315,47.440355],[-122.066715,47.438217],[-122.070909,47.441252],[-122.072503,47.443058],[-122.073381,47.445078],[-122.074189,47.450498],[-122.074548,47.451535],[-122.075333,47.452648],[-122.077397,47.454474],[-122.08035,47.459215],[-122.081148,47.460123],[-122.082562,47.46091],[-122.083831,47.461237],[-122.104763,47.463039],[-122.10393,47.463522],[-122.10198,47.463264],[-122.102845,47.46414],[-122.102898,47.464478],[-122.102652,47.464842],[-122.102689,47.465212],[-122.104641,47.465828],[-122.104795,47.466177],[-122.103965,47.466693],[-122.103706,47.46731],[-122.103902,47.46717],[-122.105273,47.467859],[-122.105081,47.468018]]],"type":"Polygon"},"properties":{"tract_name":"Census Tract 319.04, King, WA","geoid":"14000US53033031904","ses_index":69,"access_index":11,"kids_per_pitch":370,"median_income":134858,"poverty_rate":2.38,"kids_5_17":739,"facility_count":2,"nearest_facility_km":0.508,"data_year":"ACS 2023 5-year"},"type":"Feature"},{"geometry":{"coordinates":[[[-122.123503,47.463359],[-122.117726,47.463193],[-122.105214,47.463082],[-122.083831,47.461237],[-122.08209,47.460701],[-122.08082,47.459823],[-122.079628,47.457972],[-122.080238,47.457758],[-122.080371,47.45758],[-122.080357,47.457359],[-122.079377,47.456498],[-122.079005,47.455974],[-122.077993,47.453613],[-122.077881,47.452904],[-122.078608,47.450137],[-122.079283,47.448456],[-122.079386,47.44794],[-122.07895,47.44489],[-122.079535,47.443385],[-122.079641,47.442723],[-122.080033,47.431869],[-122.080831,47.429738],[-122.080729,47.429357],[-122.079944,47.427853],[-122.079911,47.427453],[-122.083176,47.422839],[-122.085132,47.422949],[-122.101804,47.422972],[-122.102897,47.423281],[-122.103646,47.423741],[-122.10505,47.425402],[-122.105785,47.425978],[-122.106883,47.426328],[-122.109503,47.426672],[-122.110159,47.426927],[-122.110772,47.427368],[-122.111137,47.427854],[-122.116684,47.437509],[-122.111943,47.437466],[-122.112013,47.441886],[-122.11184,47.444408],[-122.111542,47.444848],[-122.110951,47.445369],[-122.109263,47.446288],[-122.108696,47.446706],[-122.109701,47.447159],[-122.109856,47.447309],[-122.109947,47.447687],[-122.109794,47.449483],[-122.109027,47.450662],[-122.108925,47.451043],[-122.108964,47.451447],[-122.109223,47.451913],[-122.109821,47.452397],[-122.11265,47.452094],[-122.113274,47.452184],[-122.116096,47.453916],[-122.115836,47.454364],[-122.117209,47.454546],[-122.117325,47.454143],[-122.118704,47.45431],[-122.118149,47.454669],[-122.121972,47.455179],[-122.121683,47.461861],[-122.123134,47.462024],[-122.12313,47.462162],[-122.123415,47.462194],[-122.123503,47.463359]]],"type":"Polygon"},"properties":{"tract_name":"Census Tract 319.06, King, WA","geoid":"14000US53033031906","ses_index":67,"access_index":1,"kids_per_pitch":1742,"median_income":138375,"poverty_rate":5.96,"kids_5_17":871,"facility_count":0,"nearest_facility_km":1.416,"data_year":"ACS 2023 5-year"},"type":"Feature"},{"geometry":{"coordinates":[[[-122.154129,47.446713],[-122.1538,47.455755],[-122.151838,47.455678],[-122.150292,47.455256],[-122.149102,47.45468],[-122.148685,47.454368],[-122.147181,47.452913],[-122.146729,47.452649],[-122.145244,47.45196],[-122.144742,47.451903],[-122.140489,47.45183],[-122.139817,47.451637],[-122.139421,47.451328],[-122.138666,47.450261],[-122.13847,47.450061],[-122.13812,47.449798],[-122.137428,47.449494],[-122.137167,47.449327],[-122.136584,47.448077],[-122.136466,47.447967],[-122.136176,47.447833],[-122.135717,47.447814],[-122.135344,47.447933],[-122.134591,47.448635],[-122.134387,47.449025],[-122.13405,47.449244],[-122.133509,47.449299],[-122.132053,47.449279],[-122.132134,47.448175],[-122.133162,47.447133],[-122.132272,47.446731],[-122.132159,47.446588],[-122.132138,47.446233],[-122.132058,47.446144],[-122.13188,47.44607],[-122.131499,47.446042],[-122.130833,47.445628],[-122.131036,47.445457],[-122.131152,47.445238],[-122.131171,47.444724],[-122.131098,47.44453],[-122.13037,47.443652],[-122.130041,47.44316],[-122.128583,47.44188],[-122.128374,47.441456],[-122.128876,47.441319],[-122.130326,47.440757],[-122.130206,47.440606],[-122.130137,47.440413],[-122.130106,47.439627],[-122.131772,47.439648],[-122.133139,47.439817],[-122.151486,47.444905],[-122.15417,47.445531],[-122.154129,47.446713]]],"type":"Polygon"},"properties":{"tract_name":"Census Tract 319.08, King, WA","geoid":"14000US53033031908","ses_index":44,"access_index":1,"kids_per_pitch":1506,"median_income":77596,"poverty_rate":17.27,"kids_5_17":753,"facility_count":0,"nearest_facility_km":1.594,"data_year":"ACS 2023 5-year"},"type":"Feature"},{"geometry":{"coordinates":[[[-122.154596,47.430816],[-122.15417,47.445531],[-122.151486,47.444905],[-122.132909,47.439773],[-122.131772,47.439648],[-122.120178,47.439503],[-122.119457,47.439417],[-122.118429,47.439111],[-122.117813,47.438787],[-122.117161,47.438234],[-122.116684,47.437509],[-122.120924,47.437248],[-122.12507,47.437111],[-122.138012,47.437173],[-122.141309,47.436919],[-122.14383,47.436629],[-122.143999,47.430343],[-122.154598,47.430353],[-122.154596,47.430816]]],"type":"Polygon"},"properties":{"tract_name":"Census Tract 319.09, King, WA","geoid":"14000US53033031909","ses_index":53,"access_index":1,"kids_per_pitch":802,"median_income":103906,"poverty_rate":13.83,"kids_5_17":401,"facility_count":0,"nearest_facility_km":1.214,"data_year":"ACS 2023 5-year"},"type":"Feature"},{"geometry":{"coordinates":[[[-122.15646,47.467776],[-122.156428,47.468293],[-122.156366,47.468413],[-122.153899,47.467871],[-122.128755,47.463842],[-122.126923,47.463621],[-122.123503,47.463359],[-122.123495,47.462431],[-122.123415,47.462194],[-122.12313,47.462162],[-122.123134,47.462024],[-122.121683,47.461861],[-122.121965,47.455363],[-122.123802,47.45551],[-122.123815,47.454965],[-122.124188,47.454817],[-122.126727,47.453037],[-122.126827,47.452859],[-122.126893,47.451973],[-122.127013,47.451689],[-122.128011,47.451705],[-122.128115,47.449073],[-122.128251,47.448881],[-122.128617,47.448805],[-122.132069,47.448872],[-122.132053,47.449279],[-122.133774,47.449294],[-122.134275,47.449132],[-122.134591,47.448635],[-122.135344,47.447933],[-122.135861,47.447797],[-122.13634,47.447892],[-122.136584,47.448077],[-122.137167,47.449327],[-122.138326,47.449937],[-122.138666,47.450261],[-122.139421,47.451328],[-122.139904,47.451678],[-122.140557,47.451834],[-122.144742,47.451903],[-122.145244,47.45196],[-122.14694,47.452755],[-122.147181,47.452913],[-122.148913,47.454563],[-122.150292,47.455256],[-122.151838,47.455678],[-122.1538,47.455755],[-122.153739,47.456336],[-122.153541,47.456845],[-122.153197,47.457317],[-122.152549,47.457857],[-122.151881,47.45819],[-122.151263,47.458396],[-122.148577,47.458993],[-122.147867,47.459318],[-122.147365,47.459681],[-122.147022,47.460059],[-122.146755,47.460576],[-122.146672,47.461017],[-122.146706,47.461452],[-122.146948,47.462018],[-122.147175,47.46228],[-122.148065,47.462928],[-122.148721,47.463163],[-122.151162,47.463777],[-122.153026,47.464857],[-122.154572,47.465519],[-122.155643,47.466072],[-122.15603,47.466432],[-122.156331,47.466928],[-122.156474,47.467479],[-122.15646,47.467776]]],"type":"Polygon"},"properties":{"tract_name":"Census Tract 319.10, King, WA","geoid":"14000US53033031910","ses_index":67,"access_index":1,"kids_per_pitch":946,"median_income":124250,"poverty_rate":1.01,"kids_5_17":473,"facility_count":0,"nearest_facility_km":1.27,"data_year":"ACS 2023 5-year"},"type":"Feature"},{"geometry":{"coordinates":[[[-122.133067,47.447197],[-122.132134,47.448175],[-122.132069,47.448872],[-122.128617,47.448805],[-122.128368,47.448832],[-122.128186,47.448936],[-122.128115,47.449073],[-122.128011,47.451705],[-122.127013,47.451689],[-122.126893,47.451973],[-122.126827,47.452859],[-122.126727,47.453037],[-122.124188,47.454817],[-122.123815,47.454965],[-122.123802,47.45551],[-122.121965,47.455363],[-122.121972,47.455179],[-122.118149,47.454669],[-122.118704,47.45431],[-122.117325,47.454143],[-122.117209,47.454546],[-122.115836,47.454364],[-122.116096,47.453916],[-122.113274,47.452184],[-122.11265,47.452094],[-122.110223,47.4524],[-122.109821,47.452397],[-122.109584,47.452261],[-122.109223,47.451913],[-122.109003,47.451549],[-122.108936,47.451344],[-122.108925,47.451043],[-122.109027,47.450662],[-122.109236,47.450263],[-122.109794,47.449483],[-122.109912,47.448748],[-122.109947,47.447687],[-122.10993,47.447473],[-122.109856,47.447309],[-122.109701,47.447159],[-122.108696,47.446706],[-122.109263,47.446288],[-122.11043,47.445718],[-122.110951,47.445369],[-122.111542,47.444848],[-122.111784,47.444566],[-122.11184,47.444408],[-122.111863,47.443619],[-122.111975,47.44306],[-122.112013,47.441886],[-122.111943,47.437466],[-122.116684,47.437509],[-122.117161,47.438234],[-122.117813,47.438787],[-122.118186,47.439002],[-122.118753,47.439233],[-122.119899,47.439485],[-122.130106,47.439627],[-122.130137,47.440413],[-122.130206,47.440606],[-122.130326,47.440757],[-122.128876,47.441319],[-122.128374,47.441456],[-122.128583,47.44188],[-122.130041,47.44316],[-122.13037,47.443652],[-122.131098,47.44453],[-122.131171,47.444724],[-122.131152,47.445238],[-122.131036,47.445457],[-122.130833,47.445628],[-122.131499,47.446042],[-122.13188,47.44607],[-122.132058,47.446144],[-122.132138,47.446233],[-122.13215,47.446557],[-122.132217,47.446678],[-122.132447,47.446832],[-122.133162,47.447133],[-122.133067,47.447197]]],"type":"Polygon"},"properties":{"tract_name":"Census Tract 319.11, King, WA","geoid":"14000US53033031911","ses_index":75,"access_index":17,"kids_per_pitch":208,"median_income":157851,"poverty_rate":2.3,"kids_5_17":416,"facility_count":2,"nearest_facility_km":0.81,"data_year":"ACS 2023 5-year"},"type":"Feature"},{"geometry":{"coordinates":[[[-122.132425,47.487567],[-122.132417,47.488299],[-122.122195,47.488075],[-122.122066,47.49186],[-122.122077,47.502476],[-122.120772,47.502482],[-122.119906,47.502382],[-122.116708,47.501235],[-122.112562,47.500459],[-122.111346,47.500472],[-122.10851,47.501043],[-122.106465,47.501181],[-122.101946,47.500148],[-122.09908,47.498911],[-122.089204,47.497659],[-122.088598,47.497359],[-122.084044,47.493639],[-122.078946,47.490091],[-122.07451,47.48746],[-122.077838,47.483436],[-122.07846,47.483119],[-122.079003,47.483082],[-122.081981,47.483772],[-122.088561,47.48728],[-122.089352,47.487596],[-122.090501,47.487688],[-122.095512,47.487582],[-122.095499,47.486859],[-122.095299,47.486403],[-122.093209,47.484887],[-122.092701,47.48355],[-122.091949,47.482654],[-122.093267,47.482592],[-122.093281,47.481661],[-122.093384,47.481579],[-122.095613,47.481525],[-122.095635,47.480398],[-122.098319,47.48034],[-122.09822,47.479674],[-122.097551,47.479184],[-122.097434,47.47897],[-122.097475,47.473285],[-122.097891,47.472571],[-122.096526,47.470508],[-122.098749,47.470543],[-122.099626,47.470311],[-122.100367,47.469832],[-122.100799,47.469779],[-122.101287,47.469907],[-122.101529,47.470136],[-122.101224,47.470612],[-122.10178,47.471245],[-122.102371,47.470992],[-122.103353,47.470904],[-122.104248,47.470607],[-122.105034,47.470708],[-122.105382,47.470999],[-122.105401,47.471299],[-122.1047,47.472141],[-122.102816,47.473311],[-122.102556,47.473613],[-122.102577,47.473915],[-122.103222,47.473952],[-122.103964,47.474264],[-122.104547,47.474365],[-122.104621,47.473965],[-122.104849,47.473637],[-122.105375,47.473354],[-122.105782,47.47329],[-122.115198,47.473565],[-122.115306,47.480725],[-122.119015,47.480837],[-122.119188,47.481014],[-122.119226,47.481745],[-122.127068,47.481891],[-122.127119,47.483418],[-122.129743,47.483438],[-122.129738,47.483236],[-122.132362,47.483282],[-122.132425,47.487567]]],"type":"Polygon"},"properties":{"tract_name":"Census Tract 319.12, King, WA","geoid":"14000US53033031912","ses_index":57,"access_index":1,"kids_per_pitch":1316,"median_income":104523,"poverty_rate":8.54,"kids_5_17":658,"facility_count":0,"nearest_facility_km":1.408,"data_year":"ACS 2023 5-year"},"type":"Feature"},{"geometry":{"coordinates":[[[-122.142538,47.466236],[-122.141864,47.467833],[-122.141248,47.468293],[-122.139843,47.468881],[-122.139102,47.468954],[-122.138492,47.468859],[-122.136554,47.468194],[-122.136354,47.468675],[-122.135827,47.469363],[-122.135065,47.469978],[-122.133565,47.470919],[-122.13331,47.471213],[-122.133192,47.471708],[-122.133273,47.471978],[-122.133582,47.472364],[-122.135018,47.473641],[-122.13521,47.473926],[-122.135261,47.47427],[-122.13511,47.474632],[-122.134762,47.474948],[-122.132616,47.475511],[-122.132262,47.475809],[-122.132362,47.483282],[-122.129738,47.483236],[-122.129743,47.483438],[-122.127119,47.483418],[-122.127068,47.481891],[-122.119226,47.481745],[-122.119188,47.481014],[-122.119015,47.480837],[-122.115306,47.480725],[-122.115198,47.473565],[-122.105782,47.47329],[-122.105375,47.473354],[-122.104849,47.473637],[-122.104621,47.473965],[-122.104547,47.474365],[-122.10418,47.474321],[-122.10336,47.473985],[-122.102577,47.473915],[-122.102556,47.473613],[-122.102863,47.473276],[-122.104611,47.472231],[-122.105401,47.471299],[-122.105414,47.471091],[-122.105306,47.470887],[-122.104859,47.470656],[-122.104248,47.470607],[-122.103353,47.470904],[-122.102371,47.470992],[-122.10178,47.471245],[-122.101224,47.470612],[-122.101901,47.469522],[-122.101857,47.469387],[-122.103554,47.469335],[-122.104662,47.468484],[-122.105273,47.467859],[-122.103902,47.46717],[-122.103706,47.46731],[-122.103965,47.466693],[-122.104292,47.466422],[-122.104795,47.466177],[-122.104641,47.465828],[-122.104467,47.465699],[-122.102919,47.465342],[-122.102689,47.465212],[-122.102652,47.464842],[-122.102898,47.464478],[-122.102845,47.46414],[-122.10198,47.463264],[-122.10393,47.463522],[-122.104309,47.463408],[-122.104763,47.463039],[-122.106898,47.463127],[-122.121209,47.463248],[-122.125149,47.463464],[-122.128755,47.463842],[-122.130958,47.464187],[-122.142582,47.466076],[-122.142538,47.466236]]],"type":"Polygon"},"properties":{"tract_name":"Census Tract 319.13, King, WA","geoid":"14000US53033031913","ses_index":79,"access_index":9,"kids_per_pitch":918,"median_income":172656,"poverty_rate":2.29,"kids_5_17":918,"facility_count":1,"nearest_facility_km":0.229,"data_year":"ACS 2023 5-year"},"type":"Feature"},{"geometry":{"coordinates":[[[-122.083023,47.423086],[-122.079896,47.427556],[-122.080824,47.429831],[-122.080033,47.431869],[-122.079641,47.442723],[-122.07895,47.44489],[-122.079375,47.448068],[-122.078608,47.450137],[-122.077875,47.453116],[-122.079149,47.456226],[-122.080357,47.457359],[-122.080238,47.457758],[-122.079628,47.457972],[-122.077397,47.454474],[-122.075333,47.452648],[-122.074467,47.451374],[-122.073381,47.445078],[-122.072503,47.443058],[-122.070909,47.441252],[-122.066715,47.438217],[-122.062564,47.440654],[-122.061622,47.44065],[-122.059454,47.44008],[-122.057504,47.440808],[-122.054398,47.441127],[-122.047532,47.444722],[-122.034374,47.448787],[-122.03346,47.449504],[-122.026521,47.457095],[-122.026244,47.457888],[-122.02612,47.46089],[-122.025401,47.462552],[-122.023311,47.460894],[-122.022152,47.460863],[-122.021511,47.461076],[-122.021175,47.460794],[-122.021083,47.460382],[-122.018886,47.460725],[-122.017452,47.461503],[-122.016597,47.461656],[-122.015331,47.461488],[-122.013759,47.460602],[-122.011837,47.460533],[-122.010982,47.459793],[-122.009151,47.460396],[-122.008113,47.459801],[-122.008022,47.458511],[-122.00764,47.458259],[-122.005565,47.457229],[-122.003444,47.457244],[-122.002315,47.456168],[-122.000651,47.455749],[-122.000239,47.454491],[-121.999812,47.454163],[-121.999751,47.453819],[-122.000254,47.453255],[-122.000605,47.452225],[-122.000391,47.451889],[-121.999186,47.451409],[-121.998896,47.451073],[-121.998606,47.451744],[-121.998438,47.451744],[-121.997858,47.450883],[-121.996272,47.450555],[-121.996119,47.450166],[-121.995844,47.450074],[-121.995264,47.450113],[-121.994914,47.449357],[-121.994135,47.448953],[-121.993708,47.448487],[-121.99235,47.448434],[-121.991785,47.447717],[-121.991145,47.447459],[-121.991511,47.446261],[-121.99087,47.44536],[-121.991007,47.444628],[-121.990656,47.443476],[-121.98823,47.442347],[-121.987315,47.442446],[-121.986247,47.440966],[-121.985041,47.440317],[-121.985178,47.440005],[-121.984187,47.439898],[-121.983759,47.439501],[-121.98353,47.438921],[-121.981698,47.438639],[-121.978589,47.437317],[-121.978202,47.437592],[-121.975291,47.43556],[-121.976782,47.435247],[-121.980016,47.434005],[-121.984044,47.432016],[-121.987239,47.429853],[-121.992523,47.425244],[-121.994756,47.423837],[-121.997898,47.422213],[-122.013577,47.41638],[-122.027898,47.41074],[-122.031949,47.409586],[-122.037746,47.408531],[-122.03968,47.407786],[-122.040885,47.407008],[-122.041874,47.405976],[-122.044045,47.402585],[-122.044527,47.401347],[-122.045093,47.398003],[-122.04587,47.39873],[-122.046043,47.399848],[-122.048988,47.404649],[-122.054916,47.410767],[-122.056082,47.411731],[-122.064681,47.415607],[-122.072961,47.420628],[-122.075104,47.421165],[-122.079415,47.421339],[-122.083176,47.422839],[-122.083023,47.423086]]],"type":"Polygon"},"properties":{"tract_name":"Census Tract 320.02, King, WA","geoid":"14000US53033032002","ses_index":71,"access_index":0,"kids_per_pitch":554,"median_income":139111,"poverty_rate":1.42,"kids_5_17":277,"facility_count":0,"nearest_facility_km":2.974,"data_year":"ACS 2023 5-year"},"type":"Feature"},{"geometry":{"coordinates":[[[-122.045093,47.398003],[-122.044045,47.402585],[-122.041522,47.406395],[-122.039237,47.408005],[-122.027898,47.41074],[-121.997898,47.422213],[-121.992523,47.425244],[-121.984586,47.431693],[-121.977438,47.435027],[-121.974703,47.435655],[-121.969912,47.435699],[-121.966264,47.436854],[-121.963064,47.440059],[-121.95998,47.447735],[-121.952015,47.453373],[-121.951139,47.454444],[-121.950538,47.456594],[-121.947557,47.460127],[-121.943889,47.462291],[-121.934793,47.465877],[-121.931691,47.466077],[-121.925438,47.465613],[-121.923181,47.465958],[-121.92072,47.467031],[-121.915997,47.470069],[-121.910076,47.472385],[-121.898964,47.473719],[-121.894973,47.475358],[-121.89175,47.477987],[-121.889382,47.482463],[-121.884511,47.504578],[-121.878746,47.503542],[-121.877728,47.502232],[-121.877238,47.500236],[-121.87624,47.498684],[-121.873105,47.495826],[-121.869917,47.488399],[-121.863136,47.48284],[-121.86173,47.47789],[-121.859726,47.477563],[-121.856312,47.478092],[-121.854379,47.477795],[-121.854021,47.477192],[-121.855826,47.47688],[-121.849287,47.475424],[-121.847585,47.474438],[-121.846318,47.472659],[-121.846306,47.469918],[-121.847184,47.467163],[-121.846664,47.46409],[-121.844071,47.459655],[-121.843609,47.454491],[-121.842077,47.452961],[-121.840686,47.452328],[-121.838604,47.449962],[-121.83443,47.448028],[-121.832132,47.447511],[-121.831041,47.448205],[-121.826579,47.448476],[-121.822696,47.4474],[-121.823684,47.44667],[-121.824613,47.446725],[-121.827807,47.445603],[-121.828449,47.445058],[-121.828202,47.444675],[-121.82529,47.444381],[-121.821504,47.443343],[-121.817333,47.443944],[-121.812835,47.443092],[-121.81089,47.443361],[-121.810052,47.444202],[-121.809038,47.444319],[-121.809268,47.44316],[-121.80808,47.442494],[-121.809993,47.441453],[-121.809929,47.440927],[-121.810748,47.440434],[-121.810925,47.439811],[-121.807688,47.438818],[-121.807479,47.438521],[-121.808135,47.437903],[-121.806508,47.437024],[-121.806556,47.436286],[-121.80589,47.435728],[-121.80702,47.435751],[-121.807843,47.436641],[-121.810147,47.436656],[-121.810649,47.437455],[-121.811073,47.437367],[-121.815032,47.43366],[-121.817702,47.432661],[-121.821351,47.432111],[-121.821872,47.431386],[-121.822,47.429953],[-121.823423,47.42913],[-121.824015,47.428134],[-121.823665,47.42712],[-121.824306,47.42673],[-121.824383,47.425922],[-121.825163,47.424945],[-121.823532,47.422748],[-121.825194,47.421887],[-121.82553,47.421001],[-121.825098,47.418865],[-121.82253,47.416179],[-121.819903,47.414903],[-121.820467,47.413398],[-121.819551,47.411595],[-121.81963,47.410625],[-121.823536,47.408984],[-121.825321,47.407565],[-121.828739,47.406589],[-121.834294,47.403522],[-121.836003,47.40208],[-121.838703,47.401439],[-121.840901,47.400028],[-121.842472,47.397304],[-121.84531,47.394695],[-121.850361,47.392871],[-121.856147,47.38913],[-121.863857,47.38845],[-121.865827,47.387413],[-121.872441,47.385303],[-121.875203,47.385486],[-121.87798,47.386852],[-121.878972,47.388583],[-121.88152,47.388385],[-121.883794,47.389552],[-121.886648,47.389797],[-121.894018,47.389262],[-121.897299,47.387965],[-121.89794,47.386752],[-121.897848,47.384914],[-121.898367,47.3838],[-121.89794,47.382221],[-121.898276,47.381786],[-121.902395,47.380328],[-121.905173,47.38158],[-121.908087,47.382022],[-121.909994,47.383365],[-121.918219,47.387233],[-121.919868,47.389255],[-121.920303,47.391127],[-121.923271,47.392932],[-121.926185,47.392825],[-121.929527,47.391322],[-121.936057,47.391176],[-121.938896,47.391962],[-121.953316,47.393694],[-121.958565,47.391955],[-121.959633,47.390703],[-121.959206,47.389582],[-121.957573,47.388384],[-121.958138,47.386881],[-121.957924,47.386355],[-121.95417,47.382876],[-121.953864,47.381815],[-121.958488,47.381319],[-121.95922,47.380709],[-121.959266,47.380121],[-121.957693,47.379397],[-121.957556,47.378618],[-121.959357,47.376992],[-121.963798,47.37433],[-121.968619,47.373445],[-121.9699,47.374269],[-121.971588,47.374635],[-121.972898,47.373889],[-121.97546,47.373695],[-121.982036,47.375817],[-121.986414,47.376353],[-121.994721,47.375944],[-121.999411,47.37883],[-122.003537,47.378805],[-122.004385,47.379142],[-122.010582,47.376984],[-122.012741,47.376863],[-122.020962,47.38025],[-122.022566,47.38355],[-122.027284,47.38679],[-122.032019,47.389362],[-122.032061,47.393504],[-122.036071,47.394007],[-122.041338,47.396526],[-122.038116,47.394388],[-122.038306,47.393966],[-122.039375,47.393754],[-122.045093,47.398003]]],"type":"Polygon"},"properties":{"tract_name":"Census Tract 320.03, King, WA","geoid":"14000US53033032003","ses_index":74,"access_index":0,"kids_per_pitch":1858,"median_income":159125,"poverty_rate":4.14,"kids_5_17":929,"facility_count":0,"nearest_facility_km":9.727,"data_year":"ACS 2023 5-year"},"type":"Feature"},{"geometry":{"coordinates":[[[-122.10703,47.358386],[-122.102684,47.361218],[-122.102358,47.361566],[-122.102095,47.362155],[-122.101976,47.363061],[-122.101881,47.366087],[-122.101765,47.375045],[-122.09109,47.38058],[-122.080462,47.384884],[-122.08043,47.387006],[-122.06524,47.386949],[-122.067487,47.383262],[-122.069223,47.379688],[-122.072105,47.375615],[-122.075909,47.369971],[-122.075837,47.369653],[-122.076063,47.369237],[-122.077297,47.367554],[-122.077562,47.367341],[-122.077869,47.367233],[-122.079047,47.367216],[-122.079045,47.36647],[-122.078907,47.366264],[-122.077252,47.365666],[-122.075241,47.365661],[-122.075238,47.367103],[-122.069853,47.367177],[-122.06978,47.36522],[-122.069846,47.35806],[-122.090283,47.358133],[-122.102103,47.358012],[-122.107453,47.358108],[-122.10703,47.358386]]],"type":"Polygon"},"properties":{"tract_name":"Census Tract 320.05, King, WA","geoid":"14000US53033032005","ses_index":65,"access_index":0,"kids_per_pitch":3432,"median_income":132484,"poverty_rate":7.32,"kids_5_17":1716,"facility_count":0,"nearest_facility_km":2.497,"data_year":"ACS 2023 5-year"},"type":"Feature"},{"geometry":{"coordinates":[[[-122.117949,47.34968],[-122.107453,47.358108],[-122.102103,47.358012],[-122.090283,47.358133],[-122.043493,47.357968],[-122.043875,47.357357],[-122.044665,47.356626],[-122.045509,47.355448],[-122.047093,47.354393],[-122.047504,47.354315],[-122.053699,47.354349],[-122.053558,47.352868],[-122.053539,47.349597],[-122.053659,47.344759],[-122.053899,47.343428],[-122.053898,47.340587],[-122.056181,47.341376],[-122.05873,47.341779],[-122.061668,47.341847],[-122.063578,47.342123],[-122.068326,47.342233],[-122.070997,47.342866],[-122.078575,47.343493],[-122.080441,47.343423],[-122.082662,47.342957],[-122.08514,47.342736],[-122.088436,47.341834],[-122.08992,47.341558],[-122.092104,47.341527],[-122.095946,47.341936],[-122.098686,47.341994],[-122.099117,47.34227],[-122.099844,47.343356],[-122.100099,47.343571],[-122.102897,47.343593],[-122.105987,47.345703],[-122.107352,47.346899],[-122.108497,47.347596],[-122.109918,47.348215],[-122.110901,47.34846],[-122.111566,47.348471],[-122.113978,47.347595],[-122.114383,47.347562],[-122.114617,47.347687],[-122.115197,47.348373],[-122.118089,47.349567],[-122.117949,47.34968]]],"type":"Polygon"},"properties":{"tract_name":"Census Tract 320.06, King, WA","geoid":"14000US53033032006","ses_index":68,"access_index":0,"kids_per_pitch":1650,"median_income":125694,"poverty_rate":0.36,"kids_5_17":825,"facility_count":0,"nearest_facility_km":2.693,"data_year":"ACS 2023 5-year"},"type":"Feature"},{"geometry":{"coordinates":[[[-122.084917,47.411046],[-122.084799,47.411351],[-122.084443,47.411563],[-122.083255,47.412006],[-122.081664,47.412351],[-122.081223,47.412607],[-122.080878,47.413104],[-122.080183,47.415471],[-122.079855,47.415951],[-122.082232,47.418961],[-122.083434,47.420739],[-122.083539,47.421095],[-122.083176,47.422839],[-122.082018,47.422477],[-122.079415,47.421339],[-122.078338,47.421205],[-122.075104,47.421165],[-122.073509,47.420842],[-122.072225,47.420248],[-122.064681,47.415607],[-122.057041,47.412261],[-122.055464,47.411273],[-122.048988,47.404649],[-122.046043,47.399848],[-122.04587,47.39873],[-122.044569,47.397447],[-122.045102,47.394422],[-122.046041,47.391983],[-122.045851,47.391042],[-122.045353,47.390358],[-122.047709,47.388335],[-122.048005,47.387773],[-122.048117,47.379613],[-122.05365,47.379668],[-122.053713,47.378292],[-122.054817,47.378203],[-122.055519,47.37793],[-122.055791,47.377423],[-122.05629,47.376963],[-122.056193,47.376777],[-122.055959,47.376711],[-122.054511,47.37677],[-122.054374,47.376071],[-122.054527,47.375481],[-122.054719,47.375338],[-122.055176,47.37551],[-122.058123,47.375461],[-122.058401,47.375156],[-122.058453,47.372443],[-122.058651,47.371973],[-122.059139,47.371774],[-122.059279,47.372086],[-122.059618,47.372187],[-122.061571,47.372192],[-122.061796,47.372034],[-122.061728,47.367971],[-122.061307,47.367027],[-122.059981,47.366349],[-122.059098,47.366415],[-122.058974,47.35799],[-122.069846,47.35806],[-122.069853,47.367177],[-122.075238,47.367103],[-122.075241,47.365661],[-122.077252,47.365666],[-122.078798,47.366194],[-122.079026,47.366409],[-122.079047,47.367216],[-122.077562,47.367341],[-122.076063,47.369237],[-122.075837,47.369653],[-122.075909,47.369971],[-122.069223,47.379688],[-122.067487,47.383262],[-122.06524,47.386949],[-122.08043,47.387006],[-122.080237,47.403479],[-122.081714,47.406278],[-122.084647,47.410027],[-122.084917,47.411046]]],"type":"Polygon"},"properties":{"tract_name":"Census Tract 320.07, King, WA","geoid":"14000US53033032007","ses_index":76,"access_index":0,"kids_per_pitch":1718,"median_income":183929,"poverty_rate":11.38,"kids_5_17":859,"facility_count":0,"nearest_facility_km":2.893,"data_year":"ACS 2023 5-year"},"type":"Feature"},{"geometry":{"coordinates":[[[-122.061796,47.372034],[-122.061703,47.372149],[-122.061571,47.372192],[-122.059618,47.372187],[-122.059279,47.372086],[-122.059193,47.371983],[-122.059139,47.371774],[-122.058651,47.371973],[-122.058542,47.372102],[-122.058453,47.372443],[-122.058401,47.375156],[-122.058322,47.375322],[-122.058123,47.375461],[-122.057666,47.37555],[-122.055176,47.37551],[-122.054906,47.375447],[-122.054719,47.375338],[-122.054527,47.375481],[-122.054424,47.375649],[-122.054374,47.376071],[-122.05441,47.376636],[-122.054511,47.37677],[-122.054897,47.37683],[-122.055959,47.376711],[-122.056193,47.376777],[-122.05629,47.376963],[-122.056114,47.377187],[-122.055791,47.377423],[-122.055675,47.377817],[-122.055519,47.37793],[-122.054817,47.378203],[-122.054451,47.37825],[-122.053832,47.378229],[-122.053713,47.378292],[-122.05365,47.379668],[-122.048117,47.379613],[-122.048173,47.376879],[-122.048397,47.376421],[-122.049208,47.375669],[-122.049348,47.375465],[-122.049405,47.375149],[-122.049284,47.374717],[-122.047277,47.372185],[-122.044921,47.369914],[-122.044375,47.369281],[-122.044227,47.36905],[-122.043427,47.367235],[-122.043172,47.366754],[-122.042628,47.366017],[-122.042445,47.36567],[-122.042334,47.365319],[-122.042314,47.364595],[-122.042818,47.363219],[-122.043004,47.362355],[-122.043493,47.357968],[-122.058974,47.35799],[-122.058977,47.362995],[-122.059098,47.366415],[-122.059981,47.366349],[-122.060678,47.366632],[-122.061307,47.367027],[-122.061728,47.367971],[-122.061796,47.372034]]],"type":"Polygon"},"properties":{"tract_name":"Census Tract 320.08, King, WA","geoid":"14000US53033032008","ses_index":70,"access_index":1,"kids_per_pitch":2200,"median_income":142153,"poverty_rate":4.13,"kids_5_17":1100,"facility_count":0,"nearest_facility_km":2.387,"data_year":"ACS 2023 5-year"},"type":"Feature"},{"geometry":{"coordinates":[[[-122.048101,47.382371],[-122.048005,47.387773],[-122.047709,47.388335],[-122.045353,47.390358],[-122.045851,47.391042],[-122.046041,47.391983],[-122.045855,47.392683],[-122.045102,47.394422],[-122.044569,47.397447],[-122.044299,47.397145],[-122.039375,47.393754],[-122.038306,47.393966],[-122.038144,47.394108],[-122.038116,47.394388],[-122.041182,47.396148],[-122.041359,47.396348],[-122.041338,47.396526],[-122.039532,47.395575],[-122.036071,47.394007],[-122.034111,47.393567],[-122.032061,47.393504],[-122.032019,47.389362],[-122.027284,47.38679],[-122.023839,47.384543],[-122.022566,47.38355],[-122.021866,47.382353],[-122.021541,47.380968],[-122.021142,47.38037],[-122.013795,47.377154],[-122.013124,47.376923],[-122.012408,47.376834],[-122.010865,47.376917],[-122.004385,47.379142],[-122.004066,47.378894],[-122.003537,47.378805],[-122.000792,47.378807],[-121.999846,47.378902],[-121.999272,47.378772],[-121.997765,47.377552],[-121.994913,47.375989],[-121.990936,47.375944],[-121.992382,47.375499],[-121.996287,47.373247],[-122.002261,47.370738],[-122.003946,47.370544],[-122.009072,47.370421],[-122.010344,47.370065],[-122.011054,47.369562],[-122.011415,47.36909],[-122.011917,47.366757],[-122.012144,47.366302],[-122.013016,47.365615],[-122.015552,47.364242],[-122.016134,47.363606],[-122.016335,47.362997],[-122.016311,47.361801],[-122.01863,47.361494],[-122.020933,47.361369],[-122.023313,47.372285],[-122.023858,47.373521],[-122.02475,47.374768],[-122.026609,47.374055],[-122.031885,47.374029],[-122.032322,47.373924],[-122.032321,47.3749],[-122.032464,47.375567],[-122.033089,47.376508],[-122.034703,47.377666],[-122.035779,47.378927],[-122.037105,47.379969],[-122.038728,47.380568],[-122.039913,47.380801],[-122.044004,47.380909],[-122.046033,47.381193],[-122.046882,47.38145],[-122.04768,47.381865],[-122.048101,47.38211],[-122.048101,47.382371]]],"type":"Polygon"},"properties":{"tract_name":"Census Tract 320.10, King, WA","geoid":"14000US53033032010","ses_index":73,"access_index":0,"kids_per_pitch":2978,"median_income":157902,"poverty_rate":5.33,"kids_5_17":1489,"facility_count":0,"nearest_facility_km":2.578,"data_year":"ACS 2023 5-year"},"type":"Feature"},{"geometry":{"coordinates":[[[-122.049407,47.375213],[-122.0493,47.375555],[-122.048397,47.376421],[-122.048173,47.376879],[-122.048101,47.38211],[-122.046882,47.38145],[-122.046033,47.381193],[-122.045068,47.381002],[-122.044004,47.380909],[-122.041695,47.38089],[-122.039913,47.380801],[-122.038728,47.380568],[-122.037105,47.379969],[-122.035779,47.378927],[-122.035435,47.378456],[-122.034998,47.378073],[-122.034703,47.377666],[-122.033539,47.376773],[-122.033089,47.376508],[-122.032464,47.375567],[-122.032321,47.3749],[-122.032322,47.373924],[-122.031885,47.374029],[-122.026609,47.374055],[-122.02614,47.37417],[-122.02475,47.374768],[-122.023858,47.373521],[-122.023475,47.372755],[-122.023313,47.372285],[-122.020933,47.361369],[-122.023613,47.361197],[-122.02432,47.361021],[-122.032267,47.358102],[-122.034643,47.358005],[-122.043493,47.357968],[-122.042943,47.362723],[-122.042818,47.363219],[-122.042314,47.364595],[-122.042305,47.365086],[-122.042389,47.365527],[-122.042628,47.366017],[-122.043172,47.366754],[-122.043427,47.367235],[-122.044227,47.36905],[-122.044375,47.369281],[-122.044921,47.369914],[-122.047277,47.372185],[-122.049186,47.37455],[-122.049367,47.374948],[-122.049407,47.375213]]],"type":"Polygon"},"properties":{"tract_name":"Census Tract 320.11, King, WA","geoid":"14000US53033032011","ses_index":75,"access_index":1,"kids_per_pitch":2372,"median_income":174792,"poverty_rate":9.37,"kids_5_17":1186,"facility_count":0,"nearest_facility_km":1.775,"data_year":"ACS 2023 5-year"},"type":"Feature"},{"geometry":{"coordinates":[[[-122.035298,47.473546],[-122.034954,47.4735],[-122.035143,47.474405],[-122.03461,47.474632],[-122.034845,47.474884],[-122.034921,47.476251],[-122.033098,47.476122],[-122.033297,47.476892],[-122.034296,47.477047],[-122.034598,47.47739],[-122.034413,47.477829],[-122.033316,47.478535],[-122.034359,47.479696],[-122.033547,47.480649],[-122.033657,47.481858],[-122.031702,47.482305],[-122.027932,47.484688],[-122.027085,47.484712],[-122.02247,47.494124],[-122.022011,47.495963],[-122.023523,47.512647],[-122.024835,47.514606],[-122.029989,47.51874],[-122.029762,47.518983],[-122.030654,47.523004],[-122.032383,47.52545],[-122.02787,47.525436],[-122.027031,47.526944],[-122.02525,47.527973],[-122.023363,47.529857],[-122.022974,47.531591],[-122.02006,47.5323],[-122.014639,47.535245],[-122.011951,47.536185],[-122.009334,47.536512],[-122.007058,47.536292],[-121.997172,47.532494],[-121.992899,47.531533],[-121.988933,47.53108],[-121.982387,47.530793],[-121.979889,47.53115],[-121.977193,47.532359],[-121.974133,47.534819],[-121.971383,47.535698],[-121.971514,47.536113],[-121.970445,47.536205],[-121.967688,47.535865],[-121.959668,47.533335],[-121.945502,47.531806],[-121.943387,47.53112],[-121.941335,47.529842],[-121.936511,47.523643],[-121.934901,47.522344],[-121.929427,47.520495],[-121.919133,47.516158],[-121.911379,47.512297],[-121.903971,47.50784],[-121.901736,47.507263],[-121.899465,47.507129],[-121.883581,47.509035],[-121.889058,47.483426],[-121.89135,47.478595],[-121.892852,47.476937],[-121.895799,47.474836],[-121.898653,47.473783],[-121.90842,47.47281],[-121.910076,47.472385],[-121.915997,47.470069],[-121.92072,47.467031],[-121.923181,47.465958],[-121.925438,47.465613],[-121.931691,47.466077],[-121.935146,47.465808],[-121.941556,47.463359],[-121.946026,47.461188],[-121.947411,47.460277],[-121.950178,47.457119],[-121.951609,47.453766],[-121.960215,47.44745],[-121.962875,47.440408],[-121.964512,47.438261],[-121.966264,47.436854],[-121.968826,47.435907],[-121.975291,47.43556],[-121.978202,47.437592],[-121.978589,47.437317],[-121.981698,47.438639],[-121.98353,47.438921],[-121.984187,47.439898],[-121.985178,47.440005],[-121.985041,47.440317],[-121.986247,47.440966],[-121.987315,47.442446],[-121.98823,47.442347],[-121.990656,47.443476],[-121.991007,47.444628],[-121.99087,47.44536],[-121.991511,47.446261],[-121.991145,47.447459],[-121.991785,47.447717],[-121.99235,47.448434],[-121.993708,47.448487],[-121.994914,47.449357],[-121.995264,47.450113],[-121.995844,47.450074],[-121.996272,47.450555],[-121.997858,47.450883],[-121.998438,47.451744],[-121.998896,47.451073],[-122.000391,47.451889],[-122.000605,47.452225],[-121.999751,47.453819],[-122.000651,47.455749],[-122.002315,47.456168],[-122.003444,47.457244],[-122.005565,47.457229],[-122.00764,47.458259],[-122.008022,47.458511],[-122.008113,47.459801],[-122.008571,47.460182],[-122.009151,47.460396],[-122.010982,47.459793],[-122.011837,47.460533],[-122.013759,47.460602],[-122.015956,47.461656],[-122.017452,47.461503],[-122.018886,47.460725],[-122.021083,47.460382],[-122.021511,47.461076],[-122.023311,47.460894],[-122.02529,47.462536],[-122.02609,47.462397],[-122.026942,47.463056],[-122.026983,47.465159],[-122.027477,47.465197],[-122.028128,47.466123],[-122.031412,47.466426],[-122.033177,47.468532],[-122.033936,47.471339],[-122.035221,47.471942],[-122.035298,47.473546]]],"type":"Polygon"},"properties":{"tract_name":"Census Tract 321.02, King, WA","geoid":"14000US53033032102","ses_index":74,"access_index":11,"kids_per_pitch":312,"median_income":165341,"poverty_rate":6.93,"kids_5_17":624,"facility_count":2,"nearest_facility_km":2.842,"data_year":"ACS 2023 5-year"},"type":"Feature"},{"geometry":{"coordinates":[[[-122.076788,47.553633],[-122.076434,47.554213],[-122.056122,47.54643],[-122.054502,47.545889],[-122.053317,47.545595],[-122.052111,47.545414],[-122.046805,47.544895],[-122.044934,47.544462],[-122.043307,47.543887],[-122.037504,47.541091],[-122.035372,47.539743],[-122.034047,47.538594],[-122.029841,47.533811],[-122.029056,47.533029],[-122.027633,47.532277],[-122.026951,47.532046],[-122.025103,47.531669],[-122.022974,47.531591],[-122.023295,47.530951],[-122.023363,47.529857],[-122.023945,47.529192],[-122.02525,47.527973],[-122.026572,47.527272],[-122.027031,47.526944],[-122.027534,47.526386],[-122.027782,47.525857],[-122.02787,47.525436],[-122.032383,47.52545],[-122.032959,47.526645],[-122.033032,47.527454],[-122.033668,47.527463],[-122.034139,47.528772],[-122.034746,47.530101],[-122.040545,47.530189],[-122.04172,47.529924],[-122.042104,47.530198],[-122.043326,47.530233],[-122.044381,47.530088],[-122.046648,47.53004],[-122.047163,47.53022],[-122.047692,47.530783],[-122.048773,47.531188],[-122.049284,47.531593],[-122.049963,47.532366],[-122.050388,47.532577],[-122.051527,47.532682],[-122.052438,47.532462],[-122.053043,47.533257],[-122.053336,47.533459],[-122.056194,47.533535],[-122.056603,47.533628],[-122.056799,47.533802],[-122.056838,47.534688],[-122.057062,47.535177],[-122.057022,47.537159],[-122.057127,47.537397],[-122.057537,47.537825],[-122.057608,47.538074],[-122.057546,47.5412],[-122.062892,47.541197],[-122.063862,47.541385],[-122.064507,47.541677],[-122.064999,47.542058],[-122.06633,47.543946],[-122.067011,47.544622],[-122.069935,47.546511],[-122.070587,47.547137],[-122.071248,47.548034],[-122.071859,47.548575],[-122.074837,47.550208],[-122.075087,47.550418],[-122.075496,47.551015],[-122.07568,47.552354],[-122.075886,47.552833],[-122.076269,47.553286],[-122.076788,47.553633]]],"type":"Polygon"},"properties":{"tract_name":"Census Tract 321.03, King, WA","geoid":"14000US53033032103","ses_index":62,"access_index":5,"kids_per_pitch":838,"median_income":121685,"poverty_rate":6.92,"kids_5_17":838,"facility_count":1,"nearest_facility_km":1.304,"data_year":"ACS 2023 5-year"},"type":"Feature"},{"geometry":{"coordinates":[[[-122.097492,47.498922],[-122.096575,47.499801],[-122.095588,47.502551],[-122.09523,47.503056],[-122.090317,47.505762],[-122.089357,47.506788],[-122.087168,47.509889],[-122.086126,47.510363],[-122.082987,47.511277],[-122.078403,47.513111],[-122.075661,47.515006],[-122.07248,47.51641],[-122.06975,47.518218],[-122.069439,47.518896],[-122.070217,47.520439],[-122.070084,47.521175],[-122.068807,47.522136],[-122.067183,47.523634],[-122.065321,47.524525],[-122.06486,47.525763],[-122.061801,47.529763],[-122.062269,47.533866],[-122.063296,47.539941],[-122.063215,47.541239],[-122.057546,47.5412],[-122.057608,47.538074],[-122.057022,47.537159],[-122.057062,47.535177],[-122.056838,47.534688],[-122.056799,47.533802],[-122.056603,47.533628],[-122.053336,47.533459],[-122.052438,47.532462],[-122.051527,47.532682],[-122.050388,47.532577],[-122.049963,47.532366],[-122.048773,47.531188],[-122.047692,47.530783],[-122.047163,47.53022],[-122.046648,47.53004],[-122.043326,47.530233],[-122.042104,47.530198],[-122.04172,47.529924],[-122.040545,47.530189],[-122.034746,47.530101],[-122.033668,47.527463],[-122.033032,47.527454],[-122.032959,47.526645],[-122.032383,47.52545],[-122.030654,47.523004],[-122.030205,47.521611],[-122.029953,47.519398],[-122.029762,47.518983],[-122.029989,47.51874],[-122.024835,47.514606],[-122.024058,47.513717],[-122.023523,47.512647],[-122.023355,47.51185],[-122.021995,47.496373],[-122.022083,47.495383],[-122.02247,47.494124],[-122.027085,47.484712],[-122.027932,47.484688],[-122.031702,47.482305],[-122.033832,47.481798],[-122.035517,47.480829],[-122.036352,47.479737],[-122.036863,47.479414],[-122.037696,47.479214],[-122.038753,47.479206],[-122.041657,47.479346],[-122.046807,47.480494],[-122.058078,47.480594],[-122.062908,47.48204],[-122.067579,47.483742],[-122.073878,47.48705],[-122.078946,47.490091],[-122.084044,47.493639],[-122.088866,47.497523],[-122.089576,47.497745],[-122.097891,47.498731],[-122.097492,47.498922]]],"type":"Polygon"},"properties":{"tract_name":"Census Tract 321.04, King, WA","geoid":"14000US53033032104","ses_index":65,"access_index":1,"kids_per_pitch":1846,"median_income":140219,"poverty_rate":9.63,"kids_5_17":923,"facility_count":0,"nearest_facility_km":2.123,"data_year":"ACS 2023 5-year"},"type":"Feature"},{"geometry":{"coordinates":[[[-122.080213,47.575612],[-122.077858,47.577265],[-122.07655,47.577805],[-122.076731,47.578022],[-122.076857,47.579408],[-122.076051,47.579634],[-122.076097,47.579736],[-122.075384,47.580057],[-122.076041,47.580607],[-122.077037,47.581117],[-122.079791,47.581741],[-122.080964,47.582211],[-122.080745,47.582538],[-122.081161,47.583036],[-122.081021,47.583339],[-122.079237,47.584256],[-122.078881,47.584619],[-122.07859,47.585127],[-122.078156,47.58596],[-122.078203,47.586677],[-122.077835,47.587553],[-122.077807,47.587938],[-122.077671,47.588086],[-122.075207,47.58835],[-122.074547,47.588822],[-122.07292,47.588576],[-122.056844,47.588402],[-122.056847,47.591973],[-122.035458,47.59174],[-122.035552,47.580971],[-122.046276,47.581019],[-122.046361,47.580927],[-122.046362,47.580178],[-122.044649,47.580149],[-122.04435,47.580051],[-122.044395,47.578531],[-122.044639,47.578338],[-122.047335,47.578284],[-122.047256,47.577776],[-122.047333,47.577031],[-122.047618,47.576658],[-122.04816,47.576265],[-122.048725,47.576609],[-122.049139,47.576729],[-122.049812,47.576742],[-122.050511,47.576599],[-122.050931,47.577352],[-122.050923,47.578833],[-122.053493,47.578796],[-122.053405,47.578453],[-122.053709,47.577653],[-122.054392,47.577828],[-122.055376,47.577876],[-122.056459,47.578282],[-122.05703,47.578321],[-122.056994,47.577264],[-122.057142,47.576983],[-122.058144,47.576217],[-122.059969,47.575695],[-122.060174,47.575269],[-122.060087,47.574752],[-122.059702,47.574418],[-122.059126,47.574152],[-122.058139,47.573358],[-122.058125,47.573107],[-122.058408,47.572955],[-122.059765,47.57282],[-122.060377,47.57229],[-122.061035,47.571932],[-122.062325,47.571683],[-122.063904,47.571144],[-122.064203,47.57095],[-122.064219,47.569997],[-122.061041,47.569049],[-122.057341,47.568462],[-122.057336,47.565533],[-122.071901,47.56561],[-122.076975,47.571156],[-122.082267,47.575222],[-122.080213,47.575612]]],"type":"Polygon"},"properties":{"tract_name":"Census Tract 322.07, King, WA","geoid":"14000US53033032207","ses_index":90,"access_index":0,"kids_per_pitch":1684,"median_income":220430,"poverty_rate":4.3,"kids_5_17":842,"facility_count":0,"nearest_facility_km":2.719,"data_year":"ACS 2023 5-year"},"type":"Feature"},{"geometry":{"coordinates":[[[-122.035567,47.583169],[-122.035455,47.588268],[-122.014066,47.588019],[-122.014164,47.580711],[-122.005083,47.580599],[-122.003642,47.580374],[-121.998315,47.578499],[-121.998347,47.578152],[-121.998016,47.577608],[-121.99796,47.576407],[-121.998044,47.576102],[-121.998251,47.575778],[-121.998552,47.575485],[-121.999036,47.57518],[-121.999634,47.575556],[-122.000429,47.575879],[-122.001535,47.576169],[-122.002691,47.57634],[-122.00859,47.576035],[-122.00938,47.575915],[-122.009974,47.575741],[-122.011068,47.575174],[-122.012294,47.573918],[-122.012738,47.573588],[-122.014525,47.572533],[-122.0155,47.571812],[-122.015794,47.571402],[-122.015896,47.571061],[-122.015957,47.569892],[-122.01624,47.569236],[-122.016701,47.568847],[-122.017486,47.568349],[-122.018862,47.567835],[-122.020895,47.567507],[-122.023244,47.567435],[-122.02481,47.567634],[-122.021998,47.57281],[-122.021841,47.57338],[-122.021835,47.573792],[-122.021898,47.574178],[-122.022043,47.57452],[-122.022343,47.574948],[-122.022812,47.575364],[-122.027078,47.57834],[-122.035115,47.582577],[-122.035564,47.582625],[-122.035567,47.583169]]],"type":"Polygon"},"properties":{"tract_name":"Census Tract 322.11, King, WA","geoid":"14000US53033032211","ses_index":83,"access_index":5,"kids_per_pitch":1387,"median_income":191667,"poverty_rate":3.94,"kids_5_17":1387,"facility_count":1,"nearest_facility_km":0.499,"data_year":"ACS 2023 5-year"},"type":"Feature"},{"geometry":{"coordinates":[[[-122.014149,47.580801],[-122.014066,47.588019],[-122.004438,47.587853],[-122.003499,47.587844],[-122.003348,47.587904],[-122.003289,47.588125],[-122.003367,47.589691],[-122.003312,47.590077],[-122.003018,47.590565],[-122.001523,47.592426],[-122.00093,47.592857],[-122.000074,47.593238],[-121.995314,47.594322],[-121.994703,47.594552],[-121.994355,47.594848],[-121.994234,47.595072],[-121.994214,47.595949],[-121.993977,47.596461],[-121.993417,47.596906],[-121.992708,47.597146],[-121.991997,47.597204],[-121.988742,47.597117],[-121.988132,47.596944],[-121.987486,47.596553],[-121.986892,47.595955],[-121.986749,47.595537],[-121.986792,47.595224],[-121.987056,47.59489],[-121.987064,47.59195],[-121.985618,47.593202],[-121.984446,47.593958],[-121.980659,47.59556],[-121.978495,47.592912],[-121.975786,47.591573],[-121.973297,47.589999],[-121.971911,47.589036],[-121.971416,47.588411],[-121.971315,47.588023],[-121.971305,47.587583],[-121.971491,47.586835],[-121.972646,47.58506],[-121.972739,47.584472],[-121.977484,47.584071],[-121.978734,47.583743],[-121.979646,47.583292],[-121.984863,47.579596],[-121.985563,47.578755],[-121.988019,47.575423],[-121.99157,47.576055],[-121.992445,47.576426],[-121.993673,47.577406],[-121.994655,47.577849],[-121.99747,47.578298],[-121.998315,47.578499],[-122.004046,47.580476],[-122.005083,47.580599],[-122.014164,47.580711],[-122.014149,47.580801]]],"type":"Polygon"},"properties":{"tract_name":"Census Tract 322.13, King, WA","geoid":"14000US53033032213","ses_index":99,"access_index":1,"kids_per_pitch":2082,"median_income":250001,"poverty_rate":2.1,"kids_5_17":1041,"facility_count":0,"nearest_facility_km":1.448,"data_year":"ACS 2023 5-year"},"type":"Feature"},{"geometry":{"coordinates":[[[-122.014287,47.637485],[-122.014092,47.637965],[-122.013748,47.638254],[-122.01324,47.638464],[-122.011518,47.638721],[-122.010336,47.639829],[-122.004234,47.637126],[-122.002923,47.636376],[-122.001896,47.635456],[-121.998977,47.631959],[-121.994313,47.628428],[-121.993453,47.627988],[-121.991707,47.62769],[-121.98872,47.627996],[-121.987438,47.627977],[-121.9782,47.626531],[-121.975285,47.62558],[-121.970393,47.623275],[-121.969373,47.623013],[-121.965709,47.62263],[-121.963258,47.621964],[-121.961363,47.62115],[-121.96006,47.620265],[-121.959044,47.619228],[-121.958245,47.617848],[-121.957523,47.615432],[-121.957431,47.613552],[-121.957987,47.61115],[-121.960805,47.605366],[-121.961122,47.604459],[-121.96171,47.59985],[-121.96166,47.598099],[-121.96103,47.596321],[-121.959721,47.594105],[-121.959132,47.593368],[-121.955942,47.590073],[-121.953191,47.588294],[-121.953632,47.586613],[-121.9539,47.58621],[-121.954518,47.58565],[-121.955707,47.585114],[-121.959528,47.584885],[-121.962586,47.584191],[-121.96587,47.584721],[-121.968797,47.584394],[-121.972739,47.584472],[-121.972646,47.58506],[-121.971374,47.587151],[-121.971416,47.588411],[-121.971911,47.589036],[-121.975459,47.591384],[-121.978495,47.592912],[-121.980659,47.59556],[-121.984446,47.593958],[-121.985618,47.593202],[-121.987064,47.59195],[-121.987056,47.59489],[-121.98675,47.595331],[-121.986844,47.595878],[-121.98762,47.596665],[-121.988132,47.596944],[-121.989623,47.597175],[-121.992269,47.597197],[-121.993207,47.597002],[-121.994041,47.596373],[-121.994214,47.595949],[-121.994234,47.595072],[-121.994703,47.594552],[-122.000074,47.593238],[-122.001249,47.592649],[-122.003271,47.590174],[-122.003348,47.587904],[-122.00872,47.587924],[-122.008691,47.598089],[-122.007874,47.600186],[-122.002636,47.615943],[-122.002637,47.616378],[-122.013867,47.616726],[-122.013748,47.635874],[-122.014287,47.637485]]],"type":"Polygon"},"properties":{"tract_name":"Census Tract 322.15, King, WA","geoid":"14000US53033032215","ses_index":99,"access_index":10,"kids_per_pitch":363,"median_income":250001,"poverty_rate":1.05,"kids_5_17":1453,"facility_count":4,"nearest_facility_km":0.944,"data_year":"ACS 2023 5-year"},"type":"Feature"},{"geometry":{"coordinates":[[[-122.061187,47.610341],[-122.060821,47.610478],[-122.060599,47.610837],[-122.06047,47.611442],[-122.060456,47.612686],[-122.06036,47.612823],[-122.059824,47.612863],[-122.05978,47.613853],[-122.059519,47.614994],[-122.059153,47.615153],[-122.058717,47.615201],[-122.058367,47.615135],[-122.057096,47.614694],[-122.055111,47.613897],[-122.054318,47.613773],[-122.051738,47.613795],[-122.051735,47.615569],[-122.049157,47.614778],[-122.0468,47.61433],[-122.045338,47.614226],[-122.04131,47.614259],[-122.040743,47.614336],[-122.040259,47.614485],[-122.035994,47.616366],[-122.035479,47.616536],[-122.035514,47.601784],[-122.035438,47.595471],[-122.035458,47.59174],[-122.056847,47.591973],[-122.057153,47.605375],[-122.057876,47.606148],[-122.059468,47.607643],[-122.059759,47.607805],[-122.060369,47.608002],[-122.060524,47.608115],[-122.060812,47.609718],[-122.060907,47.609971],[-122.061187,47.610341]]],"type":"Polygon"},"properties":{"tract_name":"Census Tract 322.16, King, WA","geoid":"14000US53033032216","ses_index":91,"access_index":1,"kids_per_pitch":2894,"median_income":249456,"poverty_rate":13.09,"kids_5_17":1447,"facility_count":0,"nearest_facility_km":1.626,"data_year":"ACS 2023 5-year"},"type":"Feature"},{"geometry":{"coordinates":[[[-122.098471,47.591933],[-122.096531,47.602307],[-122.095724,47.604635],[-122.094862,47.606227],[-122.093758,47.607749],[-122.092425,47.609186],[-122.090877,47.61052],[-122.086465,47.613517],[-122.083685,47.615766],[-122.081966,47.61748],[-122.081651,47.617325],[-122.067864,47.61522],[-122.067557,47.617452],[-122.067598,47.617954],[-122.068831,47.621454],[-122.069455,47.622372],[-122.066454,47.62129],[-122.063417,47.620899],[-122.05967,47.619494],[-122.058811,47.61903],[-122.056594,47.617193],[-122.051735,47.615569],[-122.051738,47.613795],[-122.054868,47.613836],[-122.058367,47.615135],[-122.058964,47.615193],[-122.05939,47.615076],[-122.059519,47.614994],[-122.05977,47.613922],[-122.059824,47.612863],[-122.060423,47.612768],[-122.060599,47.610837],[-122.060821,47.610478],[-122.061187,47.610341],[-122.060812,47.609718],[-122.060524,47.608115],[-122.059336,47.607534],[-122.057269,47.60555],[-122.057131,47.605268],[-122.056844,47.588402],[-122.07292,47.588576],[-122.074547,47.588822],[-122.075207,47.58835],[-122.077708,47.588067],[-122.078203,47.586677],[-122.078156,47.58596],[-122.07859,47.585127],[-122.079237,47.584256],[-122.081021,47.583339],[-122.081161,47.583036],[-122.080745,47.582538],[-122.080964,47.582211],[-122.079791,47.581741],[-122.077037,47.581117],[-122.076041,47.580607],[-122.075384,47.580057],[-122.076097,47.579736],[-122.076051,47.579634],[-122.076857,47.579408],[-122.076731,47.578022],[-122.07655,47.577805],[-122.077858,47.577265],[-122.080213,47.575612],[-122.082267,47.575222],[-122.086052,47.576424],[-122.094106,47.578659],[-122.095942,47.579466],[-122.097176,47.580606],[-122.098464,47.584703],[-122.098471,47.591933]]],"type":"Polygon"},"properties":{"tract_name":"Census Tract 322.17, King, WA","geoid":"14000US53033032217","ses_index":98,"access_index":7,"kids_per_pitch":905,"median_income":248125,"poverty_rate":3.22,"kids_5_17":905,"facility_count":1,"nearest_facility_km":0.44,"data_year":"ACS 2023 5-year"},"type":"Feature"},{"geometry":{"coordinates":[[[-122.064264,47.570809],[-122.064117,47.571034],[-122.063904,47.571144],[-122.062325,47.571683],[-122.060936,47.571974],[-122.060377,47.57229],[-122.059834,47.572795],[-122.058408,47.572955],[-122.058125,47.573107],[-122.058139,47.573358],[-122.059126,47.574152],[-122.059702,47.574418],[-122.060087,47.574752],[-122.060174,47.575269],[-122.059969,47.575695],[-122.058144,47.576217],[-122.057142,47.576983],[-122.056994,47.577264],[-122.05703,47.578321],[-122.056459,47.578282],[-122.055376,47.577876],[-122.054392,47.577828],[-122.053709,47.577653],[-122.053405,47.578453],[-122.053493,47.578796],[-122.050923,47.578833],[-122.050931,47.577352],[-122.050511,47.576599],[-122.049812,47.576742],[-122.049139,47.576729],[-122.048725,47.576609],[-122.04816,47.576265],[-122.047618,47.576658],[-122.047333,47.577031],[-122.047256,47.577776],[-122.047335,47.578284],[-122.044639,47.578338],[-122.044395,47.578531],[-122.04435,47.580051],[-122.044649,47.580149],[-122.046362,47.580178],[-122.04631,47.581002],[-122.035552,47.580971],[-122.035564,47.582625],[-122.035115,47.582577],[-122.027078,47.57834],[-122.022694,47.575271],[-122.022043,47.57452],[-122.021835,47.573792],[-122.021841,47.57338],[-122.021998,47.57281],[-122.025194,47.566918],[-122.025308,47.566524],[-122.025255,47.565898],[-122.024707,47.563778],[-122.025129,47.560914],[-122.024982,47.56041],[-122.024105,47.559013],[-122.024457,47.558959],[-122.035822,47.559094],[-122.036527,47.558999],[-122.036573,47.559111],[-122.042672,47.559234],[-122.042689,47.561445],[-122.042013,47.562833],[-122.035939,47.56274],[-122.035816,47.569039],[-122.036273,47.568182],[-122.036829,47.567702],[-122.037337,47.567433],[-122.038622,47.56709],[-122.039934,47.567099],[-122.043971,47.567606],[-122.045483,47.567993],[-122.047413,47.569016],[-122.049156,47.570422],[-122.049663,47.570682],[-122.050137,47.570836],[-122.051266,47.570862],[-122.051936,47.570709],[-122.052593,47.570347],[-122.053903,47.568771],[-122.055028,47.567793],[-122.05628,47.568265],[-122.061041,47.569049],[-122.063179,47.569645],[-122.064219,47.569997],[-122.064264,47.570809]]],"type":"Polygon"},"properties":{"tract_name":"Census Tract 322.18, King, WA","geoid":"14000US53033032218","ses_index":79,"access_index":1,"kids_per_pitch":1754,"median_income":170956,"poverty_rate":1.19,"kids_5_17":877,"facility_count":0,"nearest_facility_km":2.151,"data_year":"ACS 2023 5-year"},"type":"Feature"},{"geometry":{"coordinates":[[[-122.075531,47.559822],[-122.074431,47.562522],[-122.074631,47.564122],[-122.075148,47.565612],[-122.074727,47.565889],[-122.07262,47.5664],[-122.071901,47.56561],[-122.057336,47.565533],[-122.057341,47.568462],[-122.056143,47.568228],[-122.055028,47.567793],[-122.053903,47.568771],[-122.052844,47.570114],[-122.052484,47.57043],[-122.051615,47.570802],[-122.050623,47.570884],[-122.050137,47.570836],[-122.049156,47.570422],[-122.047413,47.569016],[-122.045483,47.567993],[-122.043971,47.567606],[-122.039934,47.567099],[-122.038622,47.56709],[-122.037337,47.567433],[-122.036829,47.567702],[-122.036273,47.568182],[-122.035816,47.569039],[-122.035939,47.56274],[-122.042013,47.562833],[-122.042689,47.561445],[-122.042672,47.559234],[-122.036573,47.559111],[-122.036527,47.558999],[-122.035822,47.559094],[-122.024105,47.559013],[-122.021284,47.554767],[-122.023188,47.553582],[-122.023934,47.552856],[-122.02445,47.551952],[-122.025442,47.549444],[-122.026026,47.548776],[-122.027041,47.548211],[-122.027753,47.547964],[-122.033533,47.546256],[-122.037113,47.544336],[-122.036237,47.543573],[-122.035809,47.542863],[-122.035709,47.54191],[-122.036071,47.540232],[-122.037504,47.541091],[-122.040288,47.542485],[-122.044243,47.544241],[-122.046805,47.544895],[-122.052111,47.545414],[-122.054502,47.545889],[-122.056122,47.54643],[-122.070356,47.551908],[-122.068137,47.551675],[-122.067938,47.55187],[-122.068253,47.55188],[-122.068226,47.553565],[-122.073119,47.555608],[-122.075049,47.55654],[-122.075331,47.556822],[-122.075531,47.559822]]],"type":"Polygon"},"properties":{"tract_name":"Census Tract 322.19, King, WA","geoid":"14000US53033032219","ses_index":82,"access_index":71,"kids_per_pitch":46,"median_income":186101,"poverty_rate":1.89,"kids_5_17":417,"facility_count":9,"nearest_facility_km":0.64,"data_year":"ACS 2023 5-year"},"type":"Feature"},{"geometry":{"coordinates":[[[-122.036581,47.544641],[-122.033533,47.546256],[-122.03292,47.546488],[-122.027753,47.547964],[-122.027041,47.548211],[-122.026026,47.548776],[-122.025442,47.549444],[-122.02445,47.551952],[-122.024153,47.552538],[-122.023494,47.553348],[-122.022651,47.553949],[-122.016798,47.557376],[-122.011329,47.560213],[-122.004625,47.563394],[-122.000944,47.564922],[-121.997696,47.558435],[-121.996909,47.556687],[-121.996945,47.556501],[-121.9974,47.555784],[-121.998143,47.554244],[-121.997475,47.554075],[-121.996996,47.553821],[-121.996432,47.553248],[-121.996922,47.552999],[-121.997231,47.552721],[-121.997494,47.552413],[-121.997693,47.551972],[-121.997705,47.54966],[-121.998866,47.549652],[-121.998856,47.547637],[-122.001512,47.54752],[-122.002521,47.545663],[-122.003316,47.54391],[-122.004646,47.541301],[-122.004916,47.540567],[-122.005371,47.539708],[-122.006779,47.536223],[-122.008434,47.536487],[-122.009758,47.536498],[-122.011286,47.536326],[-122.0129,47.535928],[-122.014639,47.535245],[-122.019892,47.532377],[-122.020945,47.531979],[-122.021928,47.531731],[-122.022974,47.531591],[-122.02448,47.531606],[-122.025703,47.531768],[-122.026951,47.532046],[-122.027633,47.532277],[-122.028462,47.532673],[-122.029223,47.533153],[-122.034047,47.538594],[-122.034978,47.539429],[-122.036071,47.540232],[-122.035709,47.54191],[-122.035705,47.542414],[-122.035809,47.542863],[-122.036127,47.543434],[-122.037113,47.544336],[-122.036581,47.544641]]],"type":"Polygon"},"properties":{"tract_name":"Census Tract 322.20, King, WA","geoid":"14000US53033032220","ses_index":75,"access_index":4,"kids_per_pitch":1580,"median_income":169917,"poverty_rate":6.5,"kids_5_17":1580,"facility_count":1,"nearest_facility_km":0.739,"data_year":"ACS 2023 5-year"},"type":"Feature"},{"geometry":{"coordinates":[[[-122.006584,47.53659],[-122.004646,47.541301],[-122.001512,47.54752],[-121.998856,47.547637],[-121.998866,47.549652],[-121.997705,47.54966],[-121.997693,47.551972],[-121.997231,47.552721],[-121.996432,47.553248],[-121.996996,47.553821],[-121.998143,47.554244],[-121.996909,47.556687],[-122.000944,47.564922],[-121.998132,47.566268],[-121.996149,47.567592],[-121.993524,47.56834],[-121.990596,47.569983],[-121.990126,47.570579],[-121.989893,47.572424],[-121.98954,47.573326],[-121.985111,47.579342],[-121.97898,47.583646],[-121.977484,47.584071],[-121.97491,47.58431],[-121.972042,47.584495],[-121.968797,47.584394],[-121.965923,47.58472],[-121.962798,47.584178],[-121.959528,47.584885],[-121.956036,47.585039],[-121.955189,47.585252],[-121.954164,47.585901],[-121.953632,47.586613],[-121.953191,47.588294],[-121.940876,47.581457],[-121.939141,47.580691],[-121.93194,47.578314],[-121.932017,47.572945],[-121.943148,47.572892],[-121.943006,47.571625],[-121.942729,47.571267],[-121.941252,47.570686],[-121.939734,47.569524],[-121.934826,47.567942],[-121.931046,47.565234],[-121.928345,47.565336],[-121.925574,47.564752],[-121.923499,47.564941],[-121.922295,47.563536],[-121.919857,47.562793],[-121.903546,47.561716],[-121.903528,47.557986],[-121.900858,47.555662],[-121.900317,47.554639],[-121.901128,47.554019],[-121.900938,47.552476],[-121.901232,47.551179],[-121.900282,47.549795],[-121.900292,47.549526],[-121.901093,47.54866],[-121.901449,47.54753],[-121.904471,47.545687],[-121.90511,47.54492],[-121.905545,47.543907],[-121.904737,47.543315],[-121.904703,47.542981],[-121.905741,47.542262],[-121.906586,47.541344],[-121.9084,47.540326],[-121.909735,47.538458],[-121.909873,47.537587],[-121.910216,47.53714],[-121.910819,47.537056],[-121.911799,47.537605],[-121.91271,47.537002],[-121.913238,47.535513],[-121.914879,47.534692],[-121.915007,47.53302],[-121.91764,47.531928],[-121.917767,47.531192],[-121.917619,47.530588],[-121.918531,47.530434],[-121.920021,47.530611],[-121.921243,47.530064],[-121.921938,47.529495],[-121.921506,47.5286],[-121.923846,47.5263],[-121.924429,47.523993],[-121.926367,47.522779],[-121.926595,47.522322],[-121.927177,47.521886],[-121.927075,47.52077],[-121.925652,47.519758],[-121.924592,47.518507],[-121.929427,47.520495],[-121.933465,47.521691],[-121.935084,47.522453],[-121.936511,47.523643],[-121.941335,47.529842],[-121.943387,47.53112],[-121.945502,47.531806],[-121.959668,47.533335],[-121.967688,47.535865],[-121.970445,47.536205],[-121.971514,47.536113],[-121.971383,47.535698],[-121.974133,47.534819],[-121.977193,47.532359],[-121.979889,47.53115],[-121.982387,47.530793],[-121.988933,47.53108],[-121.994134,47.531754],[-121.997983,47.532737],[-122.006779,47.536223],[-122.006584,47.53659]]],"type":"Polygon"},"properties":{"tract_name":"Census Tract 322.21, King, WA","geoid":"14000US53033032221","ses_index":97,"access_index":24,"kids_per_pitch":134,"median_income":250001,"poverty_rate":5.38,"kids_5_17":1475,"facility_count":11,"nearest_facility_km":2.963,"data_year":"ACS 2023 5-year"},"type":"Feature"},{"geometry":{"coordinates":[[[-122.006716,47.566691],[-122.006636,47.567169],[-122.00636,47.567692],[-122.006052,47.567993],[-122.005566,47.568327],[-122.005014,47.568576],[-122.00429,47.568754],[-122.002826,47.56883],[-122.006145,47.576183],[-122.003182,47.576348],[-122.002157,47.576283],[-122.001048,47.576051],[-122.000162,47.57579],[-121.999504,47.575486],[-121.999036,47.57518],[-121.998552,47.575485],[-121.998251,47.575778],[-121.998044,47.576102],[-121.99796,47.576407],[-121.997974,47.577243],[-121.998016,47.577608],[-121.99812,47.577837],[-121.998347,47.578152],[-121.998359,47.578342],[-121.998315,47.578499],[-121.99747,47.578298],[-121.995545,47.578033],[-121.994655,47.577849],[-121.99415,47.577659],[-121.993673,47.577406],[-121.993389,47.577211],[-121.992445,47.576426],[-121.991854,47.576153],[-121.991122,47.575945],[-121.988019,47.575423],[-121.989451,47.57347],[-121.989661,47.573096],[-121.989893,47.572424],[-121.990078,47.570739],[-121.9902,47.570423],[-121.990299,47.570275],[-121.990596,47.569983],[-121.991057,47.569685],[-121.993524,47.56834],[-121.994203,47.5681],[-121.995546,47.567789],[-121.996149,47.567592],[-121.996633,47.567303],[-121.997854,47.56644],[-121.998449,47.566092],[-122.001253,47.564782],[-122.003994,47.563675],[-122.004065,47.563865],[-122.004813,47.564636],[-122.005807,47.565235],[-122.006279,47.565636],[-122.006454,47.565861],[-122.006626,47.566197],[-122.006716,47.566691]]],"type":"Polygon"},"properties":{"tract_name":"Census Tract 322.22, King, WA","geoid":"14000US53033032222","ses_index":66,"access_index":1,"kids_per_pitch":1638,"median_income":144265,"poverty_rate":10.35,"kids_5_17":819,"facility_count":0,"nearest_facility_km":0.898,"data_year":"ACS 2023 5-year"},"type":"Feature"},{"geometry":{"coordinates":[[[-122.025308,47.566524],[-122.025194,47.566918],[-122.02481,47.567634],[-122.02442,47.567622],[-122.023244,47.567435],[-122.020895,47.567507],[-122.019857,47.567642],[-122.018862,47.567835],[-122.018376,47.567974],[-122.017486,47.568349],[-122.016701,47.568847],[-122.01624,47.569236],[-122.015991,47.569725],[-122.015896,47.571061],[-122.015794,47.571402],[-122.015611,47.571688],[-122.015342,47.571956],[-122.014525,47.572533],[-122.012738,47.573588],[-122.012294,47.573918],[-122.011245,47.575039],[-122.01079,47.575355],[-122.009974,47.575741],[-122.00938,47.575915],[-122.00859,47.576035],[-122.006145,47.576183],[-122.002826,47.56883],[-122.00429,47.568754],[-122.005207,47.568504],[-122.005891,47.568121],[-122.00636,47.567692],[-122.006561,47.567353],[-122.006681,47.567012],[-122.006714,47.566579],[-122.006626,47.566197],[-122.006454,47.565861],[-122.006279,47.565636],[-122.005807,47.565235],[-122.004813,47.564636],[-122.004065,47.563865],[-122.003994,47.563675],[-122.009468,47.561116],[-122.014132,47.558777],[-122.016798,47.557376],[-122.021284,47.554767],[-122.02264,47.556688],[-122.024869,47.560205],[-122.025059,47.560575],[-122.025129,47.560914],[-122.025117,47.561086],[-122.024707,47.563778],[-122.024777,47.564201],[-122.025255,47.565898],[-122.025308,47.566524]]],"type":"Polygon"},"properties":{"tract_name":"Census Tract 322.23, King, WA","geoid":"14000US53033032223","ses_index":92,"access_index":1,"kids_per_pitch":1976,"median_income":222847,"poverty_rate":1.47,"kids_5_17":988,"facility_count":0,"nearest_facility_km":1.187,"data_year":"ACS 2023 5-year"},"type":"Feature"},{"geometry":{"coordinates":[[[-122.035514,47.601784],[-122.019136,47.601631],[-122.0173,47.601438],[-122.016308,47.601415],[-122.015817,47.601478],[-122.015304,47.601623],[-122.014912,47.601796],[-122.014444,47.60208],[-122.014182,47.602305],[-122.013998,47.602517],[-122.013799,47.602915],[-122.013389,47.602813],[-122.01284,47.602595],[-122.011451,47.601075],[-122.011056,47.600785],[-122.009483,47.600061],[-122.009211,47.599851],[-122.008995,47.59964],[-122.008813,47.599356],[-122.008719,47.599084],[-122.008677,47.594533],[-122.00872,47.587924],[-122.035455,47.588268],[-122.035438,47.595471],[-122.035514,47.601784]]],"type":"Polygon"},"properties":{"tract_name":"Census Tract 322.24, King, WA","geoid":"14000US53033032224","ses_index":99,"access_index":5,"kids_per_pitch":804,"median_income":250001,"poverty_rate":1.21,"kids_5_17":804,"facility_count":1,"nearest_facility_km":1.211,"data_year":"ACS 2023 5-year"},"type":"Feature"},{"geometry":{"coordinates":[[[-122.035504,47.603184],[-122.035479,47.616536],[-122.035077,47.616594],[-122.034036,47.616605],[-122.013867,47.616726],[-122.002637,47.616378],[-122.002636,47.615943],[-122.006406,47.604854],[-122.007874,47.600186],[-122.008691,47.598089],[-122.008719,47.599084],[-122.008995,47.59964],[-122.009211,47.599851],[-122.009483,47.600061],[-122.011056,47.600785],[-122.011451,47.601075],[-122.01284,47.602595],[-122.013799,47.602915],[-122.013998,47.602517],[-122.014182,47.602305],[-122.014912,47.601796],[-122.015817,47.601478],[-122.016702,47.601411],[-122.019136,47.601631],[-122.035514,47.601784],[-122.035504,47.603184]]],"type":"Polygon"},"properties":{"tract_name":"Census Tract 322.25, King, WA","geoid":"14000US53033032225","ses_index":78,"access_index":17,"kids_per_pitch":205,"median_income":184625,"poverty_rate":7.39,"kids_5_17":819,"facility_count":4,"nearest_facility_km":0.81,"data_year":"ACS 2023 5-year"},"type":"Feature"},{"geometry":{"coordinates":[[[-122.115333,47.743607],[-122.114939,47.74385],[-122.114201,47.743914],[-122.113256,47.74438],[-122.112087,47.74444],[-122.111622,47.744674],[-122.111703,47.745407],[-122.111182,47.74581],[-122.111648,47.7464],[-122.111273,47.748],[-122.111705,47.749021],[-122.111029,47.749755],[-122.110859,47.750248],[-122.11059,47.750504],[-122.109695,47.750942],[-122.107856,47.749165],[-122.107331,47.749923],[-122.107204,47.750609],[-122.107657,47.752377],[-122.107733,47.754443],[-122.108233,47.755152],[-122.109983,47.756603],[-122.110381,47.757116],[-122.111468,47.75942],[-122.111689,47.760407],[-122.111675,47.761467],[-122.104915,47.761438],[-122.104854,47.7687],[-122.102917,47.768678],[-122.102706,47.768804],[-122.10272,47.770638],[-122.10223,47.774668],[-122.102226,47.775885],[-122.087609,47.776134],[-122.074647,47.775976],[-122.075503,47.772455],[-122.075331,47.771839],[-122.074768,47.771414],[-122.073844,47.771145],[-122.071672,47.771264],[-122.06933,47.771122],[-122.064931,47.771075],[-122.06447,47.770903],[-122.064128,47.770605],[-122.062937,47.768511],[-122.06278,47.768121],[-122.062804,47.76772],[-122.063843,47.766058],[-122.063947,47.765639],[-122.063722,47.764611],[-122.063959,47.762642],[-122.063587,47.761832],[-122.063558,47.761517],[-122.065646,47.756536],[-122.065924,47.756091],[-122.06724,47.754667],[-122.068226,47.754333],[-122.070528,47.753245],[-122.071821,47.753064],[-122.072722,47.753187],[-122.077733,47.754747],[-122.080603,47.755037],[-122.081967,47.747639],[-122.081891,47.746839],[-122.080018,47.738506],[-122.080014,47.737802],[-122.080484,47.736472],[-122.099207,47.736001],[-122.115233,47.736259],[-122.115086,47.743193],[-122.115333,47.743607]]],"type":"Polygon"},"properties":{"tract_name":"Census Tract 323.07, King, WA","geoid":"14000US53033032307","ses_index":71,"access_index":1,"kids_per_pitch":2146,"median_income":159181,"poverty_rate":8.04,"kids_5_17":1073,"facility_count":0,"nearest_facility_km":2.436,"data_year":"ACS 2023 5-year"},"type":"Feature"},{"geometry":{"coordinates":[[[-122.081967,47.747639],[-122.080603,47.755037],[-122.077292,47.754644],[-122.07244,47.753123],[-122.071534,47.75307],[-122.070528,47.753245],[-122.06724,47.754667],[-122.065924,47.756091],[-122.063558,47.761517],[-122.063959,47.762642],[-122.063722,47.764611],[-122.063947,47.765639],[-122.063843,47.766058],[-122.062804,47.76772],[-122.062769,47.768046],[-122.064128,47.770605],[-122.064565,47.770952],[-122.065146,47.771106],[-122.071672,47.771264],[-122.073844,47.771145],[-122.0746,47.771321],[-122.075331,47.771839],[-122.075503,47.772455],[-122.074647,47.775976],[-122.054706,47.775678],[-122.04434,47.775786],[-122.000346,47.77539],[-122.001316,47.773859],[-122.001532,47.772861],[-122.001206,47.768641],[-122.000826,47.76634],[-122.000871,47.765425],[-122.004863,47.75572],[-122.004873,47.754892],[-122.004407,47.752754],[-122.004164,47.75006],[-122.004131,47.749288],[-122.004321,47.748551],[-122.004828,47.747849],[-122.006963,47.746121],[-122.008678,47.744049],[-122.012198,47.740847],[-122.013269,47.739142],[-122.014619,47.737902],[-122.014942,47.737355],[-122.01495,47.73684],[-122.014175,47.73424],[-122.012346,47.732601],[-122.034416,47.732455],[-122.057101,47.73295],[-122.064019,47.734839],[-122.068926,47.736464],[-122.080484,47.736472],[-122.080014,47.737802],[-122.080018,47.738506],[-122.081967,47.747639]]],"type":"Polygon"},"properties":{"tract_name":"Census Tract 323.11, King, WA","geoid":"14000US53033032311","ses_index":91,"access_index":0,"kids_per_pitch":2010,"median_income":218382,"poverty_rate":1.28,"kids_5_17":1005,"facility_count":0,"nearest_facility_km":3.916,"data_year":"ACS 2023 5-year"},"type":"Feature"},{"geometry":{"coordinates":[[[-122.127179,47.664652],[-122.12717,47.665248],[-122.126909,47.666192],[-122.126926,47.667119],[-122.125094,47.667203],[-122.112954,47.667105],[-122.110684,47.667481],[-122.109537,47.667921],[-122.108623,47.668432],[-122.107916,47.668964],[-122.107247,47.669732],[-122.113028,47.671417],[-122.112832,47.671924],[-122.113168,47.672585],[-122.110416,47.672999],[-122.109593,47.673371],[-122.108476,47.674454],[-122.107899,47.675521],[-122.10614,47.677385],[-122.093303,47.687549],[-122.092898,47.687387],[-122.092398,47.687492],[-122.08938,47.689017],[-122.087727,47.689246],[-122.082287,47.688567],[-122.079599,47.687797],[-122.078133,47.687573],[-122.076767,47.687691],[-122.073885,47.688532],[-122.072965,47.688694],[-122.069346,47.688752],[-122.063397,47.688607],[-122.062444,47.688683],[-122.06278,47.674024],[-122.062717,47.666049],[-122.062817,47.661455],[-122.063606,47.660768],[-122.064457,47.660621],[-122.065067,47.660159],[-122.065724,47.660053],[-122.066091,47.659834],[-122.067191,47.659567],[-122.068053,47.659188],[-122.069547,47.657956],[-122.070605,47.656759],[-122.070808,47.656447],[-122.070814,47.65604],[-122.072189,47.655505],[-122.073826,47.655152],[-122.075732,47.655182],[-122.088162,47.657487],[-122.089255,47.656672],[-122.090609,47.654476],[-122.091233,47.654114],[-122.091093,47.653908],[-122.092479,47.653474],[-122.096872,47.649874],[-122.098154,47.648381],[-122.099581,47.649317],[-122.101145,47.650148],[-122.111887,47.65424],[-122.112391,47.654637],[-122.113809,47.656522],[-122.114649,47.657039],[-122.121445,47.659431],[-122.12371,47.660365],[-122.123913,47.660821],[-122.123752,47.661334],[-122.123869,47.661731],[-122.124391,47.662317],[-122.125038,47.662005],[-122.126133,47.661714],[-122.127129,47.66427],[-122.127179,47.664652]]],"type":"Polygon"},"properties":{"tract_name":"Census Tract 323.13, King, WA","geoid":"14000US53033032313","ses_index":69,"access_index":21,"kids_per_pitch":160,"median_income":145048,"poverty_rate":6.74,"kids_5_17":1443,"facility_count":9,"nearest_facility_km":1.607,"data_year":"ACS 2023 5-year"},"type":"Feature"},{"geometry":{"coordinates":[[[-122.024623,47.64546],[-122.024511,47.65902],[-122.024046,47.659585],[-122.021827,47.660484],[-122.021421,47.664116],[-122.021639,47.665852],[-122.022266,47.666404],[-122.022509,47.667685],[-122.021834,47.670982],[-122.022088,47.674947],[-122.013958,47.675004],[-122.00931,47.674715],[-122.005099,47.686872],[-122.006859,47.686874],[-122.006928,47.688688],[-122.013563,47.688896],[-122.013779,47.696865],[-122.013239,47.697896],[-122.013888,47.698866],[-122.013986,47.700581],[-122.016019,47.700884],[-122.014786,47.70216],[-122.012769,47.701877],[-122.009969,47.70231],[-122.006504,47.701964],[-122.004359,47.702246],[-122.003871,47.703599],[-122.003794,47.705216],[-122.005922,47.708996],[-121.995478,47.70899],[-121.995251,47.708344],[-121.995646,47.707967],[-121.998599,47.706722],[-121.998937,47.706205],[-121.998693,47.705612],[-121.994995,47.704366],[-121.994452,47.703981],[-121.994278,47.702885],[-121.995129,47.700803],[-121.994916,47.700016],[-121.994453,47.699691],[-121.99375,47.699449],[-121.992782,47.699635],[-121.99059,47.701261],[-121.98939,47.701416],[-121.988686,47.701175],[-121.986635,47.699386],[-121.986312,47.698733],[-121.986833,47.697993],[-121.987381,47.697587],[-121.989107,47.697105],[-121.98989,47.696465],[-121.989125,47.695672],[-121.986615,47.694912],[-121.985834,47.694347],[-121.985469,47.693589],[-121.986835,47.690617],[-121.986947,47.69022],[-121.986647,47.689487],[-121.985146,47.68891],[-121.981769,47.68858],[-121.97804,47.687791],[-121.976315,47.687068],[-121.974002,47.685443],[-121.972856,47.685061],[-121.970921,47.685432],[-121.97024,47.686052],[-121.970679,47.686721],[-121.972373,47.687637],[-121.973302,47.6887],[-121.974576,47.689397],[-121.974776,47.689885],[-121.973949,47.690683],[-121.969055,47.69215],[-121.965951,47.692219],[-121.964269,47.691601],[-121.963868,47.690888],[-121.96409,47.690356],[-121.965554,47.688833],[-121.96553,47.688236],[-121.965106,47.687602],[-121.964062,47.6872],[-121.961888,47.687392],[-121.961224,47.687783],[-121.960146,47.689043],[-121.959003,47.689338],[-121.958155,47.689011],[-121.95703,47.687872],[-121.956298,47.687561],[-121.951452,47.68834],[-121.948691,47.688306],[-121.946409,47.687426],[-121.946191,47.68649],[-121.946782,47.685248],[-121.94672,47.684695],[-121.94315,47.683085],[-121.942407,47.682475],[-121.942223,47.681757],[-121.942533,47.680231],[-121.942142,47.679139],[-121.941325,47.678619],[-121.941017,47.678001],[-121.936726,47.676641],[-121.933139,47.674582],[-121.932096,47.67324],[-121.928046,47.671797],[-121.92544,47.672409],[-121.923775,47.673443],[-121.921536,47.673608],[-121.918888,47.673175],[-121.918242,47.672133],[-121.918718,47.670875],[-121.919496,47.669823],[-121.923115,47.667926],[-121.924352,47.666786],[-121.925976,47.664443],[-121.926482,47.662992],[-121.927399,47.661876],[-121.927495,47.660767],[-121.927019,47.659466],[-121.924948,47.656816],[-121.923726,47.656109],[-121.922916,47.654798],[-121.923424,47.652142],[-121.924023,47.650537],[-121.924208,47.646543],[-121.924891,47.645072],[-121.926174,47.643885],[-121.927081,47.640795],[-121.928308,47.638522],[-121.92928,47.638559],[-121.931795,47.637791],[-121.935333,47.637366],[-121.936165,47.636799],[-121.937496,47.63514],[-121.94107,47.634081],[-121.943828,47.631678],[-121.948118,47.631289],[-121.95476,47.628217],[-121.958032,47.628137],[-121.958533,47.627704],[-121.958677,47.6264],[-121.95987,47.625791],[-121.963149,47.625301],[-121.965508,47.625759],[-121.967037,47.62688],[-121.967717,47.626967],[-121.968145,47.626749],[-121.968181,47.62626],[-121.966697,47.624076],[-121.964402,47.622322],[-121.969909,47.623129],[-121.975285,47.62558],[-121.979585,47.626817],[-121.987663,47.627996],[-121.991707,47.62769],[-121.993453,47.627988],[-121.998977,47.631959],[-122.001896,47.635456],[-122.003363,47.636669],[-122.014476,47.641606],[-122.024646,47.644237],[-122.024623,47.64546]]],"type":"Polygon"},"properties":{"tract_name":"Census Tract 323.15, King, WA","geoid":"14000US53033032315","ses_index":94,"access_index":0,"kids_per_pitch":1888,"median_income":235139,"poverty_rate":3.65,"kids_5_17":944,"facility_count":0,"nearest_facility_km":4.675,"data_year":"ACS 2023 5-year"},"type":"Feature"},{"geometry":{"coordinates":[[[-122.098154,47.648381],[-122.096872,47.649874],[-122.092479,47.653474],[-122.091093,47.653908],[-122.091233,47.654114],[-122.090609,47.654476],[-122.089255,47.656672],[-122.088162,47.657487],[-122.086637,47.657277],[-122.076202,47.655255],[-122.074903,47.65511],[-122.073032,47.655274],[-122.070092,47.656267],[-122.068363,47.656578],[-122.064484,47.656639],[-122.062638,47.656488],[-122.06258,47.654313],[-122.062484,47.653983],[-122.061928,47.653228],[-122.060848,47.652457],[-122.056885,47.650434],[-122.05624,47.649974],[-122.055959,47.649622],[-122.055753,47.649077],[-122.055768,47.648605],[-122.056588,47.644303],[-122.056458,47.643932],[-122.055356,47.642294],[-122.057001,47.642265],[-122.057149,47.641911],[-122.057456,47.641738],[-122.059203,47.641404],[-122.061118,47.64131],[-122.06155,47.641138],[-122.06182,47.64083],[-122.061913,47.640487],[-122.061952,47.637247],[-122.062132,47.636905],[-122.062692,47.63645],[-122.062875,47.636132],[-122.062793,47.635744],[-122.06224,47.635314],[-122.061963,47.634872],[-122.061845,47.633658],[-122.061817,47.630047],[-122.060899,47.629208],[-122.059347,47.628147],[-122.058747,47.627922],[-122.055706,47.627961],[-122.054486,47.628662],[-122.052965,47.628877],[-122.051788,47.627636],[-122.051697,47.627285],[-122.051746,47.623755],[-122.057053,47.623761],[-122.05717,47.617595],[-122.058811,47.61903],[-122.05967,47.619494],[-122.063417,47.620899],[-122.066454,47.62129],[-122.069455,47.622372],[-122.068831,47.621454],[-122.067598,47.617954],[-122.067557,47.617452],[-122.067864,47.61522],[-122.081651,47.617325],[-122.081966,47.61748],[-122.080912,47.618523],[-122.07973,47.621057],[-122.079311,47.623034],[-122.079301,47.628081],[-122.079518,47.630538],[-122.079991,47.632142],[-122.08071,47.633704],[-122.081666,47.635207],[-122.082849,47.636633],[-122.084247,47.637969],[-122.086475,47.639701],[-122.093522,47.64449],[-122.098154,47.648381]]],"type":"Polygon"},"properties":{"tract_name":"Census Tract 323.16, King, WA","geoid":"14000US53033032316","ses_index":98,"access_index":14,"kids_per_pitch":447,"median_income":250001,"poverty_rate":3.5,"kids_5_17":1340,"facility_count":3,"nearest_facility_km":0.214,"data_year":"ACS 2023 5-year"},"type":"Feature"},{"geometry":{"coordinates":[[[-122.062875,47.636132],[-122.062692,47.63645],[-122.062132,47.636905],[-122.061952,47.637247],[-122.061913,47.640487],[-122.06182,47.64083],[-122.061609,47.641093],[-122.061118,47.64131],[-122.059203,47.641404],[-122.057456,47.641738],[-122.057149,47.641911],[-122.057001,47.642265],[-122.055356,47.642294],[-122.054514,47.64066],[-122.05408,47.640264],[-122.053618,47.64007],[-122.046952,47.637823],[-122.041241,47.635657],[-122.038097,47.635201],[-122.036959,47.634742],[-122.03637,47.634334],[-122.035886,47.633835],[-122.0356,47.633333],[-122.035466,47.632815],[-122.035479,47.616536],[-122.035994,47.616366],[-122.040259,47.614485],[-122.040743,47.614336],[-122.04131,47.614259],[-122.045338,47.614226],[-122.0468,47.61433],[-122.049157,47.614778],[-122.055779,47.616871],[-122.056358,47.617079],[-122.056919,47.617395],[-122.05717,47.617595],[-122.057123,47.623454],[-122.057053,47.623761],[-122.051746,47.623755],[-122.051697,47.627285],[-122.051788,47.627636],[-122.052965,47.628877],[-122.054486,47.628662],[-122.054801,47.628516],[-122.055414,47.628047],[-122.055706,47.627961],[-122.058747,47.627922],[-122.059347,47.628147],[-122.061164,47.629409],[-122.061717,47.629876],[-122.061854,47.6302],[-122.061845,47.633658],[-122.061953,47.634242],[-122.061963,47.634872],[-122.062053,47.635112],[-122.06224,47.635314],[-122.062793,47.635744],[-122.062875,47.636132]]],"type":"Polygon"},"properties":{"tract_name":"Census Tract 323.17, King, WA","geoid":"14000US53033032317","ses_index":93,"access_index":3,"kids_per_pitch":3244,"median_income":236031,"poverty_rate":5.07,"kids_5_17":1622,"facility_count":0,"nearest_facility_km":0.498,"data_year":"ACS 2023 5-year"},"type":"Feature"},{"geometry":{"coordinates":[[[-122.062638,47.656488],[-122.060989,47.656102],[-122.05112,47.653058],[-122.049435,47.652429],[-122.040537,47.647045],[-122.038925,47.646346],[-122.037157,47.645938],[-122.024646,47.644237],[-122.023134,47.643939],[-122.014794,47.641714],[-122.010336,47.639829],[-122.011318,47.638819],[-122.011848,47.638628],[-122.013088,47.638493],[-122.013566,47.638349],[-122.014092,47.637965],[-122.014286,47.637508],[-122.014223,47.637086],[-122.013866,47.636374],[-122.013748,47.635874],[-122.013868,47.631293],[-122.013867,47.616726],[-122.035479,47.616536],[-122.035466,47.632815],[-122.0356,47.633333],[-122.035886,47.633835],[-122.03637,47.634334],[-122.036959,47.634742],[-122.038097,47.635201],[-122.041241,47.635657],[-122.046952,47.637823],[-122.05408,47.640264],[-122.054514,47.64066],[-122.055635,47.642787],[-122.056577,47.644229],[-122.056579,47.644639],[-122.056124,47.646456],[-122.055768,47.648605],[-122.055753,47.649077],[-122.055959,47.649622],[-122.05624,47.649974],[-122.056885,47.650434],[-122.060848,47.652457],[-122.061928,47.653228],[-122.062484,47.653983],[-122.06258,47.654313],[-122.062638,47.656488]]],"type":"Polygon"},"properties":{"tract_name":"Census Tract 323.18, King, WA","geoid":"14000US53033032318","ses_index":98,"access_index":4,"kids_per_pitch":855,"median_income":250001,"poverty_rate":3.06,"kids_5_17":1710,"facility_count":2,"nearest_facility_km":1.908,"data_year":"ACS 2023 5-year"},"type":"Feature"},{"geometry":{"coordinates":[[[-122.169057,47.754785],[-122.168883,47.754813],[-122.167307,47.756524],[-122.166451,47.756558],[-122.165625,47.756817],[-122.16515,47.756727],[-122.164228,47.757592],[-122.163933,47.758292],[-122.162374,47.758895],[-122.160903,47.759693],[-122.159362,47.760924],[-122.158404,47.762049],[-122.157664,47.763534],[-122.156149,47.769178],[-122.154444,47.7762],[-122.131834,47.776046],[-122.131588,47.761552],[-122.134156,47.761577],[-122.134119,47.759766],[-122.130411,47.759774],[-122.130351,47.757371],[-122.132424,47.757217],[-122.132791,47.757073],[-122.133128,47.756781],[-122.13195,47.754935],[-122.132376,47.754806],[-122.132714,47.753834],[-122.13283,47.753099],[-122.133055,47.752741],[-122.133474,47.752398],[-122.133862,47.752285],[-122.135596,47.75273],[-122.138247,47.752721],[-122.139857,47.7526],[-122.140294,47.752675],[-122.141422,47.753189],[-122.142481,47.753255],[-122.143299,47.753101],[-122.143728,47.75285],[-122.143946,47.752492],[-122.144022,47.751603],[-122.144257,47.751377],[-122.144643,47.751234],[-122.145272,47.751242],[-122.147234,47.751648],[-122.152697,47.75153],[-122.152602,47.750164],[-122.15233,47.749609],[-122.14896,47.746895],[-122.145868,47.74223],[-122.142309,47.739065],[-122.142104,47.738499],[-122.142151,47.736266],[-122.149019,47.736374],[-122.149666,47.736301],[-122.150074,47.736575],[-122.153127,47.740386],[-122.153239,47.740596],[-122.153403,47.741949],[-122.153699,47.742495],[-122.156512,47.74472],[-122.158422,47.745436],[-122.160151,47.747108],[-122.161116,47.747766],[-122.161489,47.747973],[-122.162541,47.7481],[-122.16286,47.748236],[-122.163561,47.748863],[-122.16451,47.749062],[-122.164675,47.749271],[-122.164803,47.750012],[-122.165056,47.750222],[-122.165423,47.750332],[-122.166092,47.751019],[-122.166488,47.751933],[-122.166814,47.752317],[-122.167094,47.752878],[-122.167693,47.753577],[-122.168494,47.754025],[-122.168545,47.754554],[-122.168672,47.754685],[-122.169057,47.754785]]],"type":"Polygon"},"properties":{"tract_name":"Census Tract 323.19, King, WA","geoid":"14000US53033032319","ses_index":64,"access_index":11,"kids_per_pitch":337,"median_income":120357,"poverty_rate":3.92,"kids_5_17":673,"facility_count":2,"nearest_facility_km":0.967,"data_year":"ACS 2023 5-year"},"type":"Feature"},{"geometry":{"coordinates":[[[-122.152697,47.75153],[-122.147234,47.751648],[-122.145272,47.751242],[-122.144643,47.751234],[-122.144022,47.751603],[-122.143946,47.752492],[-122.143728,47.75285],[-122.143299,47.753101],[-122.142481,47.753255],[-122.141422,47.753189],[-122.140294,47.752675],[-122.139857,47.7526],[-122.135596,47.75273],[-122.133862,47.752285],[-122.133474,47.752398],[-122.133055,47.752741],[-122.13283,47.753099],[-122.132714,47.753834],[-122.132376,47.754806],[-122.13195,47.754935],[-122.133128,47.756781],[-122.132424,47.757217],[-122.130351,47.757371],[-122.130411,47.759774],[-122.134119,47.759766],[-122.134156,47.761577],[-122.131588,47.761552],[-122.131834,47.776046],[-122.102226,47.775885],[-122.10223,47.774668],[-122.10272,47.770638],[-122.102706,47.768804],[-122.102917,47.768678],[-122.104854,47.7687],[-122.104915,47.761438],[-122.111675,47.761467],[-122.111689,47.760407],[-122.111468,47.75942],[-122.110381,47.757116],[-122.109983,47.756603],[-122.108233,47.755152],[-122.107733,47.754443],[-122.107657,47.752377],[-122.107202,47.750395],[-122.107441,47.749685],[-122.107856,47.749165],[-122.109695,47.750942],[-122.110769,47.750362],[-122.111029,47.749755],[-122.111705,47.749021],[-122.111273,47.748],[-122.111648,47.7464],[-122.111182,47.74581],[-122.111703,47.745407],[-122.111622,47.744674],[-122.112087,47.74444],[-122.113256,47.74438],[-122.114201,47.743914],[-122.114939,47.74385],[-122.115333,47.743607],[-122.115086,47.743193],[-122.115233,47.736259],[-122.142151,47.736266],[-122.142104,47.738499],[-122.142309,47.739065],[-122.145868,47.74223],[-122.14896,47.746895],[-122.15233,47.749609],[-122.152602,47.750164],[-122.152697,47.75153]]],"type":"Polygon"},"properties":{"tract_name":"Census Tract 323.20, King, WA","geoid":"14000US53033032320","ses_index":99,"access_index":5,"kids_per_pitch":824,"median_income":250001,"poverty_rate":1.1,"kids_5_17":824,"facility_count":1,"nearest_facility_km":1.528,"data_year":"ACS 2023 5-year"},"type":"Feature"},{"geometry":{"coordinates":[[[-122.154364,47.710544],[-122.154259,47.711378],[-122.153977,47.711375],[-122.152951,47.714088],[-122.149401,47.725337],[-122.149346,47.72566],[-122.149497,47.725662],[-122.148461,47.729103],[-122.148487,47.730241],[-122.148932,47.731405],[-122.15013,47.732893],[-122.145654,47.732801],[-122.14576,47.733876],[-122.146087,47.734479],[-122.146831,47.735064],[-122.149666,47.736301],[-122.149019,47.736374],[-122.142799,47.736261],[-122.115233,47.736259],[-122.115281,47.732824],[-122.10966,47.732759],[-122.109633,47.731843],[-122.109963,47.731688],[-122.110128,47.731449],[-122.110125,47.730034],[-122.109639,47.72965],[-122.108776,47.729459],[-122.108129,47.729156],[-122.10757,47.728639],[-122.107347,47.728144],[-122.107277,47.727441],[-122.107456,47.726949],[-122.109602,47.725515],[-122.110169,47.724657],[-122.110546,47.714448],[-122.109343,47.714548],[-122.099491,47.714504],[-122.095069,47.714321],[-122.093665,47.714584],[-122.092196,47.715257],[-122.091305,47.715521],[-122.08857,47.715501],[-122.08873,47.714759],[-122.089134,47.709404],[-122.089292,47.708864],[-122.090102,47.707591],[-122.092539,47.704939],[-122.092969,47.703938],[-122.09299,47.703073],[-122.100339,47.703737],[-122.133642,47.703958],[-122.153224,47.704285],[-122.154301,47.709352],[-122.154364,47.710544]]],"type":"Polygon"},"properties":{"tract_name":"Census Tract 323.21, King, WA","geoid":"14000US53033032321","ses_index":99,"access_index":38,"kids_per_pitch":85,"median_income":250001,"poverty_rate":1.4,"kids_5_17":1784,"facility_count":21,"nearest_facility_km":1.715,"data_year":"ACS 2023 5-year"},"type":"Feature"},{"geometry":{"coordinates":[[[-122.115251,47.735372],[-122.115233,47.736259],[-122.099207,47.736001],[-122.080484,47.736472],[-122.088294,47.71669],[-122.08857,47.715501],[-122.090386,47.715583],[-122.091305,47.715521],[-122.092196,47.715257],[-122.093665,47.714584],[-122.094453,47.714381],[-122.095069,47.714321],[-122.099491,47.714504],[-122.109343,47.714548],[-122.110546,47.714448],[-122.110169,47.724657],[-122.109928,47.725148],[-122.109602,47.725515],[-122.107456,47.726949],[-122.107277,47.727441],[-122.107347,47.728144],[-122.10757,47.728639],[-122.108129,47.729156],[-122.108776,47.729459],[-122.109639,47.72965],[-122.109922,47.729805],[-122.110125,47.730034],[-122.110174,47.730312],[-122.110128,47.731449],[-122.109963,47.731688],[-122.109633,47.731843],[-122.10966,47.732759],[-122.115281,47.732824],[-122.115251,47.735372]]],"type":"Polygon"},"properties":{"tract_name":"Census Tract 323.22, King, WA","geoid":"14000US53033032322","ses_index":96,"access_index":1,"kids_per_pitch":1062,"median_income":240000,"poverty_rate":2.62,"kids_5_17":531,"facility_count":0,"nearest_facility_km":2.073,"data_year":"ACS 2023 5-year"},"type":"Feature"},{"geometry":{"coordinates":[[[-122.132141,47.698307],[-122.131931,47.703992],[-122.100339,47.703737],[-122.09299,47.703073],[-122.092722,47.701019],[-122.093252,47.698652],[-122.093246,47.695945],[-122.093018,47.69433],[-122.092905,47.692821],[-122.093513,47.692885],[-122.094318,47.693457],[-122.094948,47.693707],[-122.096041,47.693844],[-122.097073,47.693745],[-122.099127,47.69299],[-122.099972,47.692866],[-122.120327,47.692903],[-122.124366,47.692974],[-122.125562,47.69325],[-122.125856,47.693459],[-122.126061,47.693752],[-122.126449,47.694427],[-122.12662,47.694953],[-122.126665,47.695506],[-122.126503,47.69615],[-122.12648,47.696492],[-122.126642,47.69678],[-122.126874,47.696971],[-122.127264,47.697166],[-122.127794,47.697317],[-122.128501,47.697376],[-122.129624,47.697368],[-122.130938,47.697834],[-122.132154,47.697951],[-122.132141,47.698307]]],"type":"Polygon"},"properties":{"tract_name":"Census Tract 323.23, King, WA","geoid":"14000US53033032323","ses_index":88,"access_index":6,"kids_per_pitch":1423,"median_income":210804,"poverty_rate":3.82,"kids_5_17":1423,"facility_count":1,"nearest_facility_km":0.412,"data_year":"ACS 2023 5-year"},"type":"Feature"},{"geometry":{"coordinates":[[[-122.132209,47.695764],[-122.132154,47.697951],[-122.131375,47.697912],[-122.130938,47.697834],[-122.129624,47.697368],[-122.128136,47.69736],[-122.127373,47.697206],[-122.126785,47.696909],[-122.12651,47.696579],[-122.126471,47.696428],[-122.126503,47.69615],[-122.126665,47.695506],[-122.126551,47.694668],[-122.125919,47.69353],[-122.125562,47.69325],[-122.124586,47.693008],[-122.123876,47.692939],[-122.118434,47.692912],[-122.11792,47.689305],[-122.112185,47.689297],[-122.112187,47.680727],[-122.111087,47.680729],[-122.110956,47.680683],[-122.1109,47.680398],[-122.110029,47.679679],[-122.109356,47.678708],[-122.109246,47.678461],[-122.108999,47.677737],[-122.108953,47.677456],[-122.10895,47.677195],[-122.109019,47.676991],[-122.109153,47.676824],[-122.109334,47.676719],[-122.110046,47.676579],[-122.110245,47.67642],[-122.110195,47.676066],[-122.109589,47.675718],[-122.109458,47.675563],[-122.109473,47.675425],[-122.109749,47.674949],[-122.109971,47.674869],[-122.110272,47.674862],[-122.119171,47.674852],[-122.119169,47.678467],[-122.121601,47.678478],[-122.121609,47.679984],[-122.121685,47.680286],[-122.121877,47.680636],[-122.124422,47.683692],[-122.125051,47.684295],[-122.125698,47.685054],[-122.125989,47.6853],[-122.126565,47.685652],[-122.126887,47.685943],[-122.128726,47.687922],[-122.129128,47.688429],[-122.129435,47.689047],[-122.129753,47.690236],[-122.130158,47.691254],[-122.130185,47.691741],[-122.130106,47.692415],[-122.13025,47.693016],[-122.1304,47.693316],[-122.130713,47.693688],[-122.131699,47.694482],[-122.132024,47.694881],[-122.132181,47.695261],[-122.132209,47.695764]]],"type":"Polygon"},"properties":{"tract_name":"Census Tract 323.24, King, WA","geoid":"14000US53033032324","ses_index":83,"access_index":5,"kids_per_pitch":1029,"median_income":194260,"poverty_rate":4.78,"kids_5_17":1029,"facility_count":1,"nearest_facility_km":0.778,"data_year":"ACS 2023 5-year"},"type":"Feature"},{"geometry":{"coordinates":[[[-122.118434,47.692912],[-122.099972,47.692866],[-122.099127,47.69299],[-122.097476,47.693637],[-122.097073,47.693745],[-122.096418,47.693836],[-122.09551,47.693811],[-122.094948,47.693707],[-122.094528,47.693559],[-122.094235,47.693409],[-122.093783,47.693033],[-122.093513,47.692885],[-122.092905,47.692821],[-122.092739,47.692151],[-122.091966,47.690723],[-122.091888,47.69036],[-122.091889,47.690002],[-122.092048,47.6894],[-122.09222,47.689042],[-122.092703,47.688137],[-122.092916,47.687883],[-122.104545,47.678591],[-122.10614,47.677385],[-122.106997,47.676541],[-122.107899,47.675521],[-122.108083,47.675267],[-122.108476,47.674454],[-122.109366,47.673544],[-122.109907,47.673187],[-122.110416,47.672999],[-122.113168,47.672585],[-122.113349,47.672711],[-122.11397,47.672954],[-122.113964,47.674855],[-122.110272,47.674862],[-122.109971,47.674869],[-122.109749,47.674949],[-122.109473,47.675425],[-122.109458,47.675563],[-122.109589,47.675718],[-122.110195,47.676066],[-122.110245,47.67642],[-122.110046,47.676579],[-122.109397,47.676695],[-122.109107,47.676867],[-122.10895,47.677195],[-122.108999,47.677737],[-122.109356,47.678708],[-122.110029,47.679679],[-122.1109,47.680398],[-122.110956,47.680683],[-122.111087,47.680729],[-122.112187,47.680727],[-122.112185,47.689297],[-122.11792,47.689305],[-122.118434,47.692912]]],"type":"Polygon"},"properties":{"tract_name":"Census Tract 323.25, King, WA","geoid":"14000US53033032325","ses_index":61,"access_index":5,"kids_per_pitch":846,"median_income":121544,"poverty_rate":8.47,"kids_5_17":846,"facility_count":1,"nearest_facility_km":1.186,"data_year":"ACS 2023 5-year"},"type":"Feature"},{"geometry":{"coordinates":[[[-122.093303,47.687549],[-122.092828,47.687976],[-122.092421,47.688629],[-122.092048,47.6894],[-122.091882,47.690097],[-122.091966,47.690723],[-122.092739,47.692151],[-122.092932,47.692931],[-122.09323,47.695589],[-122.093252,47.698652],[-122.092722,47.701019],[-122.09299,47.703073],[-122.092969,47.703938],[-122.092811,47.704472],[-122.092401,47.705133],[-122.090102,47.707591],[-122.089292,47.708864],[-122.089134,47.709404],[-122.08873,47.714759],[-122.088294,47.71669],[-122.080484,47.736472],[-122.074643,47.736553],[-122.068926,47.736464],[-122.067339,47.736041],[-122.064019,47.734839],[-122.057101,47.73295],[-122.034416,47.732455],[-122.034517,47.731413],[-122.034459,47.729722],[-122.035032,47.726014],[-122.035391,47.725444],[-122.036684,47.724562],[-122.038318,47.723965],[-122.039812,47.723925],[-122.041072,47.724279],[-122.044786,47.726124],[-122.046953,47.726125],[-122.047929,47.725667],[-122.048225,47.725126],[-122.048363,47.724165],[-122.047662,47.723018],[-122.047856,47.718492],[-122.059702,47.718902],[-122.060476,47.718802],[-122.062102,47.718248],[-122.072109,47.718507],[-122.074017,47.71794],[-122.075689,47.717704],[-122.075451,47.717562],[-122.074558,47.716164],[-122.073871,47.715499],[-122.073327,47.714388],[-122.071428,47.712935],[-122.071193,47.712243],[-122.07131,47.711006],[-122.07062,47.710059],[-122.06976,47.709697],[-122.067779,47.709714],[-122.068202,47.700958],[-122.072576,47.69949],[-122.072913,47.698904],[-122.073008,47.697516],[-122.073394,47.696867],[-122.07505,47.695344],[-122.077929,47.693827],[-122.07955,47.691792],[-122.086146,47.689868],[-122.086931,47.689571],[-122.087274,47.689199],[-122.088336,47.689237],[-122.08938,47.689017],[-122.092544,47.687438],[-122.092898,47.687387],[-122.093303,47.687549]]],"type":"Polygon"},"properties":{"tract_name":"Census Tract 323.26, King, WA","geoid":"14000US53033032326","ses_index":93,"access_index":1,"kids_per_pitch":1954,"median_income":228083,"poverty_rate":2.6,"kids_5_17":977,"facility_count":0,"nearest_facility_km":1.637,"data_year":"ACS 2023 5-year"},"type":"Feature"},{"geometry":{"coordinates":[[[-122.087265,47.689268],[-122.086931,47.689571],[-122.086146,47.689868],[-122.07955,47.691792],[-122.077929,47.693827],[-122.07505,47.695344],[-122.073394,47.696867],[-122.073008,47.697516],[-122.072913,47.698904],[-122.072576,47.69949],[-122.068202,47.700958],[-122.067779,47.709714],[-122.06976,47.709697],[-122.07062,47.710059],[-122.07131,47.711006],[-122.071193,47.712243],[-122.071428,47.712935],[-122.073327,47.714388],[-122.073871,47.715499],[-122.074558,47.716164],[-122.075451,47.717562],[-122.075689,47.717704],[-122.074017,47.71794],[-122.072109,47.718507],[-122.062102,47.718248],[-122.060476,47.718802],[-122.059702,47.718902],[-122.047856,47.718492],[-122.047662,47.723018],[-122.048363,47.724165],[-122.048225,47.725126],[-122.047929,47.725667],[-122.046953,47.726125],[-122.044786,47.726124],[-122.041072,47.724279],[-122.039812,47.723925],[-122.038318,47.723965],[-122.036684,47.724562],[-122.035391,47.725444],[-122.035032,47.726014],[-122.034459,47.729722],[-122.034416,47.732455],[-122.012346,47.732601],[-122.010426,47.729534],[-122.010355,47.72906],[-122.01061,47.727971],[-122.010589,47.727382],[-122.009029,47.721985],[-122.009017,47.719875],[-122.00825,47.71754],[-122.007527,47.71307],[-122.005484,47.707962],[-122.003794,47.705216],[-122.003964,47.704156],[-122.003883,47.703539],[-122.00418,47.703169],[-122.004185,47.702515],[-122.004428,47.702201],[-122.005055,47.702022],[-122.006504,47.701964],[-122.00848,47.702294],[-122.009969,47.70231],[-122.013058,47.701877],[-122.016332,47.70242],[-122.018036,47.702282],[-122.056633,47.691551],[-122.057524,47.691075],[-122.058376,47.690136],[-122.05904,47.689673],[-122.062444,47.688683],[-122.072965,47.688694],[-122.076767,47.687691],[-122.078133,47.687573],[-122.079599,47.687797],[-122.082287,47.688567],[-122.087265,47.689268]]],"type":"Polygon"},"properties":{"tract_name":"Census Tract 323.27, King, WA","geoid":"14000US53033032327","ses_index":73,"access_index":23,"kids_per_pitch":149,"median_income":158929,"poverty_rate":5,"kids_5_17":298,"facility_count":2,"nearest_facility_km":1.288,"data_year":"ACS 2023 5-year"},"type":"Feature"},{"geometry":{"coordinates":[[[-122.070831,47.656339],[-122.07074,47.656592],[-122.069547,47.657956],[-122.068053,47.659188],[-122.067191,47.659567],[-122.066091,47.659834],[-122.065724,47.660053],[-122.065067,47.660159],[-122.064457,47.660621],[-122.063606,47.660768],[-122.062843,47.661386],[-122.062717,47.666049],[-122.06278,47.674024],[-122.062444,47.688683],[-122.059311,47.689544],[-122.058557,47.689972],[-122.057829,47.6908],[-122.057287,47.691233],[-122.056633,47.691551],[-122.055714,47.69182],[-122.055396,47.691286],[-122.054622,47.69073],[-122.05429,47.689387],[-122.054146,47.689166],[-122.053746,47.688976],[-122.051996,47.688661],[-122.051643,47.688401],[-122.051553,47.687966],[-122.051663,47.686513],[-122.0489,47.686386],[-122.049052,47.68149],[-122.046621,47.670896],[-122.046519,47.669804],[-122.046605,47.66847],[-122.038506,47.666973],[-122.03592,47.666596],[-122.032078,47.665667],[-122.026122,47.66462],[-122.025386,47.664622],[-122.023992,47.665884],[-122.022266,47.666404],[-122.021762,47.666051],[-122.021628,47.665798],[-122.021716,47.665171],[-122.021421,47.664116],[-122.021765,47.660603],[-122.022227,47.660163],[-122.024046,47.659585],[-122.024431,47.659248],[-122.024511,47.65902],[-122.024646,47.644237],[-122.037157,47.645938],[-122.038925,47.646346],[-122.040537,47.647045],[-122.049435,47.652429],[-122.05112,47.653058],[-122.061463,47.656236],[-122.063412,47.656593],[-122.064862,47.656644],[-122.068363,47.656578],[-122.069578,47.656389],[-122.070814,47.65604],[-122.070831,47.656339]]],"type":"Polygon"},"properties":{"tract_name":"Census Tract 323.28, King, WA","geoid":"14000US53033032328","ses_index":89,"access_index":7,"kids_per_pitch":647,"median_income":232179,"poverty_rate":10.25,"kids_5_17":647,"facility_count":1,"nearest_facility_km":0.839,"data_year":"ACS 2023 5-year"},"type":"Feature"},{"geometry":{"coordinates":[[[-122.153224,47.704285],[-122.142613,47.704074],[-122.131931,47.703992],[-122.132209,47.695764],[-122.132136,47.695103],[-122.131699,47.694482],[-122.130523,47.693483],[-122.13025,47.693016],[-122.130106,47.692415],[-122.130158,47.691254],[-122.129753,47.690236],[-122.129435,47.689047],[-122.129186,47.688515],[-122.128726,47.687922],[-122.126887,47.685943],[-122.125698,47.685054],[-122.124422,47.683692],[-122.121877,47.680636],[-122.121609,47.679984],[-122.121601,47.678478],[-122.132353,47.678585],[-122.132353,47.676693],[-122.132556,47.675539],[-122.132774,47.675018],[-122.132745,47.674936],[-122.126119,47.67334],[-122.123464,47.672802],[-122.123719,47.672406],[-122.126937,47.671085],[-122.129447,47.669343],[-122.13119,47.670197],[-122.133433,47.672099],[-122.133732,47.672528],[-122.133921,47.673056],[-122.133949,47.673316],[-122.133851,47.673605],[-122.134892,47.673921],[-122.136038,47.674618],[-122.136752,47.674914],[-122.136637,47.675226],[-122.136774,47.675617],[-122.137097,47.676274],[-122.138235,47.678114],[-122.14868,47.688447],[-122.149621,47.689483],[-122.150266,47.69046],[-122.150826,47.691902],[-122.153224,47.704285]]],"type":"Polygon"},"properties":{"tract_name":"Census Tract 323.30, King, WA","geoid":"14000US53033032330","ses_index":70,"access_index":40,"kids_per_pitch":81,"median_income":155462,"poverty_rate":9.02,"kids_5_17":648,"facility_count":8,"nearest_facility_km":1.386,"data_year":"ACS 2023 5-year"},"type":"Feature"},{"geometry":{"coordinates":[[[-122.132774,47.675018],[-122.132716,47.675269],[-122.132556,47.675539],[-122.132353,47.676693],[-122.132353,47.678585],[-122.119169,47.678467],[-122.119171,47.674852],[-122.113964,47.674855],[-122.11397,47.672954],[-122.113232,47.672647],[-122.112962,47.672302],[-122.112832,47.671924],[-122.112859,47.671744],[-122.113028,47.671417],[-122.107247,47.669732],[-122.107619,47.669263],[-122.10828,47.668674],[-122.108623,47.668432],[-122.109537,47.667921],[-122.110684,47.667481],[-122.111598,47.667262],[-122.112297,47.667157],[-122.1136,47.6671],[-122.121624,47.667121],[-122.125094,47.667203],[-122.126243,47.667186],[-122.126926,47.667119],[-122.127334,47.667994],[-122.127613,47.668302],[-122.128391,47.66887],[-122.129447,47.669343],[-122.128629,47.669971],[-122.126937,47.671085],[-122.123923,47.672274],[-122.123622,47.672505],[-122.123464,47.672802],[-122.124861,47.673043],[-122.126119,47.67334],[-122.131609,47.674713],[-122.132745,47.674936],[-122.132774,47.675018]]],"type":"Polygon"},"properties":{"tract_name":"Census Tract 323.31, King, WA","geoid":"14000US53033032331","ses_index":69,"access_index":2,"kids_per_pitch":678,"median_income":149657,"poverty_rate":8.69,"kids_5_17":339,"facility_count":0,"nearest_facility_km":0.575,"data_year":"ACS 2023 5-year"},"type":"Feature"},{"geometry":{"coordinates":[[[-122.055714,47.69182],[-122.037867,47.696773],[-122.036575,47.694744],[-122.035348,47.691296],[-122.033002,47.688108],[-122.03262,47.687304],[-122.032569,47.68673],[-122.032632,47.686257],[-122.033184,47.68406],[-122.033359,47.683515],[-122.033536,47.683409],[-122.033495,47.683324],[-122.033645,47.682631],[-122.033609,47.681927],[-122.033445,47.681207],[-122.033187,47.680636],[-122.032788,47.680013],[-122.032299,47.679465],[-122.031758,47.679033],[-122.031106,47.678603],[-122.030243,47.678166],[-122.026695,47.676925],[-122.025121,47.676511],[-122.024017,47.676407],[-122.023364,47.676204],[-122.022742,47.675862],[-122.022217,47.675267],[-122.022088,47.674947],[-122.021821,47.671255],[-122.022511,47.667851],[-122.022266,47.666404],[-122.023992,47.665884],[-122.024441,47.665519],[-122.025185,47.664737],[-122.025386,47.664622],[-122.025773,47.664586],[-122.02894,47.665077],[-122.032078,47.665667],[-122.03592,47.666596],[-122.038506,47.666973],[-122.046605,47.66847],[-122.046542,47.668742],[-122.046519,47.669804],[-122.046621,47.670896],[-122.049052,47.68149],[-122.048953,47.683116],[-122.0489,47.686386],[-122.051663,47.686513],[-122.051553,47.687966],[-122.051643,47.688401],[-122.051996,47.688661],[-122.053746,47.688976],[-122.054146,47.689166],[-122.05429,47.689387],[-122.054622,47.69073],[-122.055396,47.691286],[-122.055714,47.69182]]],"type":"Polygon"},"properties":{"tract_name":"Census Tract 323.32, King, WA","geoid":"14000US53033032332","ses_index":95,"access_index":4,"kids_per_pitch":1588,"median_income":236597,"poverty_rate":2.58,"kids_5_17":1588,"facility_count":1,"nearest_facility_km":0.618,"data_year":"ACS 2023 5-year"},"type":"Feature"},{"geometry":{"coordinates":[[[-122.037702,47.69682],[-122.018036,47.702282],[-122.017291,47.70241],[-122.016486,47.702429],[-122.014786,47.70216],[-122.01528,47.701777],[-122.016022,47.700845],[-122.015838,47.700704],[-122.014212,47.700675],[-122.013986,47.700581],[-122.013915,47.700436],[-122.013888,47.698866],[-122.01344,47.698296],[-122.013239,47.697896],[-122.013297,47.697546],[-122.01367,47.697102],[-122.013779,47.696865],[-122.013563,47.688896],[-122.013299,47.68876],[-122.006928,47.688688],[-122.006859,47.686874],[-122.005099,47.686872],[-122.00931,47.674715],[-122.013958,47.675004],[-122.021568,47.675016],[-122.022088,47.674947],[-122.022217,47.675267],[-122.022485,47.675635],[-122.022921,47.675983],[-122.023364,47.676204],[-122.024017,47.676407],[-122.025121,47.676511],[-122.026695,47.676925],[-122.029494,47.677874],[-122.030821,47.678443],[-122.032098,47.679293],[-122.032637,47.679824],[-122.033187,47.680636],[-122.03352,47.681445],[-122.033639,47.68229],[-122.033629,47.682831],[-122.033495,47.683324],[-122.033536,47.683409],[-122.033359,47.683515],[-122.033184,47.68406],[-122.032632,47.686257],[-122.032569,47.68673],[-122.03262,47.687304],[-122.033002,47.688108],[-122.035348,47.691296],[-122.036575,47.694744],[-122.037867,47.696773],[-122.037702,47.69682]]],"type":"Polygon"},"properties":{"tract_name":"Census Tract 323.33, King, WA","geoid":"14000US53033032333","ses_index":73,"access_index":9,"kids_per_pitch":498,"median_income":167917,"poverty_rate":9.22,"kids_5_17":996,"facility_count":2,"nearest_facility_km":0.637,"data_year":"ACS 2023 5-year"},"type":"Feature"},{"geometry":{"coordinates":[[[-122.014977,47.737151],[-122.012198,47.740847],[-122.004321,47.748551],[-122.004164,47.75006],[-122.004863,47.75572],[-122.000871,47.765425],[-122.001532,47.772861],[-122.001316,47.773859],[-122.000346,47.77539],[-121.991775,47.775349],[-121.967576,47.776192],[-121.927662,47.776967],[-121.864553,47.777301],[-121.871423,47.774128],[-121.873536,47.772197],[-121.873418,47.771759],[-121.876268,47.768894],[-121.879162,47.76446],[-121.882622,47.762235],[-121.883368,47.760587],[-121.886359,47.757997],[-121.888229,47.754326],[-121.887663,47.753088],[-121.885665,47.751485],[-121.885508,47.750278],[-121.88623,47.748908],[-121.886946,47.74824],[-121.889585,47.746817],[-121.897543,47.746363],[-121.899225,47.745768],[-121.900611,47.744125],[-121.9022,47.743763],[-121.903446,47.743891],[-121.904785,47.743112],[-121.906155,47.743188],[-121.906844,47.740194],[-121.907528,47.738843],[-121.90766,47.736798],[-121.908381,47.736276],[-121.909847,47.7359],[-121.910678,47.735153],[-121.910496,47.734113],[-121.908245,47.732072],[-121.904075,47.723477],[-121.894775,47.717184],[-121.893793,47.716436],[-121.893415,47.715747],[-121.89344,47.713825],[-121.896457,47.708963],[-121.897206,47.706201],[-121.897326,47.705106],[-121.896572,47.702462],[-121.897245,47.697937],[-121.899397,47.695072],[-121.900589,47.694182],[-121.900909,47.69427],[-121.901954,47.696548],[-121.906605,47.70087],[-121.912239,47.704569],[-121.916136,47.706025],[-121.919084,47.708379],[-121.925452,47.708549],[-121.936208,47.711652],[-121.939989,47.711765],[-121.941726,47.712565],[-121.946548,47.713627],[-121.946928,47.714124],[-121.947207,47.715592],[-121.948204,47.716876],[-121.947747,47.71908],[-121.948338,47.720063],[-121.950237,47.721866],[-121.950948,47.72417],[-121.952941,47.725204],[-121.957827,47.728661],[-121.958694,47.729586],[-121.959093,47.730587],[-121.959277,47.735268],[-121.971386,47.736201],[-121.9715,47.737191],[-121.973489,47.738356],[-121.97559,47.739063],[-121.97935,47.739568],[-121.98038,47.740032],[-121.980238,47.735295],[-121.987341,47.73537],[-121.987416,47.731682],[-121.986752,47.724957],[-121.985565,47.720816],[-121.985933,47.718765],[-121.985408,47.716301],[-121.984256,47.713777],[-121.98442,47.709019],[-122.005922,47.708996],[-122.00756,47.713208],[-122.00825,47.71754],[-122.009017,47.719875],[-122.009029,47.721985],[-122.010589,47.727382],[-122.010426,47.729534],[-122.012279,47.732524],[-122.014175,47.73424],[-122.014977,47.737151]]],"type":"Polygon"},"properties":{"tract_name":"Census Tract 324.01, King, WA","geoid":"14000US53033032401","ses_index":75,"access_index":3,"kids_per_pitch":1236,"median_income":158555,"poverty_rate":3.14,"kids_5_17":1236,"facility_count":1,"nearest_facility_km":1.728,"data_year":"ACS 2023 5-year"},"type":"Feature"},{"geometry":{"coordinates":[[[-121.998892,47.706364],[-121.997745,47.707187],[-121.995646,47.707967],[-121.995251,47.708344],[-121.995478,47.70899],[-121.98442,47.709019],[-121.984256,47.713777],[-121.985408,47.716301],[-121.985933,47.718765],[-121.985565,47.720816],[-121.986752,47.724957],[-121.987416,47.731682],[-121.987341,47.73537],[-121.980238,47.735295],[-121.98038,47.740032],[-121.97935,47.739568],[-121.97559,47.739063],[-121.973489,47.738356],[-121.9715,47.737191],[-121.971386,47.736201],[-121.969129,47.736175],[-121.959277,47.735268],[-121.959093,47.730587],[-121.958694,47.729586],[-121.957827,47.728661],[-121.952941,47.725204],[-121.950948,47.72417],[-121.950237,47.721866],[-121.94979,47.721226],[-121.948338,47.720063],[-121.947747,47.71908],[-121.947757,47.718209],[-121.948204,47.716876],[-121.947207,47.715592],[-121.946928,47.714124],[-121.946548,47.713627],[-121.943516,47.712823],[-121.941726,47.712565],[-121.939989,47.711765],[-121.936208,47.711652],[-121.925452,47.708549],[-121.9202,47.708574],[-121.919084,47.708379],[-121.916136,47.706025],[-121.912239,47.704569],[-121.906605,47.70087],[-121.901954,47.696548],[-121.901359,47.695615],[-121.900909,47.69427],[-121.900589,47.694182],[-121.900231,47.694415],[-121.900136,47.693715],[-121.901578,47.691165],[-121.901809,47.690285],[-121.903158,47.689165],[-121.905357,47.685991],[-121.90349,47.681843],[-121.903376,47.681221],[-121.90367,47.67991],[-121.904899,47.678969],[-121.906338,47.678649],[-121.907938,47.677855],[-121.909696,47.678393],[-121.916197,47.678086],[-121.91666,47.678315],[-121.917026,47.678841],[-121.918705,47.67892],[-121.919627,47.678752],[-121.921288,47.679186],[-121.923626,47.680205],[-121.925425,47.680575],[-121.926766,47.680093],[-121.927649,47.678757],[-121.92813,47.67859],[-121.929301,47.678365],[-121.93451,47.678735],[-121.936445,47.678291],[-121.938466,47.677135],[-121.941017,47.678001],[-121.941325,47.678619],[-121.942142,47.679139],[-121.942533,47.680231],[-121.942223,47.681757],[-121.942407,47.682475],[-121.94315,47.683085],[-121.94672,47.684695],[-121.946782,47.685248],[-121.946191,47.68649],[-121.946409,47.687426],[-121.948691,47.688306],[-121.951452,47.68834],[-121.955055,47.687612],[-121.956298,47.687561],[-121.95703,47.687872],[-121.958155,47.689011],[-121.959003,47.689338],[-121.960146,47.689043],[-121.961224,47.687783],[-121.961888,47.687392],[-121.964062,47.6872],[-121.965106,47.687602],[-121.96553,47.688236],[-121.965554,47.688833],[-121.96409,47.690356],[-121.963868,47.690888],[-121.963894,47.691221],[-121.964269,47.691601],[-121.965951,47.692219],[-121.967149,47.692327],[-121.969055,47.69215],[-121.973949,47.690683],[-121.974776,47.689885],[-121.974576,47.689397],[-121.973302,47.6887],[-121.972373,47.687637],[-121.970679,47.686721],[-121.97024,47.686052],[-121.970505,47.685625],[-121.970921,47.685432],[-121.972856,47.685061],[-121.974002,47.685443],[-121.976315,47.687068],[-121.97804,47.687791],[-121.981769,47.68858],[-121.985146,47.68891],[-121.986647,47.689487],[-121.986947,47.69022],[-121.986835,47.690617],[-121.985469,47.693589],[-121.985834,47.694347],[-121.986615,47.694912],[-121.989125,47.695672],[-121.989639,47.695987],[-121.98989,47.696465],[-121.989107,47.697105],[-121.987381,47.697587],[-121.986833,47.697993],[-121.986312,47.698733],[-121.986635,47.699386],[-121.988686,47.701175],[-121.98939,47.701416],[-121.99059,47.701261],[-121.992782,47.699635],[-121.99375,47.699449],[-121.994453,47.699691],[-121.994916,47.700016],[-121.995129,47.700803],[-121.994278,47.702885],[-121.994452,47.703981],[-121.995778,47.704667],[-121.99839,47.705407],[-121.998693,47.705612],[-121.998892,47.706364]]],"type":"Polygon"},"properties":{"tract_name":"Census Tract 324.02, King, WA","geoid":"14000US53033032402","ses_index":72,"access_index":6,"kids_per_pitch":574,"median_income":182813,"poverty_rate":15.76,"kids_5_17":1722,"facility_count":3,"nearest_facility_km":2.586,"data_year":"ACS 2023 5-year"},"type":"Feature"},{"geometry":{"coordinates":[[[-121.968252,47.626542],[-121.967442,47.626985],[-121.963149,47.625301],[-121.95987,47.625791],[-121.958677,47.6264],[-121.958032,47.628137],[-121.95476,47.628217],[-121.948118,47.631289],[-121.943828,47.631678],[-121.94107,47.634081],[-121.937496,47.63514],[-121.935333,47.637366],[-121.928308,47.638522],[-121.926174,47.643885],[-121.924208,47.646543],[-121.922916,47.654798],[-121.927019,47.659466],[-121.927399,47.661876],[-121.924352,47.666786],[-121.919496,47.669823],[-121.918242,47.672133],[-121.919279,47.673326],[-121.922706,47.673648],[-121.92838,47.671808],[-121.932096,47.67324],[-121.933587,47.674873],[-121.938466,47.677135],[-121.93451,47.678735],[-121.92813,47.67859],[-121.925425,47.680575],[-121.919627,47.678752],[-121.917026,47.678841],[-121.916197,47.678086],[-121.909696,47.678393],[-121.907938,47.677855],[-121.903744,47.679803],[-121.90349,47.681843],[-121.905357,47.685991],[-121.901809,47.690285],[-121.900231,47.694415],[-121.89735,47.697654],[-121.896572,47.702462],[-121.897206,47.706201],[-121.896457,47.708963],[-121.89344,47.713825],[-121.893338,47.715251],[-121.893943,47.716573],[-121.904075,47.723477],[-121.908245,47.732072],[-121.910496,47.734113],[-121.910678,47.735153],[-121.90766,47.736798],[-121.906155,47.743188],[-121.900611,47.744125],[-121.899225,47.745768],[-121.897394,47.746398],[-121.889195,47.746904],[-121.88623,47.748908],[-121.885665,47.751485],[-121.88822,47.754074],[-121.886599,47.757658],[-121.883368,47.760587],[-121.882622,47.762235],[-121.879162,47.76446],[-121.873536,47.772197],[-121.87068,47.774643],[-121.864553,47.777301],[-121.755458,47.777105],[-121.744459,47.77776],[-121.666806,47.777211],[-121.666082,47.766651],[-121.671139,47.749402],[-121.67708,47.74915],[-121.68342,47.747874],[-121.690449,47.748046],[-121.69542,47.746564],[-121.703045,47.743511],[-121.708933,47.739791],[-121.713838,47.738191],[-121.718169,47.732617],[-121.719832,47.725767],[-121.7174,47.723276],[-121.712107,47.720615],[-121.711406,47.714927],[-121.712274,47.712534],[-121.711499,47.709361],[-121.708685,47.70539],[-121.712784,47.695655],[-121.713428,47.692003],[-121.716092,47.689689],[-121.71538,47.688926],[-121.721925,47.688642],[-121.722331,47.691249],[-121.724488,47.691428],[-121.726827,47.692739],[-121.733119,47.69176],[-121.746481,47.692682],[-121.747647,47.694682],[-121.747251,47.696438],[-121.752774,47.69667],[-121.754326,47.699354],[-121.756202,47.698479],[-121.758249,47.699592],[-121.763295,47.698705],[-121.766432,47.700336],[-121.77063,47.700723],[-121.773482,47.700043],[-121.775817,47.697827],[-121.780745,47.699112],[-121.785776,47.697876],[-121.788804,47.695228],[-121.791245,47.694418],[-121.792494,47.689803],[-121.794321,47.689526],[-121.796739,47.687887],[-121.797767,47.685942],[-121.800793,47.686217],[-121.800979,47.684731],[-121.80211,47.684322],[-121.802399,47.683152],[-121.805069,47.682944],[-121.804931,47.681469],[-121.80779,47.680622],[-121.810894,47.678247],[-121.812851,47.677765],[-121.807558,47.674114],[-121.811269,47.671631],[-121.812156,47.672511],[-121.812987,47.672194],[-121.812684,47.67115],[-121.813804,47.669995],[-121.813923,47.668388],[-121.813111,47.666828],[-121.81289,47.662376],[-121.815115,47.659934],[-121.818753,47.657888],[-121.821207,47.65828],[-121.822791,47.656422],[-121.82736,47.654864],[-121.830367,47.65154],[-121.83001,47.649409],[-121.830756,47.646737],[-121.829989,47.641035],[-121.829319,47.639092],[-121.827331,47.639504],[-121.826761,47.639304],[-121.830026,47.638396],[-121.83127,47.63669],[-121.832152,47.633217],[-121.831202,47.62668],[-121.836423,47.624378],[-121.843333,47.62302],[-121.844519,47.621891],[-121.844779,47.621315],[-121.84381,47.620146],[-121.840725,47.618745],[-121.840656,47.617637],[-121.841877,47.616363],[-121.84865,47.61492],[-121.851512,47.615263],[-121.859153,47.614071],[-121.866632,47.608791],[-121.868526,47.605058],[-121.87222,47.601864],[-121.87515,47.602496],[-121.877627,47.601998],[-121.88439,47.602811],[-121.886517,47.605963],[-121.890666,47.608028],[-121.896473,47.613482],[-121.901624,47.616519],[-121.903795,47.615748],[-121.910638,47.617118],[-121.913617,47.616723],[-121.915098,47.61833],[-121.917675,47.619506],[-121.916286,47.621944],[-121.917195,47.623146],[-121.919225,47.622607],[-121.920995,47.620086],[-121.924226,47.619128],[-121.925297,47.6196],[-121.926465,47.62152],[-121.927552,47.621763],[-121.928344,47.618865],[-121.93292,47.618514],[-121.934156,47.617374],[-121.93254,47.616104],[-121.92826,47.615834],[-121.92689,47.61463],[-121.932543,47.61396],[-121.933534,47.61249],[-121.931839,47.611161],[-121.924463,47.609491],[-121.924966,47.608304],[-121.926794,47.60754],[-121.927368,47.606527],[-121.926024,47.603099],[-121.927862,47.601016],[-121.928478,47.598491],[-121.924153,47.595084],[-121.924839,47.594209],[-121.92671,47.594199],[-121.926084,47.593518],[-121.926806,47.591603],[-121.925363,47.591191],[-121.926162,47.587134],[-121.929889,47.587145],[-121.929732,47.585549],[-121.931475,47.581896],[-121.933368,47.580688],[-121.936283,47.580264],[-121.940876,47.581457],[-121.954222,47.588875],[-121.959721,47.594105],[-121.961476,47.597381],[-121.96171,47.59985],[-121.960946,47.604999],[-121.95766,47.61217],[-121.957738,47.616383],[-121.959535,47.619788],[-121.965148,47.622816],[-121.968252,47.626542]]],"type":"Polygon"},"properties":{"tract_name":"Census Tract 325, King, WA","geoid":"14000US53033032500","ses_index":80,"access_index":3,"kids_per_pitch":1016,"median_income":178080,"poverty_rate":2.01,"kids_5_17":1016,"facility_count":1,"nearest_facility_km":4.449,"data_year":"ACS 2023 5-year"},"type":"Feature"},{"geometry":{"coordinates":[[[-121.943148,47.572892],[-121.931955,47.572995],[-121.93194,47.578314],[-121.939468,47.580816],[-121.936154,47.580256],[-121.933022,47.580829],[-121.931276,47.582198],[-121.929732,47.585549],[-121.929889,47.587145],[-121.926162,47.587134],[-121.925363,47.591191],[-121.926806,47.591603],[-121.926849,47.592374],[-121.926084,47.593518],[-121.92671,47.594199],[-121.92533,47.594546],[-121.924839,47.594209],[-121.924861,47.594784],[-121.924153,47.595084],[-121.924928,47.595307],[-121.92462,47.595827],[-121.928012,47.597753],[-121.928478,47.598491],[-121.927862,47.601016],[-121.926024,47.603099],[-121.926233,47.604149],[-121.927438,47.606024],[-121.927368,47.606527],[-121.926794,47.60754],[-121.924966,47.608304],[-121.924363,47.609247],[-121.924854,47.609642],[-121.926393,47.609648],[-121.928743,47.610701],[-121.931839,47.611161],[-121.93317,47.611733],[-121.933481,47.612764],[-121.932543,47.61396],[-121.930558,47.61434],[-121.927983,47.614082],[-121.927234,47.614263],[-121.926845,47.614789],[-121.92826,47.615834],[-121.93254,47.616104],[-121.933764,47.616546],[-121.934156,47.617374],[-121.93292,47.618514],[-121.928344,47.618865],[-121.927764,47.619728],[-121.928006,47.621262],[-121.927195,47.621831],[-121.926465,47.62152],[-121.925297,47.6196],[-121.924226,47.619128],[-121.920995,47.620086],[-121.919225,47.622607],[-121.917521,47.623272],[-121.916286,47.621944],[-121.917535,47.620387],[-121.917675,47.619506],[-121.915098,47.61833],[-121.913788,47.616824],[-121.910638,47.617118],[-121.908665,47.616487],[-121.903795,47.615748],[-121.901624,47.616519],[-121.896473,47.613482],[-121.89529,47.611977],[-121.890666,47.608028],[-121.886517,47.605963],[-121.88439,47.602811],[-121.880283,47.602726],[-121.877627,47.601998],[-121.87515,47.602496],[-121.872323,47.601802],[-121.871707,47.602678],[-121.868526,47.605058],[-121.867775,47.60622],[-121.867694,47.607425],[-121.866632,47.608791],[-121.86376,47.611174],[-121.859153,47.614071],[-121.856747,47.614677],[-121.851512,47.615263],[-121.84865,47.61492],[-121.841443,47.616629],[-121.840656,47.617637],[-121.840725,47.618745],[-121.84381,47.620146],[-121.844779,47.621315],[-121.844519,47.621891],[-121.843333,47.62302],[-121.838805,47.624299],[-121.836423,47.624378],[-121.832371,47.626497],[-121.831202,47.62668],[-121.832041,47.630176],[-121.83165,47.632573],[-121.832152,47.633217],[-121.83151,47.634704],[-121.83127,47.63669],[-121.830026,47.638396],[-121.826761,47.639304],[-121.826601,47.638836],[-121.828161,47.638354],[-121.828796,47.637818],[-121.82939,47.636126],[-121.827331,47.632813],[-121.826824,47.630457],[-121.826046,47.629715],[-121.826372,47.628618],[-121.827294,47.627498],[-121.827412,47.626697],[-121.82537,47.62472],[-121.82488,47.623772],[-121.822415,47.622716],[-121.818118,47.621793],[-121.816438,47.620263],[-121.813491,47.61886],[-121.80928,47.619046],[-121.807174,47.61834],[-121.805228,47.617193],[-121.80353,47.614366],[-121.802801,47.613763],[-121.805585,47.608953],[-121.80587,47.607618],[-121.805152,47.606293],[-121.803233,47.604448],[-121.797937,47.60336],[-121.790705,47.603256],[-121.789617,47.602896],[-121.788264,47.601192],[-121.788264,47.60036],[-121.792672,47.589396],[-121.792872,47.587752],[-121.791784,47.58352],[-121.793864,47.580468],[-121.793784,47.577728],[-121.794552,47.576833],[-121.794758,47.575881],[-121.794615,47.573334],[-121.795666,47.571248],[-121.795923,47.567813],[-121.796838,47.565583],[-121.79725,47.563445],[-121.798173,47.562456],[-121.799748,47.561699],[-121.804271,47.560675],[-121.807507,47.559377],[-121.81064,47.559374],[-121.812715,47.557488],[-121.814594,47.556887],[-121.81759,47.556728],[-121.818832,47.556102],[-121.820085,47.556556],[-121.822455,47.55641],[-121.824083,47.557092],[-121.829391,47.556292],[-121.833195,47.554405],[-121.838099,47.553868],[-121.841337,47.554379],[-121.844754,47.55548],[-121.848831,47.558102],[-121.865377,47.562489],[-121.873069,47.567484],[-121.886068,47.569259],[-121.886804,47.569168],[-121.887404,47.568212],[-121.884201,47.568318],[-121.883564,47.566485],[-121.88376,47.56562],[-121.889287,47.56433],[-121.890452,47.562913],[-121.893123,47.560954],[-121.898262,47.556268],[-121.899894,47.554087],[-121.900858,47.555662],[-121.903528,47.557986],[-121.903546,47.561716],[-121.919857,47.562793],[-121.922295,47.563536],[-121.923499,47.564941],[-121.925574,47.564752],[-121.928345,47.565336],[-121.931161,47.565266],[-121.934826,47.567942],[-121.939734,47.569524],[-121.941252,47.570686],[-121.942729,47.571267],[-121.943148,47.572892]]],"type":"Polygon"},"properties":{"tract_name":"Census Tract 326.01, King, WA","geoid":"14000US53033032601","ses_index":83,"access_index":11,"kids_per_pitch":309,"median_income":187917,"poverty_rate":1.19,"kids_5_17":309,"facility_count":1,"nearest_facility_km":3.843,"data_year":"ACS 2023 5-year"},"type":"Feature"},{"geometry":{"coordinates":[[[-121.905544,47.54406],[-121.90511,47.54492],[-121.904471,47.545687],[-121.90268,47.546633],[-121.901449,47.54753],[-121.901093,47.54866],[-121.900292,47.549526],[-121.900282,47.549795],[-121.901225,47.550974],[-121.900938,47.552476],[-121.901128,47.554019],[-121.900748,47.554431],[-121.900317,47.554639],[-121.899894,47.554087],[-121.899696,47.554568],[-121.898262,47.556268],[-121.893123,47.560954],[-121.890452,47.562913],[-121.889287,47.56433],[-121.887628,47.564616],[-121.886535,47.565164],[-121.88376,47.56562],[-121.883518,47.565967],[-121.883564,47.566485],[-121.883834,47.567148],[-121.883972,47.568024],[-121.884201,47.568318],[-121.885912,47.568479],[-121.887404,47.568212],[-121.886804,47.569168],[-121.884989,47.569175],[-121.873069,47.567484],[-121.871632,47.566765],[-121.866228,47.562946],[-121.864711,47.562227],[-121.848831,47.558102],[-121.847919,47.557674],[-121.844754,47.55548],[-121.841854,47.554506],[-121.838404,47.553874],[-121.835382,47.554148],[-121.835737,47.55372],[-121.838173,47.553322],[-121.839632,47.553237],[-121.840827,47.55289],[-121.843447,47.551593],[-121.843913,47.551112],[-121.844177,47.550593],[-121.844952,47.55034],[-121.844078,47.550061],[-121.843502,47.548464],[-121.843598,47.548295],[-121.841935,47.544181],[-121.841793,47.543449],[-121.841429,47.542872],[-121.840264,47.542369],[-121.838825,47.542219],[-121.837542,47.541606],[-121.836327,47.540735],[-121.834677,47.540048],[-121.833152,47.539096],[-121.832361,47.538816],[-121.83129,47.536932],[-121.837777,47.53452],[-121.839587,47.534461],[-121.842721,47.535102],[-121.844706,47.535044],[-121.850896,47.532822],[-121.860424,47.530332],[-121.862091,47.530215],[-121.866433,47.530332],[-121.868417,47.530181],[-121.868506,47.531155],[-121.867663,47.532848],[-121.86759,47.533486],[-121.867853,47.53417],[-121.869384,47.536202],[-121.869913,47.537657],[-121.870026,47.539012],[-121.871772,47.539021],[-121.874836,47.539704],[-121.876722,47.539554],[-121.877386,47.540819],[-121.878362,47.541847],[-121.880046,47.541177],[-121.882055,47.541354],[-121.887179,47.541211],[-121.888017,47.540802],[-121.888183,47.540481],[-121.888191,47.540009],[-121.88903,47.54004],[-121.889389,47.540221],[-121.89032,47.541145],[-121.890869,47.541344],[-121.891271,47.541755],[-121.892146,47.541819],[-121.892903,47.542936],[-121.894247,47.544121],[-121.894331,47.544436],[-121.89431,47.54345],[-121.894644,47.542738],[-121.894875,47.542549],[-121.895771,47.543297],[-121.895997,47.543827],[-121.898473,47.545432],[-121.8989,47.545892],[-121.89938,47.545531],[-121.901415,47.544986],[-121.903754,47.544013],[-121.904752,47.543329],[-121.905545,47.543907],[-121.905544,47.54406]]],"type":"Polygon"},"properties":{"tract_name":"Census Tract 326.03, King, WA","geoid":"14000US53033032603","ses_index":100,"access_index":1,"kids_per_pitch":2142,"median_income":250001,"poverty_rate":0.74,"kids_5_17":1071,"facility_count":0,"nearest_facility_km":1.579,"data_year":"ACS 2023 5-year"},"type":"Feature"},{"geometry":{"coordinates":[[[-121.927245,47.52159],[-121.927177,47.521886],[-121.926595,47.522322],[-121.926367,47.522779],[-121.924429,47.523993],[-121.923846,47.5263],[-121.921506,47.5286],[-121.921505,47.528816],[-121.921938,47.529495],[-121.921243,47.530064],[-121.919817,47.530636],[-121.918016,47.530447],[-121.917335,47.529973],[-121.915843,47.529428],[-121.914383,47.530335],[-121.911749,47.530314],[-121.907934,47.529277],[-121.906188,47.529126],[-121.893675,47.529111],[-121.8914,47.52896],[-121.887544,47.529108],[-121.882028,47.528871],[-121.876996,47.528931],[-121.876282,47.527978],[-121.872768,47.529308],[-121.869341,47.530062],[-121.866433,47.530332],[-121.861157,47.530248],[-121.859124,47.530595],[-121.850896,47.532822],[-121.844706,47.535044],[-121.842721,47.535102],[-121.839587,47.534461],[-121.837777,47.53452],[-121.83129,47.536932],[-121.826537,47.530451],[-121.827844,47.530075],[-121.827853,47.529239],[-121.829243,47.529285],[-121.830598,47.529678],[-121.830759,47.529576],[-121.830799,47.52883],[-121.837137,47.528768],[-121.837016,47.526069],[-121.838433,47.526519],[-121.839877,47.526138],[-121.841358,47.526099],[-121.8422,47.525918],[-121.842701,47.525636],[-121.844463,47.524015],[-121.844957,47.522365],[-121.8454,47.521902],[-121.847974,47.521298],[-121.849294,47.520465],[-121.850092,47.520158],[-121.852585,47.519715],[-121.853528,47.518789],[-121.854713,47.518054],[-121.855783,47.516742],[-121.856398,47.516226],[-121.857622,47.515387],[-121.85889,47.514945],[-121.859202,47.514574],[-121.859302,47.514274],[-121.859176,47.513647],[-121.858527,47.513012],[-121.85811,47.512294],[-121.857773,47.512103],[-121.856791,47.512107],[-121.856416,47.511891],[-121.856262,47.511557],[-121.858923,47.511351],[-121.863956,47.51151],[-121.866421,47.511412],[-121.875345,47.510062],[-121.899001,47.50716],[-121.900682,47.507143],[-121.902001,47.507308],[-121.903529,47.507684],[-121.904996,47.508317],[-121.90987,47.511436],[-121.912741,47.513022],[-121.919133,47.516158],[-121.924592,47.518507],[-121.924595,47.518695],[-121.925243,47.51916],[-121.925652,47.519758],[-121.927075,47.52077],[-121.927245,47.52159]]],"type":"Polygon"},"properties":{"tract_name":"Census Tract 326.04, King, WA","geoid":"14000US53033032604","ses_index":86,"access_index":10,"kids_per_pitch":435,"median_income":198526,"poverty_rate":0.75,"kids_5_17":1305,"facility_count":3,"nearest_facility_km":0.56,"data_year":"ACS 2023 5-year"},"type":"Feature"},{"geometry":{"coordinates":[[[-121.918016,47.530447],[-121.917561,47.530659],[-121.917562,47.530821],[-121.917767,47.531192],[-121.917754,47.531624],[-121.91764,47.531928],[-121.915657,47.532684],[-121.914939,47.533091],[-121.914858,47.533873],[-121.914879,47.534692],[-121.914686,47.534888],[-121.914001,47.535079],[-121.913238,47.535513],[-121.91286,47.536346],[-121.91271,47.537002],[-121.912255,47.537429],[-121.911799,47.537605],[-121.911565,47.537612],[-121.911092,47.537175],[-121.910581,47.537009],[-121.910376,47.537034],[-121.910034,47.5373],[-121.909873,47.537587],[-121.909827,47.538207],[-121.909735,47.538458],[-121.909267,47.538958],[-121.9084,47.540326],[-121.908046,47.540611],[-121.907168,47.54098],[-121.906586,47.541344],[-121.905741,47.542262],[-121.904703,47.542981],[-121.90468,47.543215],[-121.904752,47.543329],[-121.903754,47.544013],[-121.901415,47.544986],[-121.89938,47.545531],[-121.8989,47.545892],[-121.89879,47.5457],[-121.898473,47.545432],[-121.89761,47.544861],[-121.897351,47.544768],[-121.897074,47.544476],[-121.895997,47.543827],[-121.895771,47.543297],[-121.894875,47.542549],[-121.894644,47.542738],[-121.89431,47.54345],[-121.894403,47.543844],[-121.894331,47.544436],[-121.894247,47.544121],[-121.892903,47.542936],[-121.892303,47.542184],[-121.892146,47.541819],[-121.891777,47.54185],[-121.891271,47.541755],[-121.890869,47.541344],[-121.89032,47.541145],[-121.889389,47.540221],[-121.88903,47.54004],[-121.888191,47.540009],[-121.888183,47.540481],[-121.888017,47.540802],[-121.887667,47.541067],[-121.887179,47.541211],[-121.883063,47.541257],[-121.882055,47.541354],[-121.880046,47.541177],[-121.879706,47.541232],[-121.878362,47.541847],[-121.877619,47.541143],[-121.877386,47.540819],[-121.876965,47.540134],[-121.876722,47.539554],[-121.875693,47.539702],[-121.874836,47.539704],[-121.874408,47.539663],[-121.872498,47.539141],[-121.871772,47.539021],[-121.870026,47.539012],[-121.869913,47.537657],[-121.869384,47.536202],[-121.868943,47.535487],[-121.867853,47.53417],[-121.86759,47.533486],[-121.867663,47.532848],[-121.868183,47.531985],[-121.868506,47.531155],[-121.868417,47.530181],[-121.870472,47.529859],[-121.872768,47.529308],[-121.873787,47.528988],[-121.876282,47.527978],[-121.876996,47.528931],[-121.882028,47.528871],[-121.882906,47.528967],[-121.885894,47.528978],[-121.887544,47.529108],[-121.889159,47.529102],[-121.889822,47.528974],[-121.8914,47.52896],[-121.89213,47.529085],[-121.893675,47.529111],[-121.906188,47.529126],[-121.907934,47.529277],[-121.909522,47.529776],[-121.910434,47.529908],[-121.91152,47.53027],[-121.912263,47.530329],[-121.914099,47.53035],[-121.914592,47.530286],[-121.915843,47.529428],[-121.917335,47.529973],[-121.917951,47.530303],[-121.918016,47.530447]]],"type":"Polygon"},"properties":{"tract_name":"Census Tract 326.05, King, WA","geoid":"14000US53033032605","ses_index":87,"access_index":6,"kids_per_pitch":645,"median_income":201694,"poverty_rate":1.23,"kids_5_17":1290,"facility_count":2,"nearest_facility_km":1.651,"data_year":"ACS 2023 5-year"},"type":"Feature"},{"geometry":{"coordinates":[[[-121.859302,47.514274],[-121.85889,47.514945],[-121.85732,47.515551],[-121.856057,47.516502],[-121.854713,47.518054],[-121.853528,47.518789],[-121.852585,47.519715],[-121.850092,47.520158],[-121.849294,47.520465],[-121.847974,47.521298],[-121.8454,47.521902],[-121.844957,47.522365],[-121.844558,47.523891],[-121.842438,47.525813],[-121.841358,47.526099],[-121.839582,47.526189],[-121.838433,47.526519],[-121.837016,47.526069],[-121.837137,47.528768],[-121.830799,47.52883],[-121.830759,47.529576],[-121.830598,47.529678],[-121.829243,47.529285],[-121.827853,47.529239],[-121.827844,47.530075],[-121.826537,47.530451],[-121.831683,47.537476],[-121.832444,47.539003],[-121.831138,47.539211],[-121.829284,47.538964],[-121.828035,47.538451],[-121.827546,47.538056],[-121.827333,47.537533],[-121.827693,47.536261],[-121.827609,47.534435],[-121.827733,47.53366],[-121.827604,47.533345],[-121.82739,47.533086],[-121.826486,47.532883],[-121.824869,47.53214],[-121.824179,47.53152],[-121.822885,47.528873],[-121.822268,47.528164],[-121.82129,47.527373],[-121.819961,47.5268],[-121.815732,47.526368],[-121.812851,47.526693],[-121.809795,47.527803],[-121.807935,47.529024],[-121.807141,47.529363],[-121.805779,47.529442],[-121.804306,47.527236],[-121.803651,47.52661],[-121.800957,47.525299],[-121.799764,47.524384],[-121.799158,47.524166],[-121.798537,47.524252],[-121.794925,47.525723],[-121.79213,47.526254],[-121.78937,47.526066],[-121.786072,47.52523],[-121.786047,47.524897],[-121.786925,47.52409],[-121.787318,47.523063],[-121.787189,47.522311],[-121.786262,47.52151],[-121.786059,47.520873],[-121.786486,47.518543],[-121.786919,47.518176],[-121.787687,47.516746],[-121.788313,47.516646],[-121.788632,47.516336],[-121.788593,47.515728],[-121.788256,47.515408],[-121.787943,47.514666],[-121.788139,47.514387],[-121.789141,47.514143],[-121.789089,47.513814],[-121.788188,47.513331],[-121.787842,47.512644],[-121.787802,47.512105],[-121.787943,47.511921],[-121.788288,47.511877],[-121.789104,47.51252],[-121.789607,47.512686],[-121.790064,47.512458],[-121.790121,47.51223],[-121.790112,47.511692],[-121.789747,47.511587],[-121.789257,47.510502],[-121.792624,47.510446],[-121.794112,47.512467],[-121.807052,47.511954],[-121.81024,47.511015],[-121.808486,47.509896],[-121.807714,47.509958],[-121.80686,47.510308],[-121.805631,47.510058],[-121.805164,47.509259],[-121.805579,47.508878],[-121.805741,47.508402],[-121.806053,47.508449],[-121.808342,47.507873],[-121.808964,47.508111],[-121.809467,47.507518],[-121.809574,47.507265],[-121.80935,47.506895],[-121.809658,47.50691],[-121.808239,47.505239],[-121.803963,47.503523],[-121.79572,47.499637],[-121.80383,47.499592],[-121.805082,47.499936],[-121.805892,47.499645],[-121.807527,47.499403],[-121.80924,47.499698],[-121.810019,47.500078],[-121.810874,47.500222],[-121.81173,47.499687],[-121.812158,47.498679],[-121.812022,47.498106],[-121.812084,47.49757],[-121.812202,47.497554],[-121.811686,47.497124],[-121.811411,47.496635],[-121.811213,47.495747],[-121.81103,47.495544],[-121.811074,47.495283],[-121.813252,47.496135],[-121.81503,47.497279],[-121.826831,47.507952],[-121.833073,47.513074],[-121.835635,47.514442],[-121.837297,47.514946],[-121.839011,47.515236],[-121.841153,47.515312],[-121.842862,47.515147],[-121.854497,47.511921],[-121.856262,47.511557],[-121.856416,47.511891],[-121.856791,47.512107],[-121.857773,47.512103],[-121.85811,47.512294],[-121.858527,47.513012],[-121.859176,47.513647],[-121.859302,47.514274]]],"type":"Polygon"},"properties":{"tract_name":"Census Tract 327.03, King, WA","geoid":"14000US53033032703","ses_index":65,"access_index":34,"kids_per_pitch":102,"median_income":119655,"poverty_rate":2.97,"kids_5_17":203,"facility_count":2,"nearest_facility_km":0.469,"data_year":"ACS 2023 5-year"},"type":"Feature"},{"geometry":{"coordinates":[[[-121.812202,47.497554],[-121.812022,47.498106],[-121.812158,47.498679],[-121.81173,47.499687],[-121.810661,47.500276],[-121.80924,47.499698],[-121.807527,47.499403],[-121.805082,47.499936],[-121.80383,47.499592],[-121.79572,47.499637],[-121.803963,47.503523],[-121.808239,47.505239],[-121.809658,47.50691],[-121.80935,47.506895],[-121.809574,47.507265],[-121.809467,47.507518],[-121.808964,47.508111],[-121.808342,47.507873],[-121.805741,47.508402],[-121.805164,47.509259],[-121.805631,47.510058],[-121.80686,47.510308],[-121.808486,47.509896],[-121.81024,47.511015],[-121.807052,47.511954],[-121.794112,47.512467],[-121.792624,47.510446],[-121.789257,47.510502],[-121.789747,47.511587],[-121.790112,47.511692],[-121.790064,47.512458],[-121.789297,47.512617],[-121.788288,47.511877],[-121.787802,47.512105],[-121.788188,47.513331],[-121.789089,47.513814],[-121.789141,47.514143],[-121.788139,47.514387],[-121.787943,47.514666],[-121.788593,47.515728],[-121.788632,47.516336],[-121.788313,47.516646],[-121.787687,47.516746],[-121.786919,47.518176],[-121.786486,47.518543],[-121.786296,47.51923],[-121.786059,47.520873],[-121.786262,47.52151],[-121.787189,47.522311],[-121.787318,47.523063],[-121.786925,47.52409],[-121.786047,47.524897],[-121.786072,47.52523],[-121.784126,47.524887],[-121.782871,47.524225],[-121.78176,47.522295],[-121.781226,47.522058],[-121.780565,47.522184],[-121.778133,47.521859],[-121.776949,47.521371],[-121.77659,47.52035],[-121.776796,47.520047],[-121.77642,47.519255],[-121.774728,47.518863],[-121.773465,47.517639],[-121.768798,47.516124],[-121.767409,47.515938],[-121.765163,47.515126],[-121.764948,47.514866],[-121.765843,47.513831],[-121.765821,47.513234],[-121.764075,47.511087],[-121.763871,47.509773],[-121.761927,47.505784],[-121.762252,47.505233],[-121.763624,47.504295],[-121.763957,47.50363],[-121.763629,47.501739],[-121.762205,47.497952],[-121.764292,47.496614],[-121.765294,47.495033],[-121.765274,47.494172],[-121.763901,47.491052],[-121.761452,47.488926],[-121.759349,47.487787],[-121.758149,47.486851],[-121.756875,47.484651],[-121.755822,47.484213],[-121.752533,47.483525],[-121.750207,47.48224],[-121.750153,47.481837],[-121.750501,47.481207],[-121.750594,47.47995],[-121.750416,47.479645],[-121.747957,47.47804],[-121.746808,47.476417],[-121.745282,47.475953],[-121.744256,47.475927],[-121.742876,47.476303],[-121.742097,47.476677],[-121.739652,47.479022],[-121.735805,47.48179],[-121.733943,47.482364],[-121.732196,47.48251],[-121.731103,47.48238],[-121.73024,47.481868],[-121.729797,47.481313],[-121.729331,47.479486],[-121.728558,47.478656],[-121.725971,47.477976],[-121.723894,47.478096],[-121.722512,47.478544],[-121.718616,47.480652],[-121.718615,47.480366],[-121.717624,47.480852],[-121.716253,47.480437],[-121.716056,47.479272],[-121.715438,47.47815],[-121.713691,47.477618],[-121.711023,47.477788],[-121.710083,47.477629],[-121.708522,47.477964],[-121.70737,47.478634],[-121.705882,47.47888],[-121.704779,47.478451],[-121.70356,47.477331],[-121.702801,47.477212],[-121.694167,47.479682],[-121.69236,47.478157],[-121.692406,47.475835],[-121.695169,47.477049],[-121.697559,47.476619],[-121.699175,47.476937],[-121.709498,47.473694],[-121.712776,47.472305],[-121.715656,47.471994],[-121.717342,47.472366],[-121.718639,47.472327],[-121.717229,47.471032],[-121.716039,47.469404],[-121.716139,47.465521],[-121.73298,47.471003],[-121.739938,47.47307],[-121.742225,47.473527],[-121.776407,47.473592],[-121.778774,47.473833],[-121.781547,47.474667],[-121.783972,47.476167],[-121.796346,47.48846],[-121.798363,47.490085],[-121.802721,47.492465],[-121.811074,47.495283],[-121.811411,47.496635],[-121.812202,47.497554]]],"type":"Polygon"},"properties":{"tract_name":"Census Tract 327.04, King, WA","geoid":"14000US53033032704","ses_index":77,"access_index":11,"kids_per_pitch":346,"median_income":171544,"poverty_rate":3.97,"kids_5_17":1385,"facility_count":4,"nearest_facility_km":0.977,"data_year":"ACS 2023 5-year"},"type":"Feature"},{"geometry":{"coordinates":[[[-121.8845,47.504626],[-121.883581,47.509035],[-121.866421,47.511412],[-121.856158,47.511572],[-121.842192,47.515235],[-121.838296,47.515141],[-121.834616,47.514003],[-121.833073,47.513074],[-121.826831,47.507952],[-121.814144,47.496638],[-121.8118,47.495521],[-121.802721,47.492465],[-121.798044,47.489857],[-121.795925,47.488052],[-121.784426,47.476568],[-121.782129,47.474942],[-121.77981,47.474072],[-121.777162,47.473626],[-121.758374,47.473643],[-121.75837,47.468596],[-121.758975,47.465546],[-121.758301,47.463598],[-121.758971,47.462735],[-121.757748,47.462019],[-121.757294,47.459527],[-121.756792,47.458408],[-121.757175,47.457076],[-121.756985,47.455002],[-121.757849,47.453967],[-121.759128,47.453391],[-121.7599,47.452508],[-121.759732,47.45201],[-121.758298,47.450809],[-121.757532,47.449408],[-121.757587,47.448341],[-121.758635,47.446982],[-121.758601,47.445004],[-121.758845,47.444143],[-121.759568,47.443177],[-121.764342,47.439413],[-121.767924,47.435978],[-121.767978,47.435393],[-121.767001,47.433879],[-121.766989,47.433348],[-121.768203,47.431407],[-121.771361,47.428936],[-121.772133,47.427865],[-121.777175,47.424867],[-121.780627,47.423551],[-121.783383,47.423052],[-121.783523,47.423429],[-121.784268,47.423317],[-121.787288,47.422255],[-121.78894,47.421161],[-121.795337,47.414333],[-121.799823,47.41225],[-121.803531,47.411845],[-121.807437,47.410983],[-121.811283,47.410747],[-121.817112,47.411594],[-121.817845,47.411105],[-121.818775,47.411075],[-121.81963,47.410625],[-121.819551,47.411595],[-121.820467,47.413398],[-121.819903,47.414903],[-121.82253,47.416179],[-121.825237,47.419208],[-121.825553,47.421391],[-121.823456,47.423],[-121.825239,47.424602],[-121.825163,47.424945],[-121.824383,47.425922],[-121.824306,47.42673],[-121.823665,47.42712],[-121.823664,47.427806],[-121.824015,47.428134],[-121.823423,47.42913],[-121.822,47.429953],[-121.821872,47.431386],[-121.821351,47.432111],[-121.819712,47.432193],[-121.81899,47.432655],[-121.817702,47.432661],[-121.815032,47.43366],[-121.81411,47.434154],[-121.812493,47.436303],[-121.811073,47.437367],[-121.810649,47.437455],[-121.810147,47.436656],[-121.807843,47.436641],[-121.807417,47.436501],[-121.80702,47.435751],[-121.80589,47.435728],[-121.806556,47.436286],[-121.806508,47.437024],[-121.808135,47.437903],[-121.807479,47.438521],[-121.807688,47.438818],[-121.810491,47.439473],[-121.810925,47.439811],[-121.810748,47.440434],[-121.809929,47.440927],[-121.809993,47.441453],[-121.80808,47.442494],[-121.809268,47.44316],[-121.809352,47.44372],[-121.808996,47.444291],[-121.810052,47.444202],[-121.81089,47.443361],[-121.812835,47.443092],[-121.814309,47.443617],[-121.816453,47.443544],[-121.817333,47.443944],[-121.821333,47.443337],[-121.822664,47.443489],[-121.82529,47.444381],[-121.827208,47.444443],[-121.828473,47.444819],[-121.827807,47.445603],[-121.824613,47.446725],[-121.82374,47.446652],[-121.8229,47.447027],[-121.822696,47.4474],[-121.823077,47.44771],[-121.826854,47.448479],[-121.831041,47.448205],[-121.831927,47.447564],[-121.832423,47.447517],[-121.834533,47.448062],[-121.838604,47.449962],[-121.840686,47.452328],[-121.842077,47.452961],[-121.843609,47.454491],[-121.843968,47.456023],[-121.843623,47.457583],[-121.844071,47.459655],[-121.844629,47.460821],[-121.846184,47.462734],[-121.847095,47.466195],[-121.847151,47.46744],[-121.846807,47.469015],[-121.846306,47.469918],[-121.846318,47.472659],[-121.847585,47.474438],[-121.849287,47.475424],[-121.853991,47.476688],[-121.855826,47.47688],[-121.855631,47.477128],[-121.854021,47.477192],[-121.853941,47.477542],[-121.854379,47.477795],[-121.856312,47.478092],[-121.857984,47.477612],[-121.859726,47.477563],[-121.86173,47.47789],[-121.863136,47.48284],[-121.869917,47.488399],[-121.871248,47.492052],[-121.872756,47.494642],[-121.873105,47.495826],[-121.87624,47.498684],[-121.877238,47.500236],[-121.877728,47.502232],[-121.878746,47.503542],[-121.879188,47.503856],[-121.8845,47.504626]]],"type":"Polygon"},"properties":{"tract_name":"Census Tract 327.05, King, WA","geoid":"14000US53033032705","ses_index":79,"access_index":0,"kids_per_pitch":1244,"median_income":175827,"poverty_rate":3.44,"kids_5_17":622,"facility_count":0,"nearest_facility_km":5.373,"data_year":"ACS 2023 5-year"},"type":"Feature"},{"geometry":{"coordinates":[[[-121.794791,47.414915],[-121.787288,47.422255],[-121.780627,47.423551],[-121.772133,47.427865],[-121.766989,47.433348],[-121.767924,47.435978],[-121.758942,47.44396],[-121.757532,47.449408],[-121.7599,47.452508],[-121.756985,47.455002],[-121.756792,47.458408],[-121.757748,47.462019],[-121.758971,47.462735],[-121.758374,47.473643],[-121.741109,47.473343],[-121.716139,47.465521],[-121.716039,47.469404],[-121.718639,47.472327],[-121.712776,47.472305],[-121.699175,47.476937],[-121.695169,47.477049],[-121.692406,47.475835],[-121.69236,47.478157],[-121.694167,47.479682],[-121.692647,47.480121],[-121.690847,47.479186],[-121.686606,47.472066],[-121.6832,47.47339],[-121.68068,47.472705],[-121.678832,47.46975],[-121.674062,47.470132],[-121.670544,47.472942],[-121.661357,47.474989],[-121.661019,47.475917],[-121.662771,47.476598],[-121.663749,47.478478],[-121.661692,47.480503],[-121.651238,47.483823],[-121.64672,47.486597],[-121.647904,47.489265],[-121.646111,47.491333],[-121.646032,47.494804],[-121.632493,47.496247],[-121.629601,47.499801],[-121.625252,47.499892],[-121.626393,47.503098],[-121.625284,47.504285],[-121.617923,47.504308],[-121.617895,47.50621],[-121.621596,47.506973],[-121.622096,47.50808],[-121.613461,47.508929],[-121.606325,47.512686],[-121.606818,47.517175],[-121.599935,47.518029],[-121.598683,47.520632],[-121.598614,47.524815],[-121.592884,47.526765],[-121.587405,47.526074],[-121.587556,47.5289],[-121.586334,47.529808],[-121.580227,47.529462],[-121.579197,47.531121],[-121.579339,47.534062],[-121.577281,47.536706],[-121.569584,47.535946],[-121.564908,47.53698],[-121.564305,47.53916],[-121.562808,47.539916],[-121.557872,47.538318],[-121.553435,47.540314],[-121.549052,47.540579],[-121.54808,47.543205],[-121.543477,47.54415],[-121.5414,47.547021],[-121.532688,47.546188],[-121.527972,47.546853],[-121.526396,47.546203],[-121.525516,47.543598],[-121.521444,47.542865],[-121.519779,47.540625],[-121.515745,47.541349],[-121.512782,47.537101],[-121.510481,47.535732],[-121.506624,47.535259],[-121.504022,47.536688],[-121.496809,47.532389],[-121.494696,47.533125],[-121.495222,47.531298],[-121.492173,47.530108],[-121.485104,47.531591],[-121.485077,47.526602],[-121.482453,47.525106],[-121.475471,47.522705],[-121.471982,47.522874],[-121.468973,47.519048],[-121.463655,47.519711],[-121.456052,47.517389],[-121.455767,47.516129],[-121.453974,47.51534],[-121.455364,47.514027],[-121.457114,47.508553],[-121.452546,47.503281],[-121.446256,47.498977],[-121.446609,47.496269],[-121.442607,47.493565],[-121.435188,47.492109],[-121.426743,47.488836],[-121.414052,47.487526],[-121.4055,47.484771],[-121.388913,47.488098],[-121.379735,47.497012],[-121.371169,47.501943],[-121.369644,47.501746],[-121.36338,47.506592],[-121.359315,47.508293],[-121.348452,47.507998],[-121.34128,47.513946],[-121.33271,47.51662],[-121.326998,47.516289],[-121.322393,47.52198],[-121.323232,47.522497],[-121.322666,47.523829],[-121.319626,47.525566],[-121.319817,47.52735],[-121.316557,47.52845],[-121.314484,47.531497],[-121.296916,47.536537],[-121.287514,47.543231],[-121.284597,47.54298],[-121.28199,47.544979],[-121.278069,47.545281],[-121.271648,47.543839],[-121.25931,47.543625],[-121.257722,47.544546],[-121.255505,47.542784],[-121.250127,47.543161],[-121.245786,47.538393],[-121.243038,47.540385],[-121.241475,47.53894],[-121.243053,47.53831],[-121.242691,47.535939],[-121.246074,47.53553],[-121.251392,47.532098],[-121.254392,47.533928],[-121.255762,47.533377],[-121.257195,47.531541],[-121.256961,47.529199],[-121.260622,47.52669],[-121.260682,47.524803],[-121.262019,47.523707],[-121.278914,47.522976],[-121.280911,47.520266],[-121.285534,47.517034],[-121.283391,47.514869],[-121.28651,47.513201],[-121.29195,47.513551],[-121.291306,47.511731],[-121.288647,47.510692],[-121.288473,47.50933],[-121.29222,47.50209],[-121.296571,47.499854],[-121.300347,47.495842],[-121.302698,47.486311],[-121.311166,47.482935],[-121.31154,47.479595],[-121.313501,47.478196],[-121.314962,47.47796],[-121.316223,47.479838],[-121.319365,47.47881],[-121.320646,47.47973],[-121.324552,47.479422],[-121.331991,47.473689],[-121.338673,47.476388],[-121.341599,47.474609],[-121.343316,47.470562],[-121.348117,47.465239],[-121.363923,47.464833],[-121.374892,47.45641],[-121.379259,47.454305],[-121.379105,47.450464],[-121.380714,47.448116],[-121.385275,47.444982],[-121.381455,47.438448],[-121.385247,47.434389],[-121.391936,47.433944],[-121.396807,47.431901],[-121.399915,47.432283],[-121.403087,47.431246],[-121.40848,47.427941],[-121.411214,47.423217],[-121.414065,47.422017],[-121.422815,47.422296],[-121.427373,47.420736],[-121.428378,47.416226],[-121.424199,47.415762],[-121.422305,47.412974],[-121.42282,47.405995],[-121.427476,47.402566],[-121.430356,47.403171],[-121.433816,47.399107],[-121.427357,47.395742],[-121.426104,47.389854],[-121.430013,47.386978],[-121.440509,47.385771],[-121.441484,47.380585],[-121.440121,47.374898],[-121.43777,47.371847],[-121.441125,47.371935],[-121.443939,47.373815],[-121.453003,47.371799],[-121.458978,47.373116],[-121.464195,47.370518],[-121.465951,47.367977],[-121.463456,47.362924],[-121.461257,47.36134],[-121.464064,47.353818],[-121.460301,47.352732],[-121.456074,47.349615],[-121.449748,47.347925],[-121.443834,47.343392],[-121.438423,47.343726],[-121.436793,47.340959],[-121.443105,47.33871],[-121.443323,47.337427],[-121.441659,47.33574],[-121.436682,47.335179],[-121.436436,47.33371],[-121.449433,47.327445],[-121.451494,47.32558],[-121.449679,47.323579],[-121.452841,47.322013],[-121.460784,47.324613],[-121.467877,47.324667],[-121.491056,47.318669],[-121.510638,47.316427],[-121.521134,47.313278],[-121.527684,47.316297],[-121.530271,47.318583],[-121.531029,47.32122],[-121.534301,47.323246],[-121.535274,47.325303],[-121.538567,47.326903],[-121.544176,47.335908],[-121.54831,47.338376],[-121.547895,47.341248],[-121.550562,47.342969],[-121.549687,47.344637],[-121.550461,47.345255],[-121.55473,47.345369],[-121.556915,47.34754],[-121.561791,47.349186],[-121.565153,47.348364],[-121.584051,47.348978],[-121.593031,47.351924],[-121.592393,47.353867],[-121.59532,47.356928],[-121.599524,47.357933],[-121.604602,47.356949],[-121.606755,47.358799],[-121.609379,47.357792],[-121.61782,47.358359],[-121.619638,47.359844],[-121.621588,47.35966],[-121.624046,47.36279],[-121.623679,47.364778],[-121.621864,47.365899],[-121.625056,47.367781],[-121.624895,47.369531],[-121.625808,47.369987],[-121.635425,47.372641],[-121.642458,47.370815],[-121.644105,47.37189],[-121.650934,47.372464],[-121.660601,47.37713],[-121.674523,47.381263],[-121.700695,47.386693],[-121.715633,47.395526],[-121.722482,47.408751],[-121.727969,47.409755],[-121.729083,47.411878],[-121.736684,47.410451],[-121.738347,47.411466],[-121.752363,47.411663],[-121.754548,47.413097],[-121.758349,47.412991],[-121.764757,47.416523],[-121.767458,47.419339],[-121.771885,47.418178],[-121.775426,47.415508],[-121.780052,47.418557],[-121.786182,47.420108],[-121.790362,47.415538],[-121.795337,47.414333],[-121.794791,47.414915]]],"type":"Polygon"},"properties":{"tract_name":"Census Tract 327.06, King, WA","geoid":"14000US53033032706","ses_index":80,"access_index":0,"kids_per_pitch":986,"median_income":181563,"poverty_rate":3.12,"kids_5_17":493,"facility_count":0,"nearest_facility_km":15.737,"data_year":"ACS 2023 5-year"},"type":"Feature"},{"geometry":{"coordinates":[[[-121.844951,47.550403],[-121.829391,47.556292],[-121.814594,47.556887],[-121.81064,47.559374],[-121.798173,47.562456],[-121.793864,47.580468],[-121.791784,47.58352],[-121.792672,47.589396],[-121.788264,47.60036],[-121.788841,47.6022],[-121.803233,47.604448],[-121.80587,47.607618],[-121.802801,47.613763],[-121.805228,47.617193],[-121.814358,47.61919],[-121.824692,47.623628],[-121.827412,47.626697],[-121.826046,47.629715],[-121.82939,47.636126],[-121.826585,47.638988],[-121.829319,47.639092],[-121.829989,47.641035],[-121.830367,47.65154],[-121.82736,47.654864],[-121.821207,47.65828],[-121.818753,47.657888],[-121.813044,47.662144],[-121.812987,47.672194],[-121.811269,47.671631],[-121.807558,47.674114],[-121.812851,47.677765],[-121.804931,47.681469],[-121.805069,47.682944],[-121.802399,47.683152],[-121.800793,47.686217],[-121.797767,47.685942],[-121.796739,47.687887],[-121.792494,47.689803],[-121.791245,47.694418],[-121.785541,47.698007],[-121.780745,47.699112],[-121.775817,47.697827],[-121.770843,47.700705],[-121.763295,47.698705],[-121.754219,47.699334],[-121.752774,47.69667],[-121.747251,47.696438],[-121.746481,47.692682],[-121.733119,47.69176],[-121.726827,47.692739],[-121.722331,47.691249],[-121.722026,47.688677],[-121.715657,47.688721],[-121.708685,47.70539],[-121.712274,47.712534],[-121.712107,47.720615],[-121.719832,47.725767],[-121.718169,47.732617],[-121.713838,47.738191],[-121.69542,47.746564],[-121.671139,47.749402],[-121.666082,47.766651],[-121.666806,47.777211],[-121.455545,47.778426],[-121.455535,47.780576],[-121.119179,47.779933],[-121.119483,47.775839],[-121.11391,47.770248],[-121.107703,47.766683],[-121.110505,47.761597],[-121.110506,47.757827],[-121.10646,47.756806],[-121.101278,47.75714],[-121.0988,47.759105],[-121.094018,47.758184],[-121.089914,47.746321],[-121.082126,47.743025],[-121.078995,47.73919],[-121.081524,47.734468],[-121.084945,47.732297],[-121.08478,47.72991],[-121.087347,47.728629],[-121.083949,47.723068],[-121.069965,47.717829],[-121.066005,47.713603],[-121.067117,47.706272],[-121.079371,47.701964],[-121.090288,47.702834],[-121.090887,47.699067],[-121.094609,47.695034],[-121.105513,47.688815],[-121.121584,47.685213],[-121.123679,47.680208],[-121.128824,47.676181],[-121.128914,47.672155],[-121.123179,47.663326],[-121.125635,47.657159],[-121.131884,47.655664],[-121.131009,47.653122],[-121.133697,47.645605],[-121.131324,47.644472],[-121.125971,47.637403],[-121.127868,47.632101],[-121.125266,47.628128],[-121.118762,47.626971],[-121.113902,47.621945],[-121.113099,47.618986],[-121.120066,47.615675],[-121.120284,47.612823],[-121.117909,47.607208],[-121.11564,47.604197],[-121.111887,47.602515],[-121.111115,47.599715],[-121.113569,47.597288],[-121.11792,47.596758],[-121.119547,47.59144],[-121.13751,47.595742],[-121.142693,47.591993],[-121.152149,47.595578],[-121.172192,47.590233],[-121.170755,47.586006],[-121.172985,47.583384],[-121.169828,47.578559],[-121.171781,47.574323],[-121.176944,47.569742],[-121.176577,47.566932],[-121.178041,47.565738],[-121.182404,47.565227],[-121.188306,47.568731],[-121.194701,47.566125],[-121.208538,47.565957],[-121.216852,47.569773],[-121.224622,47.567232],[-121.22904,47.5655],[-121.232778,47.561176],[-121.232055,47.557817],[-121.234081,47.55567],[-121.233362,47.550567],[-121.235695,47.548474],[-121.234621,47.545578],[-121.243425,47.543007],[-121.243038,47.540385],[-121.245047,47.538686],[-121.246598,47.538676],[-121.250485,47.543342],[-121.255505,47.542784],[-121.257722,47.544546],[-121.271648,47.543839],[-121.278069,47.545281],[-121.287514,47.543231],[-121.296916,47.536537],[-121.314484,47.531497],[-121.316557,47.52845],[-121.319817,47.52735],[-121.319626,47.525566],[-121.322666,47.523829],[-121.322393,47.52198],[-121.326998,47.516289],[-121.33271,47.51662],[-121.34128,47.513946],[-121.348452,47.507998],[-121.359044,47.508348],[-121.363187,47.506702],[-121.369644,47.501746],[-121.379735,47.497012],[-121.389794,47.487661],[-121.4055,47.484771],[-121.442607,47.493565],[-121.446609,47.496269],[-121.446256,47.498977],[-121.457114,47.508553],[-121.453974,47.51534],[-121.456604,47.517811],[-121.464287,47.519781],[-121.468973,47.519048],[-121.471982,47.522874],[-121.482453,47.525106],[-121.485077,47.526602],[-121.485429,47.531718],[-121.492173,47.530108],[-121.495222,47.531298],[-121.494696,47.533125],[-121.496809,47.532389],[-121.504022,47.536688],[-121.506624,47.535259],[-121.510806,47.535859],[-121.515745,47.541349],[-121.519779,47.540625],[-121.521444,47.542865],[-121.525516,47.543598],[-121.526832,47.546468],[-121.540331,47.547223],[-121.543477,47.54415],[-121.54808,47.543205],[-121.549052,47.540579],[-121.557872,47.538318],[-121.562808,47.539916],[-121.564908,47.53698],[-121.569584,47.535946],[-121.577281,47.536706],[-121.580227,47.529462],[-121.586334,47.529808],[-121.587405,47.526074],[-121.592884,47.526765],[-121.598614,47.524815],[-121.599935,47.518029],[-121.606818,47.517175],[-121.606325,47.512686],[-121.613461,47.508929],[-121.622096,47.50808],[-121.617895,47.50621],[-121.617923,47.504308],[-121.625284,47.504285],[-121.626393,47.503098],[-121.625252,47.499892],[-121.629601,47.499801],[-121.632493,47.496247],[-121.646032,47.494804],[-121.646111,47.491333],[-121.647904,47.489265],[-121.64672,47.486597],[-121.661692,47.480503],[-121.663749,47.478478],[-121.661357,47.474989],[-121.670544,47.472942],[-121.674062,47.470132],[-121.678832,47.46975],[-121.68068,47.472705],[-121.6832,47.47339],[-121.686606,47.472066],[-121.692365,47.4801],[-121.703235,47.477204],[-121.705882,47.47888],[-121.714941,47.477869],[-121.717624,47.480852],[-121.725971,47.477976],[-121.728558,47.478656],[-121.73024,47.481868],[-121.732196,47.48251],[-121.735805,47.48179],[-121.742097,47.476677],[-121.745282,47.475953],[-121.750416,47.479645],[-121.750207,47.48224],[-121.756875,47.484651],[-121.763901,47.491052],[-121.765294,47.495033],[-121.762205,47.497952],[-121.763957,47.50363],[-121.761927,47.505784],[-121.765821,47.513234],[-121.765163,47.515126],[-121.773465,47.517639],[-121.777591,47.521737],[-121.781226,47.522058],[-121.783736,47.524736],[-121.78937,47.526066],[-121.799158,47.524166],[-121.806549,47.529469],[-121.812851,47.526693],[-121.820792,47.527093],[-121.824179,47.53152],[-121.827604,47.533345],[-121.827546,47.538056],[-121.841429,47.542872],[-121.844951,47.550403]]],"type":"Polygon"},"properties":{"tract_name":"Census Tract 328, King, WA","geoid":"14000US53033032800","ses_index":65,"access_index":0,"kids_per_pitch":758,"median_income":123750,"poverty_rate":3.68,"kids_5_17":379,"facility_count":0,"nearest_facility_km":20.773,"data_year":"ACS 2023 5-year"},"type":"Feature"}]}